ticker,date,pred,prob_up,meta_bet_size,position,net_return
BBCA.JK,2025-01-02,-1,0.22264421961470798,0.08657499049398346,0.0,0.0
BBCA.JK,2025-01-03,-1,0.23178368791553441,0.17019493640228847,0.0,-0.0
BBCA.JK,2025-01-06,-1,0.2288553866527211,0.06477101417216749,0.0,-0.0
BBCA.JK,2025-01-07,0,0.22457736507741252,0.3987313942004114,0.0,-0.0
BBCA.JK,2025-01-08,0,0.20510072973375743,0.2861327661784981,0.0,0.0
BBCA.JK,2025-01-09,0,0.1688190085496379,0.08929479851298903,0.0,0.0
BBCA.JK,2025-01-10,0,0.18584089855803146,0.11708874536337717,0.0,-0.0
BBCA.JK,2025-01-13,0,0.24306544868637497,0.12501792139939857,0.0,-0.0
BBCA.JK,2025-01-14,0,0.2632204537885238,0.04835090198157338,0.0,-0.0
BBCA.JK,2025-01-15,0,0.17093385440301412,0.022750807119926383,0.0,0.0
BBCA.JK,2025-01-16,-1,0.21624882641142926,0.17229104607204435,0.0,-0.0
BBCA.JK,2025-01-17,0,0.17588951024863872,0.01971314461525723,0.0,0.0
BBCA.JK,2025-01-20,0,0.18527919499438636,0.036182304276698524,0.0,-0.0
BBCA.JK,2025-01-21,0,0.19401533937904356,0.13498992570399082,0.0,-0.0
BBCA.JK,2025-01-22,0,0.18539720163789453,0.22339582980383046,0.0,0.0
BBCA.JK,2025-01-23,0,0.19402920281907055,0.4439069823166051,0.0,0.0
BBCA.JK,2025-01-24,0,0.212052235790942,0.14800039121127823,0.0,-0.0
BBCA.JK,2025-01-30,0,0.18482340300364156,0.09391729325175176,0.0,-0.0
BBCA.JK,2025-01-31,-1,0.14737651169093152,0.09740031842007149,0.0,0.0
BBCA.JK,2025-02-03,-1,0.17988266176866427,0.05080568415722092,0.0,-0.0
BBCA.JK,2025-02-04,0,0.19768154070952196,0.08325628439817477,0.0,-0.0
BBCA.JK,2025-02-05,-1,0.2006553942836527,0.1900976377647379,0.0,-0.0
BBCA.JK,2025-02-06,0,0.1607212617725521,0.08075222473013585,0.0,-0.0
BBCA.JK,2025-02-07,-1,0.13228535810270636,0.0805310585944716,0.0,0.0
BBCA.JK,2025-02-10,-1,0.13102497075688316,0.04310462404271363,0.0,-0.0
BBCA.JK,2025-02-11,-1,0.12365214173147916,0.15733367152410965,0.0,-0.0
BBCA.JK,2025-02-12,-1,0.11917652504205513,0.07317019035345991,0.0,0.0
BBCA.JK,2025-02-13,-1,0.12610242893604307,0.1367157889143231,0.0,-0.0
BBCA.JK,2025-02-14,-1,0.12594101877858885,0.2292576732431447,0.0,-0.0
BBCA.JK,2025-02-17,-1,0.11144131175413136,0.07624252232089176,0.0,0.0
BBCA.JK,2025-02-18,-1,0.11688273720028702,0.05173268733678259,0.0,-0.0
BBCA.JK,2025-02-19,-1,0.14009720538847611,0.039560789974467686,0.0,-0.0
BBCA.JK,2025-02-20,-1,0.13701819527982406,0.07254147240103502,0.0,0.0
BBCA.JK,2025-02-21,-1,0.13548063654881173,0.2021356306538197,0.0,0.0
BBCA.JK,2025-02-24,-1,0.13033466463211238,0.25099347146556994,0.0,-0.0
BBCA.JK,2025-02-25,-1,0.14820277046007002,0.2601033910203698,0.0,-0.0
BBCA.JK,2025-02-26,0,0.14858071348929963,0.2091779013958053,0.0,-0.0
BBCA.JK,2025-02-27,0,0.1512673368462233,0.07736318607307562,0.0,-0.0
BBCA.JK,2025-02-28,0,0.16071284153583404,0.11438466333216374,0.0,-0.0
BBCA.JK,2025-03-03,0,0.17438422618539637,0.08539615286627232,0.0,0.0
BBCA.JK,2025-03-04,0,0.17405720073409514,0.03246073455771587,0.0,0.0
BBCA.JK,2025-03-05,0,0.18889915114549244,0.09205985469022393,0.0,0.0
BBCA.JK,2025-03-06,0,0.17939221436487557,0.14599937729241622,0.0,-0.0
BBCA.JK,2025-03-07,0,0.1757036270633302,0.08972265222408428,0.0,-0.0
BBCA.JK,2025-03-10,0,0.16645705599548472,0.038862845147463895,0.0,0.0
BBCA.JK,2025-03-11,0,0.16703484538508134,0.021467263601411525,0.0,0.0
BBCA.JK,2025-03-12,0,0.15771431608649283,0.020700551937290878,0.0,0.0
BBCA.JK,2025-03-13,0,0.163575603239471,0.03625371636330813,0.0,-0.0
BBCA.JK,2025-03-14,0,0.16889376050071703,0.02325837956706939,0.0,-0.0
BBCA.JK,2025-03-17,0,0.18090403481711576,0.1286536021519016,0.0,-0.0
BBCA.JK,2025-03-18,0,0.183220184247882,0.03285168249581582,0.0,-0.0
BBCA.JK,2025-03-19,0,0.18713323298966852,0.24960940762427894,0.0,0.0
BBCA.JK,2025-03-20,0,0.18582439901789755,0.2608603868239488,0.0,0.0
BBCA.JK,2025-03-21,0,0.19114923535191522,0.05775192149949406,0.0,-0.0
BBCA.JK,2025-03-24,0,0.20210352878737137,0.07045459536295598,0.0,0.0
BBCA.JK,2025-03-25,0,0.18878408406154829,0.0467837302700175,0.0,0.0
BBCA.JK,2025-03-26,0,0.1961392460309139,0.041114367687530455,0.0,0.0
BBCA.JK,2025-03-27,0,0.18774693178383484,0.04577486244560396,0.0,-0.0
BBCA.JK,2025-04-08,0,0.17593728767929318,0.062496835862062505,0.0,-0.0
BBCA.JK,2025-04-09,0,0.15814924669720645,0.06437230776369081,0.0,0.0
BBCA.JK,2025-04-10,0,0.17128984874976563,0.033218072339660246,0.0,0.0
BBCA.JK,2025-04-11,0,0.17252815884713357,0.07899262060447086,0.0,0.0
BBCA.JK,2025-04-14,0,0.1646189528677732,0.11276179110680361,0.0,0.0
BBCA.JK,2025-04-15,0,0.15125601341723996,0.11275147943533924,0.0,0.0
BBCA.JK,2025-04-16,0,0.14361980691746803,0.06256790905479834,0.0,-0.0
BBCA.JK,2025-04-17,0,0.1498681348801122,0.06771655136070473,0.0,0.0
BBCA.JK,2025-04-21,0,0.15091790705099173,0.08631914131881956,0.0,-0.0
BBCA.JK,2025-04-22,0,0.14236348092308024,0.13059373758728135,0.0,0.0
BBCA.JK,2025-04-23,0,0.1290868005578647,0.060794018278513384,0.0,0.0
BBCA.JK,2025-04-24,0,0.14554424734520802,0.015520869065756324,0.0,-0.0
BBCA.JK,2025-04-25,0,0.15246621069043587,0.10575569443286767,0.0,0.0
BBCA.JK,2025-04-28,0,0.14886834152520342,0.07762942891109119,0.0,0.0
BBCA.JK,2025-04-29,0,0.15588534334377518,0.12027121886849261,0.0,-0.0
BBCA.JK,2025-04-30,0,0.13827455606025163,0.25095465636535985,0.0,0.0
BBCA.JK,2025-05-02,0,0.11136155037208807,0.23680199264448049,0.0,0.0
BBCA.JK,2025-05-05,0,0.1265338975157734,0.2452384354357938,0.0,0.0
BBCA.JK,2025-05-06,0,0.11802835496380042,0.25083138832206536,0.0,0.0
BBCA.JK,2025-05-07,-1,0.138692938272751,0.2999913859767699,0.0,0.0
BBCA.JK,2025-05-08,-1,0.14432251855347814,0.2421094813994072,0.0,-0.0
BBCA.JK,2025-05-09,-1,0.14163772010375897,0.1523873031293832,0.0,0.0
BBCA.JK,2025-05-14,-1,0.11532920520251683,0.16038693659100847,0.0,0.0
BBCA.JK,2025-05-15,-1,0.11773682577004017,0.12974733165850427,0.0,0.0
BBCA.JK,2025-05-16,-1,0.1210797383196511,0.276415310323458,0.0,0.0
BBCA.JK,2025-05-19,-1,0.1301713876146025,0.4389113996521415,0.0,0.0
BBCA.JK,2025-05-20,-1,0.1373009839879416,0.2634480765735711,0.0,-0.0
BBCA.JK,2025-05-21,-1,0.12288267857271908,0.5463703521325777,0.0,0.0
BBCA.JK,2025-05-22,-1,0.11890908960591134,0.45169266632914606,0.0,-0.0
BBCA.JK,2025-05-23,-1,0.13803381695944508,0.6007837338834192,0.0,0.0
BBCA.JK,2025-05-26,-1,0.15690442149136594,0.12120071145388162,0.0,-0.0
BBCA.JK,2025-05-27,-1,0.18621054492089253,0.10791943457348942,0.0,-0.0
BBCA.JK,2025-05-28,0,0.18563295810980907,0.2508329220721531,0.0,-0.0
BBCA.JK,2025-06-02,0,0.1422490198846127,0.30539320153569605,0.0,-0.0
BBCA.JK,2025-06-03,0,0.14510677354966783,0.48464607605663373,0.0,-0.0
BBCA.JK,2025-06-04,0,0.15060172071509303,0.5331593864395446,0.0,-0.0
BBCA.JK,2025-06-05,0,0.155446729380111,0.6093936666237247,0.0,-0.0
BBCA.JK,2025-06-10,0,0.1317998010376429,0.5413607316115122,0.0,0.0
BBCA.JK,2025-06-11,0,0.13914121510290728,0.7709414225995599,0.0,-0.0
BBCA.JK,2025-06-12,-1,0.2075067067256039,0.7626843806674084,0.0,0.0
BBCA.JK,2025-06-13,-1,0.2027974300859877,0.5476520248190637,0.0,-0.0
BBCA.JK,2025-06-16,-1,0.23502599591169165,0.3294965838311727,0.0,-0.0
BBCA.JK,2025-06-17,-1,0.22477071069891644,0.22730233375737452,0.0,0.0
BBCA.JK,2025-06-18,0,0.22816560216521187,0.0805758843511708,0.0,-0.0
BBCA.JK,2025-06-19,-1,0.22757610381799423,0.2541771787404656,0.0,-0.0
BBCA.JK,2025-06-20,0,0.20720875817132098,0.12327449231293515,0.0,-0.0
BBCA.JK,2025-06-23,0,0.2224456858571903,0.0697371760227057,0.0,-0.0
BBCA.JK,2025-06-24,-1,0.21570179327179131,0.024500858651154117,0.0,0.0
BBCA.JK,2025-06-25,0,0.21923283629757778,0.06060313516456978,0.0,-0.0
BBCA.JK,2025-06-26,-1,0.21986805497482373,0.1978852410737403,0.0,0.0
BBCA.JK,2025-06-30,0,0.17165656178382266,0.12496594127726797,0.0,0.0
BBCA.JK,2025-07-01,0,0.1722471934888691,0.0904473143949249,0.0,0.0
BBCA.JK,2025-07-02,0,0.17484598938579796,0.17826180635339967,0.0,-0.0
BBCA.JK,2025-07-03,0,0.16634885044407458,0.0414066454181905,0.0,-0.0
BBCA.JK,2025-07-04,0,0.15421011065386722,0.07276605575450654,0.0,0.0
BBCA.JK,2025-07-07,0,0.1611261534546071,0.1290690571352244,0.0,-0.0
BBCA.JK,2025-07-08,0,0.1636684510331428,0.04082814417190596,0.0,-0.0
BBCA.JK,2025-07-09,0,0.16955230006166253,0.08807002872890034,0.0,0.0
BBCA.JK,2025-07-10,-1,0.14504032302172082,0.11488367563765567,0.0,0.0
BBCA.JK,2025-07-11,-1,0.173365752199103,0.19548514534448838,0.0,0.0
BBCA.JK,2025-07-14,0,0.14682654203436674,0.19149845052282877,0.0,-0.0
BBCA.JK,2025-07-15,-1,0.15563929021957634,0.18975745224612808,0.0,0.0
BBCA.JK,2025-07-16,-1,0.21543417392062247,0.07700285851583691,0.0,-0.0
BBCA.JK,2025-07-17,-1,0.20523371752427513,0.02076182838483279,0.0,0.0
BBCA.JK,2025-07-18,-1,0.24882609249250848,0.02813853716855637,0.0,-0.0
BBCA.JK,2025-07-21,-1,0.2500891150357047,0.028887882246373654,0.0,0.0
BBCA.JK,2025-07-22,-1,0.2602525836601373,0.06925644613223395,0.0,-0.0
BBCA.JK,2025-07-23,-1,0.2582759313048409,0.1299003787466024,0.0,0.0
BBCA.JK,2025-07-24,-1,0.2234588505710377,0.11900985769416851,0.0,0.0
BBCA.JK,2025-07-25,-1,0.2551823643544576,0.08968261372612234,0.0,-0.0
BBCA.JK,2025-07-28,-1,0.2501086507285078,0.032520425198975605,0.0,0.0
BBCA.JK,2025-07-29,-1,0.2771007568976783,0.025807681965479116,0.0,-0.0
BBCA.JK,2025-07-30,-1,0.2775060938049744,0.03489074377980368,0.0,-0.0
BBCA.JK,2025-07-31,-1,0.2858842160263244,0.05555508637682307,0.0,-0.0
BBCA.JK,2025-08-01,-1,0.28780607917814055,0.029891949264941042,0.0,0.0
BBCA.JK,2025-08-04,1,0.4167128698554845,0.05074119104868642,0.0,-0.0
BBCA.JK,2025-08-05,-1,0.3402621895424518,0.041355991431484114,0.0,0.0
BBCA.JK,2025-08-06,-1,0.37638804461456093,0.038671169803896996,0.0,-0.0
BBCA.JK,2025-08-07,1,0.39942601421484025,0.08084240120446926,0.0,0.0
BBCA.JK,2025-08-08,1,0.44550672850340095,0.039155410308072666,0.0,0.0
BBCA.JK,2025-08-11,-1,0.2716141395635607,0.035171721233584724,0.0,0.0
BBCA.JK,2025-08-12,-1,0.21642077880918176,0.02945722782376869,0.0,0.0
BBCA.JK,2025-08-13,-1,0.21344479790187246,0.24829022459585529,0.0,0.0
BBCA.JK,2025-08-14,-1,0.18614810662118844,0.16414973636817987,0.0,-0.0
BBCA.JK,2025-08-15,-1,0.21415974037180396,0.0290057939564704,0.0,-0.0
BBCA.JK,2025-08-19,-1,0.17144232444609644,0.023319673333527545,0.0,-0.0
BBCA.JK,2025-08-20,-1,0.1641851825003925,0.013697213246754129,0.0,0.0
BBCA.JK,2025-08-21,-1,0.15628802212904241,0.035595953021141324,0.0,0.0
BBCA.JK,2025-08-22,-1,0.16987717248704196,0.03960817441322152,0.0,-0.0
BBCA.JK,2025-08-25,-1,0.16817671362713552,0.08472987993891833,0.0,0.0
BBCA.JK,2025-08-26,-1,0.1858273697516305,0.15155070672501678,0.0,-0.0
BBCA.JK,2025-08-27,-1,0.18594708512047559,0.32345691152018163,0.0,0.0
BBCA.JK,2025-08-28,0,0.15944624831212134,0.3613585074222078,0.0,0.0
BBCA.JK,2025-08-29,0,0.18785001470453494,0.20020533955212833,0.0,-0.0
BBCA.JK,2025-09-01,0,0.18100673383779922,0.2059278381523802,0.0,-0.0
BBCA.JK,2025-09-02,0,0.18074279512687688,0.24918242934362136,0.0,0.0
BBCA.JK,2025-09-03,0,0.18308429077546093,0.3699776906012883,0.0,-0.0
BBCA.JK,2025-09-04,0,0.22109409077480308,0.4373609954664554,0.0,0.0
BBCA.JK,2025-09-08,0,0.18858826876698787,0.5732739599528474,0.0,-0.0
BBCA.JK,2025-09-09,0,0.19695610087402424,0.6038952493678333,0.0,-0.0
BBCA.JK,2025-09-10,0,0.17864037414027312,0.2212875203772137,0.0,0.0
BBCA.JK,2025-09-11,0,0.17751757924029443,0.3435698483506004,0.0,0.0
BBCA.JK,2025-09-12,0,0.17183021832402567,0.34436541589251796,0.0,0.0
BBCA.JK,2025-09-15,0,0.16715243467037968,0.40137992024143226,0.0,0.0
BBCA.JK,2025-09-16,0,0.17198772845998245,0.4002539583653052,0.0,-0.0
BBCA.JK,2025-09-17,0,0.1768696436941796,0.6430918728532191,0.0,-0.0
BBCA.JK,2025-09-18,0,0.17938349521800395,0.47560432558788235,0.0,-0.0
BBCA.JK,2025-09-19,0,0.18391686413244368,0.25697214750717834,0.0,0.0
BBCA.JK,2025-09-22,0,0.23489309054030125,0.3700076818461049,0.0,-0.0
BBCA.JK,2025-09-23,0,0.22882287157976114,0.18360085153394562,0.0,0.0
BBCA.JK,2025-09-24,0,0.1829367142059993,0.21491441224324287,0.0,-0.0
BBCA.JK,2025-09-25,0,0.17900365299191429,0.2993404965660618,0.0,-0.0
BBCA.JK,2025-09-26,0,0.2351183991593473,0.3194281116057073,0.0,-0.0
BBCA.JK,2025-09-29,0,0.23909996846477816,0.2510737769161331,0.0,0.0
BBCA.JK,2025-09-30,1,0.40566809080839505,0.38043877160779727,0.0,-0.0
BBCA.JK,2025-10-01,1,0.42172326564767637,0.4923746073237954,0.0,-0.0
BBCA.JK,2025-10-02,1,0.45657283554995787,0.7013874132492255,0.0,0.0
BBCA.JK,2025-10-03,1,0.47777328426075844,0.6097324837703951,1.0,0.001833376594509163
BBCA.JK,2025-10-06,1,0.4913692243954699,0.5720840139481084,1.0,-0.003322302110414288
BBCA.JK,2025-10-07,1,0.45772677938413586,0.6554077282939612,0.0,-0.0025
BBCA.JK,2025-10-08,1,0.4839328410944858,0.20368052823731322,1.0,-0.027902643181031028
BBCA.JK,2025-10-09,1,0.38311747047309697,0.5491145619928915,0.0,-0.0025
BBCA.JK,2025-10-10,0,0.3067561214572225,0.3678929543430857,0.0,-0.0
BBCA.JK,2025-10-13,1,0.43640626164607843,0.5255543160605969,0.0,-0.0
BBCA.JK,2025-10-14,1,0.4450640791393643,0.5170585990102239,0.0,-0.0
BBCA.JK,2025-10-15,1,0.44951627137361216,0.4029276847673051,0.0,0.0
BBCA.JK,2025-10-16,1,0.42890005229156036,0.7015176567865614,0.0,0.0
BBCA.JK,2025-10-17,1,0.3864147139854664,0.40761354946737927,1.0,0.025897263173281948
BBCA.JK,2025-10-20,0,0.2225178534202943,0.37727262190339766,0.0,-0.0025
BBCA.JK,2025-10-21,0,0.16443712319818166,0.5684201013551313,0.0,0.0
BBCA.JK,2025-10-22,0,0.16504148989371806,0.5261431301070965,0.0,-0.0
BBCA.JK,2025-10-23,0,0.16301900465564514,0.28482072275685244,0.0,0.0
BBCA.JK,2025-10-24,0,0.1666535852657789,0.3686363324726961,0.0,-0.0
BBCA.JK,2025-10-27,0,0.16139442992034395,0.4288164897727687,0.0,0.0
BBCA.JK,2025-10-28,0,0.15993833779971917,0.509107879400167,0.0,-0.0
BBCA.JK,2025-10-29,0,0.15135565858411393,0.3318262319389437,0.0,0.0
BBCA.JK,2025-10-30,0,0.1548906356485394,0.35984143193038604,0.0,-0.0
BBCA.JK,2025-10-31,0,0.15436922030922762,0.5213740797785997,0.0,0.0
BBCA.JK,2025-11-03,0,0.15012829358937732,0.2984935526843043,0.0,0.0
BBCA.JK,2025-11-04,0,0.15860955898669868,0.464985949833927,0.0,0.0
BBCA.JK,2025-11-05,0,0.15675511726742314,0.45048200429127905,0.0,0.0
BBCA.JK,2025-11-06,0,0.1605211824622032,0.5746561182413339,0.0,-0.0
BBCA.JK,2025-11-07,0,0.15835850450308972,0.3772229505329641,0.0,0.0
BBCA.JK,2025-11-10,0,0.16797366028103328,0.6333710849598159,0.0,-0.0
BBCA.JK,2025-11-11,0,0.2600394712346356,0.248759656266938,0.0,-0.0
BBCA.JK,2025-11-12,1,0.34524386863213763,0.664868982322655,0.0,0.0
BBCA.JK,2025-11-13,-1,0.27164525045963656,0.690259998598061,1.0,-0.016205831564361117
BBCA.JK,2025-11-14,1,0.38538632167546916,0.3865933492691249,0.0,-0.0025
BBCA.JK,2025-11-17,-1,0.3408002556796976,0.2614882424652779,0.0,0.0
BBCA.JK,2025-11-18,1,0.39337639660327167,0.061357992025624294,0.0,-0.0
BBCA.JK,2025-11-19,1,0.3421220869129266,0.16914699825988994,0.0,0.0
BBCA.JK,2025-11-20,1,0.38078352958741446,0.25112853361652926,0.0,-0.0
BBCA.JK,2025-11-21,1,0.3906778375263203,0.3464075880352204,0.0,-0.0
BBCA.JK,2025-11-24,0,0.24266557956279147,0.5077399406107075,0.0,0.0
BBCA.JK,2025-11-25,0,0.24270526823622177,0.36474665699912084,0.0,0.0
BBCA.JK,2025-11-26,0,0.2613526129627981,0.39227431985270445,0.0,-0.0
BBCA.JK,2025-11-27,0,0.2643329148944613,0.2914030692056891,0.0,-0.0
BBCA.JK,2025-11-28,0,0.26680961124510105,0.6560086808594995,0.0,-0.0
BBCA.JK,2025-12-01,0,0.22830815716113206,0.30610405844640515,0.0,0.0
BBCA.JK,2025-12-02,0,0.24052910029805927,0.24145665300879318,0.0,-0.0
BBCA.JK,2025-12-03,0,0.2863424483846998,0.24588744690451095,0.0,-0.0
BBCA.JK,2025-12-04,0,0.311185053850912,0.19027318154451872,0.0,-0.0
BBCA.JK,2025-12-05,0,0.26794976604211734,0.05859157272159214,0.0,0.0
BBCA.JK,2025-12-08,0,0.2779400766132032,0.05384545304137341,0.0,0.0
BBCA.JK,2025-12-09,0,0.346946065232704,0.0835483732227712,0.0,-0.0
BBCA.JK,2025-12-10,0,0.3184081327477487,0.2854860227666969,0.0,-0.0
BBCA.JK,2025-12-11,0,0.30764573428175945,0.2668931326793497,0.0,-0.0
BBCA.JK,2025-12-12,0,0.36081889992921234,0.08882061981386065,0.0,0.0
BBCA.JK,2025-12-15,0,0.3347643913087928,0.2748181080205238,0.0,0.0
BBCA.JK,2025-12-16,0,0.2278599621930982,0.1909167156365812,0.0,-0.0
BBCA.JK,2025-12-17,0,0.208755176220165,0.19780933861759623,0.0,-0.0
BBCA.JK,2025-12-18,0,0.18459586096105499,0.0764242883401138,0.0,0.0
BBCA.JK,2025-12-19,0,0.1900824302415124,0.26280512593225475,0.0,-0.0
BBCA.JK,2025-12-22,0,0.18751342470440885,0.13351767667082476,0.0,0.0
BBCA.JK,2025-12-23,0,0.18912458444495733,0.10400356048366999,0.0,-0.0
BBCA.JK,2025-12-24,0,0.18444027328456578,0.22467306513006602,0.0,0.0
BBCA.JK,2025-12-29,0,0.17935758534394716,0.2653833556469683,0.0,0.0
BMRI.JK,2025-01-02,0,0.30741784999998506,0.743317811477676,0.0,0.0
BMRI.JK,2025-01-03,0,0.30741784999998506,0.7547395533077236,0.0,-0.0
BMRI.JK,2025-01-06,0,0.3092146525946098,0.8672898039393323,0.0,-0.0
BMRI.JK,2025-01-07,0,0.3180317171787436,0.830650107322887,0.0,-0.0
BMRI.JK,2025-01-08,0,0.31534861365668065,0.915904841457426,0.0,0.0
BMRI.JK,2025-01-09,0,0.3111098849784185,0.8112661018062426,0.0,0.0
BMRI.JK,2025-01-10,0,0.3137734521415904,0.8285828011774811,0.0,-0.0
BMRI.JK,2025-01-13,0,0.3180317171787436,0.8173177598491393,0.0,-0.0
BMRI.JK,2025-01-14,0,0.3134393082509135,0.8681520477067574,0.0,-0.0
BMRI.JK,2025-01-15,0,0.30741784999998506,0.856480153307606,0.0,0.0
BMRI.JK,2025-01-16,0,0.3071177948078664,0.651061292945501,0.0,0.0
BMRI.JK,2025-01-17,0,0.3071177948078664,0.8797853421519232,0.0,0.0
BMRI.JK,2025-01-20,-1,0.31214029950247607,0.8434940741684168,0.0,0.0
BMRI.JK,2025-01-21,-1,0.31214029950247607,0.9806035792674276,0.0,0.0
BMRI.JK,2025-01-22,-1,0.31214029950247607,0.8943265819302469,0.0,0.0
BMRI.JK,2025-01-23,-1,0.31214029950247607,0.8886031157949592,0.0,0.0
BMRI.JK,2025-01-24,-1,0.31214029950247607,0.8750829551457259,0.0,-0.0
BMRI.JK,2025-01-30,0,0.30912316055760863,0.9511874417297378,0.0,-0.0
BMRI.JK,2025-01-31,0,0.30912316055760863,0.9737231067633992,0.0,-0.0
BMRI.JK,2025-02-03,0,0.3105338013076476,0.9593338905531916,0.0,-0.0
BMRI.JK,2025-02-04,0,0.316207132570415,0.8504298573997204,0.0,-0.0
BMRI.JK,2025-02-05,0,0.3143275844846383,0.8205042895403171,0.0,-0.0
BMRI.JK,2025-02-06,0,0.30976436819966663,0.8645555628913222,0.0,-0.0
BMRI.JK,2025-02-07,0,0.31301407541915893,0.8175477554984193,0.0,0.0
BMRI.JK,2025-02-10,0,0.31301407541915893,0.895598177141911,0.0,-0.0
BMRI.JK,2025-02-11,0,0.3133231140028491,0.8619962249903786,0.0,-0.0
BMRI.JK,2025-02-12,0,0.3133231140028491,0.907486714078334,0.0,0.0
BMRI.JK,2025-02-13,0,0.3090993193721486,0.6394582512166909,0.0,0.0
BMRI.JK,2025-02-14,0,0.3109325404070489,0.6751239131397939,0.0,0.0
BMRI.JK,2025-02-17,0,0.305398504082169,0.7449535429949575,0.0,0.0
BMRI.JK,2025-02-18,0,0.3085621641995743,0.7171172373746532,0.0,0.0
BMRI.JK,2025-02-19,0,0.30752193506142195,0.7470980998735844,0.0,-0.0
BMRI.JK,2025-02-20,0,0.3151699582857835,0.9231732427000664,0.0,-0.0
BMRI.JK,2025-02-21,0,0.3151699582857835,0.9371607619825982,0.0,-0.0
BMRI.JK,2025-02-24,0,0.3151699582857835,0.94569403424959,0.0,-0.0
BMRI.JK,2025-02-25,0,0.3133231140028491,0.946646046764743,0.0,-0.0
BMRI.JK,2025-02-26,0,0.3151699582857835,0.8841511596349031,0.0,0.0
BMRI.JK,2025-02-27,0,0.3133231140028491,0.7279885810142477,0.0,-0.0
BMRI.JK,2025-02-28,0,0.3133231140028491,0.7842981580134512,0.0,-0.0
BMRI.JK,2025-03-03,0,0.31276267055317014,0.7448302438670292,0.0,0.0
BMRI.JK,2025-03-04,0,0.31276267055317014,0.7229993469362476,0.0,-0.0
BMRI.JK,2025-03-05,0,0.31276267055317014,0.8672090728594032,0.0,0.0
BMRI.JK,2025-03-06,0,0.31276267055317014,0.8109767961564767,0.0,0.0
BMRI.JK,2025-03-07,0,0.31276267055317014,0.8291168038600574,0.0,-0.0
BMRI.JK,2025-03-10,0,0.3151793308132276,0.9099970553910347,0.0,-0.0
BMRI.JK,2025-03-11,0,0.31701355513296253,0.8860215273724125,0.0,0.0
BMRI.JK,2025-03-12,0,0.31276267055317014,0.80171889624601,0.0,0.0
BMRI.JK,2025-03-13,0,0.31276267055317014,0.927758454225028,0.0,-0.0
BMRI.JK,2025-03-14,0,0.31276267055317014,0.9767543007369117,0.0,0.0
BMRI.JK,2025-03-17,0,0.3216337995317205,0.9059504418690263,0.0,-0.0
BMRI.JK,2025-03-18,0,0.3151793308132276,0.8493581704076968,0.0,-0.0
BMRI.JK,2025-03-19,0,0.31701355513296253,0.7852233804277714,0.0,0.0
BMRI.JK,2025-03-20,0,0.3151793308132276,0.6411505682206734,0.0,-0.0
BMRI.JK,2025-03-21,0,0.3151793308132276,0.702329182465944,0.0,-0.0
BMRI.JK,2025-03-24,0,0.3151793308132276,0.6735580967995853,0.0,0.0
BMRI.JK,2025-03-25,0,0.30726522292288494,0.7193656479149106,0.0,0.0
BMRI.JK,2025-03-26,0,0.3085035881061789,0.8767825899323612,0.0,0.0
BMRI.JK,2025-03-27,0,0.3085035881061789,0.9213635296569488,0.0,0.0
BMRI.JK,2025-04-08,0,0.31687177950400286,0.8975792291804165,0.0,-0.0
BMRI.JK,2025-04-09,0,0.3149073031636488,0.9826575738766102,0.0,0.0
BMRI.JK,2025-04-10,0,0.31272292683625724,0.9367394346685489,0.0,0.0
BMRI.JK,2025-04-11,0,0.3085035881061789,0.9692330989367691,0.0,0.0
BMRI.JK,2025-04-14,0,0.3085035881061789,0.8941038168627614,0.0,0.0
BMRI.JK,2025-04-15,0,0.3085035881061789,0.9371055392524309,0.0,-0.0
BMRI.JK,2025-04-16,0,0.3085035881061789,0.9791902416554961,0.0,-0.0
BMRI.JK,2025-04-17,0,0.31272292683625724,0.9805196464734413,0.0,-0.0
BMRI.JK,2025-04-21,0,0.31272292683625724,0.9760433140931232,0.0,0.0
BMRI.JK,2025-04-22,0,0.3085035881061789,0.9404373068234002,0.0,0.0
BMRI.JK,2025-04-23,0,0.3085035881061789,0.84640740885943,0.0,0.0
BMRI.JK,2025-04-24,0,0.3085035881061789,0.9209416924048831,0.0,-0.0
BMRI.JK,2025-04-25,0,0.3130566552559104,0.8694613558061836,0.0,0.0
BMRI.JK,2025-04-28,0,0.3130566552559104,0.8981990381290156,0.0,0.0
BMRI.JK,2025-04-29,0,0.3141117373608409,0.8245910257274993,0.0,0.0
BMRI.JK,2025-04-30,0,0.3141117373608409,0.9665343556677539,0.0,-0.0
BMRI.JK,2025-05-02,0,0.3141117373608409,0.7401770254139888,0.0,0.0
BMRI.JK,2025-05-05,0,0.3141117373608409,0.7866439481282129,0.0,0.0
BMRI.JK,2025-05-06,0,0.3141117373608409,0.9732272753852391,0.0,0.0
BMRI.JK,2025-05-07,0,0.3172078919582065,0.9705033499910533,0.0,-0.0
BMRI.JK,2025-05-08,0,0.3181944366204541,0.8424714333541101,0.0,-0.0
BMRI.JK,2025-05-09,0,0.31977591376400005,0.6890819848707224,0.0,-0.0
BMRI.JK,2025-05-14,0,0.3085621641995743,0.4382379815592273,0.0,0.0
BMRI.JK,2025-05-15,0,0.3085035881061789,0.680139459697077,0.0,0.0
BMRI.JK,2025-05-16,0,0.3052215461225882,0.755820426363016,0.0,0.0
BMRI.JK,2025-05-19,0,0.3052215461225882,0.849836756662693,0.0,0.0
BMRI.JK,2025-05-20,0,0.30627917692057355,0.9206492333704357,0.0,-0.0
BMRI.JK,2025-05-21,0,0.30627917692057355,0.955093558298704,0.0,0.0
BMRI.JK,2025-05-22,0,0.31048175267952294,0.9641586297389722,0.0,0.0
BMRI.JK,2025-05-23,0,0.30627917692057355,0.9128414771968978,0.0,-0.0
BMRI.JK,2025-05-26,0,0.30627917692057355,0.8760570108156247,0.0,0.0
BMRI.JK,2025-05-27,0,0.3101868105098531,0.9733078422737368,0.0,-0.0
BMRI.JK,2025-05-28,0,0.31132671347849716,0.9778266062370711,0.0,-0.0
BMRI.JK,2025-06-02,0,0.3119353397283878,0.7024426565946552,0.0,-0.0
BMRI.JK,2025-06-03,0,0.31651587180725854,0.629210569033871,0.0,-0.0
BMRI.JK,2025-06-04,0,0.31651587180725854,0.599250357665543,0.0,-0.0
BMRI.JK,2025-06-05,0,0.3122686095404054,0.4478956079863346,0.0,0.0
BMRI.JK,2025-06-10,0,0.30772186948821534,0.37573267929680687,0.0,0.0
BMRI.JK,2025-06-11,0,0.30772186948821534,0.39604449837707795,0.0,-0.0
BMRI.JK,2025-06-12,0,0.30772186948821534,0.5745631919610196,0.0,-0.0
BMRI.JK,2025-06-13,0,0.3116290313382221,0.8662656322558699,0.0,-0.0
BMRI.JK,2025-06-16,0,0.3116290313382221,0.8169710447691243,0.0,0.0
BMRI.JK,2025-06-17,0,0.316207132570415,0.8308942113463499,0.0,-0.0
BMRI.JK,2025-06-18,0,0.319955960212024,0.8835905545672804,0.0,-0.0
BMRI.JK,2025-06-19,0,0.3180317171787436,0.9230372185650263,0.0,-0.0
BMRI.JK,2025-06-20,0,0.3213853357599953,0.721700512505707,0.0,-0.0
BMRI.JK,2025-06-23,0,0.3213853357599953,0.8537465789951721,0.0,-0.0
BMRI.JK,2025-06-24,0,0.3189919032201827,0.30948215713771926,0.0,0.0
BMRI.JK,2025-06-25,0,0.3213853357599953,0.7777866650168401,0.0,-0.0
BMRI.JK,2025-06-26,0,0.3189919032201827,0.3446652701114862,0.0,0.0
BMRI.JK,2025-06-30,0,0.31676699388289536,0.7922795118101276,0.0,-0.0
BMRI.JK,2025-07-01,0,0.31676699388289536,0.8162367301078901,0.0,-0.0
BMRI.JK,2025-07-02,0,0.31676699388289536,0.9051797364744926,0.0,0.0
BMRI.JK,2025-07-03,0,0.31676699388289536,0.8145473021638175,0.0,-0.0
BMRI.JK,2025-07-04,0,0.31251790265516244,0.7029837102734094,0.0,0.0
BMRI.JK,2025-07-07,0,0.31251790265516244,0.7433941781506905,0.0,0.0
BMRI.JK,2025-07-08,0,0.31251790265516244,0.8100409158938517,0.0,-0.0
BMRI.JK,2025-07-09,0,0.31710304678302687,0.7883784060658929,0.0,-0.0
BMRI.JK,2025-07-10,0,0.3189919032201827,0.8633797315478517,0.0,0.0
BMRI.JK,2025-07-11,0,0.3189919032201827,0.5101797348274064,0.0,0.0
BMRI.JK,2025-07-14,0,0.30879257339484795,0.6920764050060547,0.0,-0.0
BMRI.JK,2025-07-15,0,0.31301407541915893,0.7965101007997466,0.0,0.0
BMRI.JK,2025-07-16,0,0.3133231140028491,0.5881906261644477,0.0,-0.0
BMRI.JK,2025-07-17,0,0.3109325404070489,0.5601941474304779,0.0,0.0
BMRI.JK,2025-07-18,0,0.3109325404070489,0.5028361284794036,0.0,0.0
BMRI.JK,2025-07-21,0,0.3109325404070489,0.88776204926047,0.0,-0.0
BMRI.JK,2025-07-22,0,0.3133231140028491,0.9209825015241283,0.0,-0.0
BMRI.JK,2025-07-23,0,0.3392771220947259,0.8168382281791716,0.0,0.0
BMRI.JK,2025-07-24,0,0.3270259013611344,0.7090679547116868,0.0,0.0
BMRI.JK,2025-07-25,0,0.30752193506142195,0.4748776555656271,0.0,-0.0
BMRI.JK,2025-07-28,0,0.31530091598739574,0.5373025491965981,0.0,0.0
BMRI.JK,2025-07-29,1,0.33892620342535235,0.775878787619059,0.0,0.0
BMRI.JK,2025-07-30,1,0.3389893979013368,0.9536948682616554,1.0,-0.020608302595299832
BMRI.JK,2025-07-31,1,0.35375298544455863,0.6985979657282995,1.0,-0.023809572054300454
BMRI.JK,2025-08-01,1,0.35197185287223526,0.8382631101227079,1.0,0.004434615655348972
BMRI.JK,2025-08-04,0,0.3227521283074618,0.8872320628935465,1.0,0.019867573820076867
BMRI.JK,2025-08-05,0,0.33442143053011486,0.7599009215818872,0.0,-0.0025
BMRI.JK,2025-08-06,0,0.3227521283074618,0.8725449498691381,0.0,-0.0
BMRI.JK,2025-08-07,0,0.3267264664083324,0.8523326167751526,0.0,-0.0
BMRI.JK,2025-08-08,1,0.33892620342535235,0.9049808964226006,0.0,-0.0
BMRI.JK,2025-08-11,1,0.3378345515660557,0.5288432613450438,1.0,0.009206610593292476
BMRI.JK,2025-08-12,0,0.3245164737495937,0.6774582165250659,0.0,-0.0025
BMRI.JK,2025-08-13,1,0.33931772668114923,0.8474569884381193,0.0,-0.0
BMRI.JK,2025-08-14,1,0.338178178184664,0.7933667350626583,1.0,-0.005606743442570226
BMRI.JK,2025-08-15,1,0.3382420988348548,0.8971698158143296,1.0,0.0
BMRI.JK,2025-08-19,0,0.32297782088636706,0.8596617364800976,1.0,-0.010309252599056129
BMRI.JK,2025-08-20,0,0.32020839970399834,0.8092297274827988,0.0,-0.0025
BMRI.JK,2025-08-21,0,0.31434626794618026,0.6876737361185771,0.0,-0.0
BMRI.JK,2025-08-22,0,0.33668548436088575,0.7536219480824528,0.0,-0.0
BMRI.JK,2025-08-25,-1,0.33169207395836503,0.8198785447375638,0.0,0.0
BMRI.JK,2025-08-26,1,0.3432834654140693,0.8718217129611981,0.0,-0.0
BMRI.JK,2025-08-27,1,0.3443032049925329,0.6528540870108249,1.0,-0.021908112808103508
BMRI.JK,2025-08-28,1,0.3432834654140693,0.5292273780312753,1.0,-0.00625012189343821
BMRI.JK,2025-08-29,0,0.323287624493999,0.5628174406489923,0.0,-0.0025
BMRI.JK,2025-09-01,0,0.3213853357599953,0.7813537769368761,0.0,-0.0
BMRI.JK,2025-09-02,0,0.3213853357599953,0.7863453602382184,0.0,-0.0
BMRI.JK,2025-09-03,0,0.3213853357599953,0.5024322279432538,0.0,0.0
BMRI.JK,2025-09-04,0,0.3189919032201827,0.21148564213717153,0.0,0.0
BMRI.JK,2025-09-08,0,0.3213853357599953,0.6799896423467595,0.0,-0.0
BMRI.JK,2025-09-09,0,0.3179146088123629,0.7558783611192255,0.0,-0.0
BMRI.JK,2025-09-10,0,0.3133231140028491,0.7913361357369684,0.0,0.0
BMRI.JK,2025-09-11,0,0.3090993193721486,0.6189655007414615,0.0,0.0
BMRI.JK,2025-09-12,0,0.3109325404070489,0.4259290429600557,0.0,0.0
BMRI.JK,2025-09-15,0,0.3107299729452402,0.7670225779178172,0.0,0.0
BMRI.JK,2025-09-16,0,0.30752193506142195,0.8143865276919445,0.0,-0.0
BMRI.JK,2025-09-17,0,0.31067181465193405,0.9708329061978941,0.0,0.0
BMRI.JK,2025-09-18,0,0.31496589206225395,0.940475128002062,0.0,-0.0
BMRI.JK,2025-09-19,0,0.3133231140028491,0.7000235005588823,0.0,-0.0
BMRI.JK,2025-09-22,0,0.3195702569253582,0.8540370345797814,0.0,0.0
BMRI.JK,2025-09-23,0,0.3120670526554778,0.8301330068528472,0.0,-0.0
BMRI.JK,2025-09-24,0,0.3155050993009142,0.6344235283312059,0.0,-0.0
BMRI.JK,2025-09-25,0,0.3179146088123629,0.6167284255154201,0.0,-0.0
BMRI.JK,2025-09-26,1,0.3484901005355761,0.3375385103236224,0.0,0.0
BMRI.JK,2025-09-29,1,0.3522647238957426,0.3015517693445063,0.0,-0.0
BMRI.JK,2025-09-30,0,0.34090298701582916,0.22421494448168833,0.0,0.0
BMRI.JK,2025-10-01,1,0.354357678034226,0.7041951177192624,0.0,-0.0
BMRI.JK,2025-10-02,0,0.3413335745286919,0.8417002445939897,1.0,-0.0060661733043749205
BMRI.JK,2025-10-03,0,0.3393245769940524,0.8912293152779391,0.0,-0.0025
BMRI.JK,2025-10-06,1,0.35582219160620043,0.4909809630964383,0.0,-0.0
BMRI.JK,2025-10-07,1,0.36010946481174444,0.2570939304773946,0.0,0.0
BMRI.JK,2025-10-08,1,0.36430303159227356,0.35502433084308427,0.0,-0.0
BMRI.JK,2025-10-09,1,0.3414851531001417,0.14323464517569529,0.0,0.0
BMRI.JK,2025-10-10,1,0.35375298544455863,0.4451669133739042,0.0,-0.0
BMRI.JK,2025-10-13,1,0.35375298544455863,0.24201774660505257,0.0,-0.0
BMRI.JK,2025-10-14,1,0.35375298544455863,0.6944058408974705,0.0,-0.0
BMRI.JK,2025-10-15,1,0.35375298544455863,0.6215437826056783,1.0,-0.011279940072395132
BMRI.JK,2025-10-16,1,0.35375298544455863,0.6392910599042513,1.0,0.009876531963117552
BMRI.JK,2025-10-17,0,0.31676699388289536,0.5949528361281293,1.0,-0.009779940072395132
BMRI.JK,2025-10-20,0,0.31062214693941037,0.7166034212083955,0.0,-0.0025
BMRI.JK,2025-10-21,0,0.31062214693941037,0.49486619273538646,0.0,0.0
BMRI.JK,2025-10-22,0,0.31062214693941037,0.4403770889028401,0.0,-0.0
BMRI.JK,2025-10-23,0,0.31062214693941037,0.5783654918218583,0.0,0.0
BMRI.JK,2025-10-24,0,0.3155384485711381,0.6827097762941812,0.0,0.0
BMRI.JK,2025-10-27,0,0.30960861581878063,0.7518362958337944,0.0,-0.0
BMRI.JK,2025-10-28,0,0.3085035881061789,0.7945710522677552,0.0,0.0
BMRI.JK,2025-10-29,0,0.3085035881061789,0.8331377002962886,0.0,0.0
BMRI.JK,2025-10-30,0,0.3085035881061789,0.683611383430269,0.0,0.0
BMRI.JK,2025-10-31,0,0.3085035881061789,0.9322245489810228,0.0,-0.0
BMRI.JK,2025-11-03,0,0.3130566552559104,0.833644766786547,0.0,0.0
BMRI.JK,2025-11-04,0,0.31272292683625724,0.9453935186324834,0.0,-0.0
BMRI.JK,2025-11-05,0,0.3130566552559104,0.9385695713039793,0.0,0.0
BMRI.JK,2025-11-06,0,0.3130566552559104,0.9431940535166585,0.0,-0.0
BMRI.JK,2025-11-07,0,0.3130566552559104,0.9586155169314269,0.0,0.0
BMRI.JK,2025-11-10,0,0.31730969063146536,0.9570744634564001,0.0,-0.0
BMRI.JK,2025-11-11,0,0.31736917135972587,0.9489609767252721,0.0,-0.0
BMRI.JK,2025-11-12,0,0.3130566552559104,0.813843669826954,0.0,0.0
BMRI.JK,2025-11-13,1,0.3416169815917539,0.8072272672053156,0.0,-0.0
BMRI.JK,2025-11-14,1,0.3350346899943656,0.6549560048404361,1.0,0.009138271697367863
BMRI.JK,2025-11-17,1,0.3349716992245954,0.5820093170286126,1.0,0.01473689897240038
BMRI.JK,2025-11-18,1,0.3450067948940878,0.40509898147839846,0.0,-0.0025
BMRI.JK,2025-11-19,-1,0.331738070776546,0.4908845880569674,0.0,0.0
BMRI.JK,2025-11-20,0,0.32831246708658246,0.578089437348904,0.0,0.0
BMRI.JK,2025-11-21,0,0.32831246708658246,0.5514361420696701,0.0,0.0
BMRI.JK,2025-11-24,0,0.3245164737495937,0.7624446826412652,0.0,0.0
BMRI.JK,2025-11-25,0,0.3245164737495937,0.8319503210855758,0.0,-0.0
BMRI.JK,2025-11-26,0,0.3213444852887251,0.7814802831199987,0.0,0.0
BMRI.JK,2025-11-27,0,0.3229175091770622,0.9511266967801226,0.0,-0.0
BMRI.JK,2025-11-28,0,0.32493979843934395,0.897671200337748,0.0,-0.0
BMRI.JK,2025-12-01,0,0.32493979843934395,0.8043156725581386,0.0,0.0
BMRI.JK,2025-12-02,0,0.31738699223635564,0.731130289378717,0.0,-0.0
BMRI.JK,2025-12-03,0,0.3206325254612311,0.7649474642827879,0.0,0.0
BMRI.JK,2025-12-04,0,0.3206325254612311,0.6281513845087237,0.0,0.0
BMRI.JK,2025-12-05,0,0.3206325254612311,0.6807585536571993,0.0,-0.0
BMRI.JK,2025-12-08,0,0.3206325254612311,0.23462072135637582,0.0,0.0
BMRI.JK,2025-12-09,0,0.31738699223635564,0.3733457558855829,0.0,-0.0
BMRI.JK,2025-12-10,0,0.3206325254612311,0.3051021992954333,0.0,0.0
BMRI.JK,2025-12-11,0,0.3208776714386189,0.3663529704958256,0.0,-0.0
BMRI.JK,2025-12-12,0,0.3232972786336,0.8038534004633054,0.0,-0.0
BMRI.JK,2025-12-15,0,0.3189919032201827,0.41889599826576435,0.0,0.0
BMRI.JK,2025-12-16,0,0.31434626794618026,0.6184190777098012,0.0,0.0
BMRI.JK,2025-12-17,0,0.3175295995745453,0.4713519694420233,0.0,0.0
BMRI.JK,2025-12-18,-1,0.3169492391556241,0.5943516453160943,0.0,0.0
BMRI.JK,2025-12-19,-1,0.316722455876849,0.8109766895417636,0.0,0.0
BMRI.JK,2025-12-22,0,0.31410142499266214,0.7088370893346405,0.0,-0.0
BMRI.JK,2025-12-23,0,0.31953762242687545,0.9217867248945412,0.0,-0.0
BMRI.JK,2025-12-24,0,0.31953762242687545,0.812334907294032,0.0,0.0
BMRI.JK,2025-12-29,0,0.31526851546571355,0.25931791444154656,0.0,0.0
BBRI.JK,2025-01-02,-1,0.30256609099906817,0.4027700742915662,0.0,0.0
BBRI.JK,2025-01-03,-1,0.35309198165591177,0.2533086000010759,0.0,-0.0
BBRI.JK,2025-01-06,-1,0.34076195042067997,0.4035590335965542,0.0,-0.0
BBRI.JK,2025-01-07,1,0.38639401274960083,0.08211616016705903,0.0,-0.0
BBRI.JK,2025-01-08,1,0.36496252501764864,0.34869375779300693,0.0,0.0
BBRI.JK,2025-01-09,1,0.3532811718016655,0.024955379805537116,0.0,-0.0
BBRI.JK,2025-01-10,0,0.33772282806514076,0.06847346102810133,0.0,-0.0
BBRI.JK,2025-01-13,1,0.37494287071310917,0.017063926871091102,0.0,-0.0
BBRI.JK,2025-01-14,1,0.3669723679994171,0.030291701529675273,0.0,-0.0
BBRI.JK,2025-01-15,1,0.3395690227233537,0.056459513314334984,0.0,0.0
BBRI.JK,2025-01-16,0,0.28227739942317914,0.04922446907574277,0.0,0.0
BBRI.JK,2025-01-17,0,0.28443189060579915,0.05499135264494015,0.0,-0.0
BBRI.JK,2025-01-20,0,0.22586225346229738,0.18128370833854152,0.0,0.0
BBRI.JK,2025-01-21,0,0.2784402188817886,0.029233322673371323,0.0,0.0
BBRI.JK,2025-01-22,0,0.2200113136477325,0.01709341811690248,0.0,0.0
BBRI.JK,2025-01-23,0,0.23402132189325295,0.0223697212410678,0.0,0.0
BBRI.JK,2025-01-24,0,0.26149471904716726,0.05123318636086813,0.0,-0.0
BBRI.JK,2025-01-30,0,0.21911810252925423,0.024554011987246036,0.0,-0.0
BBRI.JK,2025-01-31,0,0.1929194508083313,0.06864854840545853,0.0,0.0
BBRI.JK,2025-02-03,0,0.1995262027844061,0.034229783881487896,0.0,0.0
BBRI.JK,2025-02-04,0,0.1949366375609569,0.006464064640580812,0.0,0.0
BBRI.JK,2025-02-05,0,0.21456926226111134,0.013500050845099715,0.0,-0.0
BBRI.JK,2025-02-06,0,0.2075707315763889,0.005437785989561196,0.0,-0.0
BBRI.JK,2025-02-07,0,0.20132085108562714,0.00470305933049291,0.0,0.0
BBRI.JK,2025-02-10,0,0.18808107544785213,0.01795689956768567,0.0,-0.0
BBRI.JK,2025-02-11,0,0.19849990724143796,0.004695562538498624,0.0,0.0
BBRI.JK,2025-02-12,0,0.2537817674830866,0.01628613135126434,0.0,0.0
BBRI.JK,2025-02-13,0,0.24469769460165683,0.013975479665907498,0.0,-0.0
BBRI.JK,2025-02-14,0,0.27481897527479265,0.015622326277820285,0.0,-0.0
BBRI.JK,2025-02-17,0,0.20590180732224436,0.11520592565944271,0.0,0.0
BBRI.JK,2025-02-18,0,0.2674527899777772,0.0028557495463011695,0.0,0.0
BBRI.JK,2025-02-19,0,0.21614629432877475,0.011619415627313003,0.0,-0.0
BBRI.JK,2025-02-20,0,0.2083234748130801,0.02423457822401352,0.0,-0.0
BBRI.JK,2025-02-21,0,0.19241201178967948,0.36027388141507305,0.0,-0.0
BBRI.JK,2025-02-24,0,0.2014443978535309,0.081041888478861,0.0,0.0
BBRI.JK,2025-02-25,0,0.27031524141385954,0.01952005014433976,0.0,-0.0
BBRI.JK,2025-02-26,0,0.21979235446392403,0.044109504035800925,0.0,0.0
BBRI.JK,2025-02-27,0,0.24673261738683777,0.026068409691542564,0.0,-0.0
BBRI.JK,2025-02-28,0,0.2351173728381151,0.025282241291429263,0.0,-0.0
BBRI.JK,2025-03-03,0,0.20795836564428358,0.050255873896123356,0.0,0.0
BBRI.JK,2025-03-04,0,0.1664791406125973,0.06077233389352934,0.0,0.0
BBRI.JK,2025-03-05,0,0.18866142484713092,0.08507421170081556,0.0,0.0
BBRI.JK,2025-03-06,0,0.19042275958136437,0.01015682716925742,0.0,0.0
BBRI.JK,2025-03-07,0,0.16078989819024955,0.06366597111602343,0.0,-0.0
BBRI.JK,2025-03-10,0,0.16007965725259207,0.19113812345466258,0.0,-0.0
BBRI.JK,2025-03-11,0,0.1695661490476809,0.16225031990971003,0.0,0.0
BBRI.JK,2025-03-12,0,0.16586332106071916,0.03840883149509686,0.0,0.0
BBRI.JK,2025-03-13,0,0.1742721635363324,0.019464839322671977,0.0,-0.0
BBRI.JK,2025-03-14,0,0.18323434458596877,0.068725250030468,0.0,-0.0
BBRI.JK,2025-03-17,0,0.175933149371425,0.2272852412686371,0.0,0.0
BBRI.JK,2025-03-18,0,0.1966469689665347,0.0030300089037786724,0.0,-0.0
BBRI.JK,2025-03-19,0,0.18951028253578667,0.004354895669155853,0.0,0.0
BBRI.JK,2025-03-20,0,0.17647116498459908,0.005213495719816779,0.0,-0.0
BBRI.JK,2025-03-21,0,0.22722924883636705,0.0022649386886514243,0.0,0.0
BBRI.JK,2025-03-24,0,0.1810276390231778,0.022388462408738315,0.0,-0.0
BBRI.JK,2025-03-25,0,0.166173115161488,0.02074008542951371,0.0,0.0
BBRI.JK,2025-03-26,0,0.23031760401807747,0.007602787387547583,0.0,0.0
BBRI.JK,2025-03-27,0,0.18795211302848172,0.028911389459102623,0.0,0.0
BBRI.JK,2025-04-08,0,0.2251174642893441,0.004196253953245725,0.0,-0.0
BBRI.JK,2025-04-09,0,0.17799155114863116,0.06607678749578498,0.0,-0.0
BBRI.JK,2025-04-10,0,0.19755543588866722,0.010757096570650177,0.0,0.0
BBRI.JK,2025-04-11,0,0.17585712326037903,0.00586222085722991,0.0,0.0
BBRI.JK,2025-04-14,0,0.1812442306002869,0.05965396659635414,0.0,0.0
BBRI.JK,2025-04-15,0,0.16646081837914173,0.04493798187222372,0.0,0.0
BBRI.JK,2025-04-16,0,0.1710882194829237,0.12515158342694804,0.0,-0.0
BBRI.JK,2025-04-17,0,0.16929392878398744,0.045282202852427955,0.0,-0.0
BBRI.JK,2025-04-21,0,0.1663124852934208,0.04057729275584688,0.0,-0.0
BBRI.JK,2025-04-22,0,0.16233249372249023,0.014320331633345505,0.0,0.0
BBRI.JK,2025-04-23,0,0.22084637336913882,0.02158224099910795,0.0,0.0
BBRI.JK,2025-04-24,0,0.17286249628579078,0.0281832534443412,0.0,-0.0
BBRI.JK,2025-04-25,0,0.1661270057774625,0.0774243119004314,0.0,0.0
BBRI.JK,2025-04-28,0,0.19318344170447077,0.1287578851668363,0.0,0.0
BBRI.JK,2025-04-29,0,0.2663839091204131,0.15697178815171772,0.0,0.0
BBRI.JK,2025-04-30,0,0.2548353127525274,0.07278193001109307,0.0,0.0
BBRI.JK,2025-05-02,0,0.23129904698432574,0.283598771242622,0.0,0.0
BBRI.JK,2025-05-05,0,0.25627922607619175,0.38188395816423354,0.0,-0.0
BBRI.JK,2025-05-06,0,0.2473292702947102,0.5767120591202978,0.0,0.0
BBRI.JK,2025-05-07,-1,0.2528053101251243,0.3163680670291626,0.0,0.0
BBRI.JK,2025-05-08,0,0.3032282435237539,0.009331691642486343,0.0,-0.0
BBRI.JK,2025-05-09,0,0.2811499061106284,0.03563299097016521,0.0,0.0
BBRI.JK,2025-05-14,0,0.2959252086380851,0.02477605445152764,0.0,0.0
BBRI.JK,2025-05-15,-1,0.2669416862698891,0.05330594670395336,0.0,0.0
BBRI.JK,2025-05-16,0,0.2666249704521099,0.05044025080186191,0.0,-0.0
BBRI.JK,2025-05-19,0,0.28047459519107654,0.23673038088498835,0.0,-0.0
BBRI.JK,2025-05-20,0,0.26676307333598803,0.8450240913733381,0.0,-0.0
BBRI.JK,2025-05-21,0,0.2529894183878153,0.7989958421549148,0.0,0.0
BBRI.JK,2025-05-22,0,0.2295330213118611,0.5771324356513797,0.0,0.0
BBRI.JK,2025-05-23,0,0.21704349485248564,0.4955491531390057,0.0,0.0
BBRI.JK,2025-05-26,0,0.23909559311988798,0.6540107240842741,0.0,-0.0
BBRI.JK,2025-05-27,0,0.23830383174596495,0.5003952072994697,0.0,0.0
BBRI.JK,2025-05-28,0,0.2184498514942794,0.5008780694689263,0.0,0.0
BBRI.JK,2025-06-02,0,0.1907410681600269,0.08425775567911914,0.0,-0.0
BBRI.JK,2025-06-03,0,0.17806183980780443,0.1018330307650466,0.0,0.0
BBRI.JK,2025-06-04,0,0.15226517346122118,0.011270895078701259,0.0,-0.0
BBRI.JK,2025-06-05,0,0.16317345020335491,0.09196075756196875,0.0,0.0
BBRI.JK,2025-06-10,0,0.1827691676060599,0.251220763888245,0.0,0.0
BBRI.JK,2025-06-11,0,0.1776557799275151,0.020507146160726207,0.0,-0.0
BBRI.JK,2025-06-12,0,0.17344132954013486,0.04234202436270693,0.0,0.0
BBRI.JK,2025-06-13,0,0.1956542121965629,0.0038647031310703444,0.0,-0.0
BBRI.JK,2025-06-16,0,0.19983077064523275,0.015036232017657783,0.0,-0.0
BBRI.JK,2025-06-17,0,0.19617279058818193,0.008256396383375273,0.0,-0.0
BBRI.JK,2025-06-18,0,0.24193421931638057,0.008180370191116991,0.0,-0.0
BBRI.JK,2025-06-19,0,0.3041614109937868,0.005553423658157342,0.0,-0.0
BBRI.JK,2025-06-20,0,0.2752332994980223,0.0016039715347875886,0.0,-0.0
BBRI.JK,2025-06-23,0,0.24482794803879002,0.008599472480051914,0.0,-0.0
BBRI.JK,2025-06-24,0,0.26692523477119245,0.009546411541608115,0.0,0.0
BBRI.JK,2025-06-25,0,0.23034279622677406,0.11397137347561159,0.0,-0.0
BBRI.JK,2025-06-26,0,0.22007085095835816,0.04654397670159155,0.0,0.0
BBRI.JK,2025-06-30,0,0.2276888000364404,0.00877433793858293,0.0,-0.0
BBRI.JK,2025-07-01,0,0.2279130578955591,0.07913799634930768,0.0,-0.0
BBRI.JK,2025-07-02,0,0.236639408492197,0.016297269245533656,0.0,-0.0
BBRI.JK,2025-07-03,0,0.28856608661521216,0.018723800444555277,0.0,0.0
BBRI.JK,2025-07-04,0,0.2897786798084993,0.02362126384254093,0.0,-0.0
BBRI.JK,2025-07-07,0,0.25426193611475245,0.4052285427579896,0.0,0.0
BBRI.JK,2025-07-08,0,0.26685473686830746,0.3584221351598178,0.0,-0.0
BBRI.JK,2025-07-09,0,0.2586116641667159,0.5917888094900869,0.0,0.0
BBRI.JK,2025-07-10,0,0.31928390640248633,0.11632925546975129,0.0,0.0
BBRI.JK,2025-07-11,0,0.28540288922794593,0.05011163197298743,0.0,0.0
BBRI.JK,2025-07-14,-1,0.27653220509840765,0.17188754450381377,0.0,-0.0
BBRI.JK,2025-07-15,-1,0.26942088202495823,0.08485871870610127,0.0,0.0
BBRI.JK,2025-07-16,-1,0.2570314869582949,0.12220624533043159,0.0,0.0
BBRI.JK,2025-07-17,0,0.22689633653348598,0.08627863812302393,0.0,0.0
BBRI.JK,2025-07-18,0,0.24721840221418726,0.09534768561767265,0.0,-0.0
BBRI.JK,2025-07-21,0,0.25794162390880276,0.05646689076409357,0.0,-0.0
BBRI.JK,2025-07-22,0,0.2508058450507378,0.229803230139433,0.0,0.0
BBRI.JK,2025-07-23,0,0.28429604630614264,0.016109714982024577,0.0,-0.0
BBRI.JK,2025-07-24,0,0.2564555752492403,0.042019695717390185,0.0,0.0
BBRI.JK,2025-07-25,0,0.2567610292665491,0.16413409098006293,0.0,-0.0
BBRI.JK,2025-07-28,0,0.2451279515769419,0.10188398107445604,0.0,0.0
BBRI.JK,2025-07-29,0,0.23974822505996485,0.14518464438797496,0.0,-0.0
BBRI.JK,2025-07-30,0,0.3040960752194836,0.017983688823666216,0.0,-0.0
BBRI.JK,2025-07-31,0,0.28890411141525196,0.007489653782156125,0.0,-0.0
BBRI.JK,2025-08-01,0,0.22689928119736724,0.01126312784217772,0.0,0.0
BBRI.JK,2025-08-04,0,0.24884601006774384,0.020755167173173737,0.0,-0.0
BBRI.JK,2025-08-05,0,0.24848519736853317,0.01991394497833368,0.0,0.0
BBRI.JK,2025-08-06,-1,0.2561661228812411,0.038318919729190944,0.0,-0.0
BBRI.JK,2025-08-07,0,0.30810464744603555,0.2523173879237582,0.0,0.0
BBRI.JK,2025-08-08,0,0.315324790030958,0.23429981388787519,0.0,-0.0
BBRI.JK,2025-08-11,0,0.31181388517957526,0.02551429095136291,0.0,0.0
BBRI.JK,2025-08-12,0,0.2604178484269856,0.039435190338790733,0.0,0.0
BBRI.JK,2025-08-13,0,0.24506797818588189,0.05337353581176651,0.0,0.0
BBRI.JK,2025-08-14,0,0.2503106605002791,0.04920864355242351,0.0,-0.0
BBRI.JK,2025-08-15,-1,0.2732639084053241,0.10275803144093176,0.0,0.0
BBRI.JK,2025-08-19,-1,0.2552134604902895,0.029992298761027606,0.0,-0.0
BBRI.JK,2025-08-20,-1,0.2508717840179491,0.054406850366635034,0.0,0.0
BBRI.JK,2025-08-21,-1,0.25075449016143997,0.1750065317171179,0.0,0.0
BBRI.JK,2025-08-22,-1,0.27027482811030096,0.23824808379157197,0.0,-0.0
BBRI.JK,2025-08-25,-1,0.27090254569234185,0.13324288873841172,0.0,0.0
BBRI.JK,2025-08-26,-1,0.2878983466069814,0.28081387172137023,0.0,-0.0
BBRI.JK,2025-08-27,-1,0.2402447001347889,0.11296251666757505,0.0,-0.0
BBRI.JK,2025-08-28,-1,0.23099788121805054,0.1835003834341996,0.0,0.0
BBRI.JK,2025-08-29,-1,0.27695793261320883,0.0323909661163381,0.0,-0.0
BBRI.JK,2025-09-01,0,0.28607690846745454,0.027261135775870457,0.0,-0.0
BBRI.JK,2025-09-02,0,0.23099923331417838,0.06749977055735226,0.0,-0.0
BBRI.JK,2025-09-03,-1,0.2109328789227421,0.06712954258508282,0.0,0.0
BBRI.JK,2025-09-04,0,0.20796995265996096,0.07811476146548879,0.0,-0.0
BBRI.JK,2025-09-08,0,0.22047672010995095,0.046605920367623205,0.0,-0.0
BBRI.JK,2025-09-09,0,0.27100325666301933,0.0498127721290707,0.0,-0.0
BBRI.JK,2025-09-10,0,0.243642783522062,0.19663581674446015,0.0,0.0
BBRI.JK,2025-09-11,0,0.27294231063838537,0.07574582843376877,0.0,0.0
BBRI.JK,2025-09-12,0,0.24007806459515293,0.022783622453832548,0.0,0.0
BBRI.JK,2025-09-15,0,0.24418909711710107,0.07511551022872512,0.0,-0.0
BBRI.JK,2025-09-16,0,0.2188789886458714,0.28704450019536276,0.0,-0.0
BBRI.JK,2025-09-17,0,0.2172171100116538,0.11389733695881527,0.0,0.0
BBRI.JK,2025-09-18,0,0.2149811381904194,0.03159523116888039,0.0,0.0
BBRI.JK,2025-09-19,0,0.2248766900981768,0.018228895734267433,0.0,0.0
BBRI.JK,2025-09-22,-1,0.22789897969997544,0.0237090530699917,0.0,-0.0
BBRI.JK,2025-09-23,-1,0.2228257986171602,0.026790935285122768,0.0,-0.0
BBRI.JK,2025-09-24,-1,0.22397279774120096,0.01081062026660583,0.0,0.0
BBRI.JK,2025-09-25,-1,0.23929958523940545,0.0023308483512722716,0.0,-0.0
BBRI.JK,2025-09-26,-1,0.21805147240354955,0.007266805444738514,0.0,-0.0
BBRI.JK,2025-09-29,0,0.20918233626275556,0.012304866980708536,0.0,-0.0
BBRI.JK,2025-09-30,0,0.23028763296056712,0.03637539260273009,0.0,-0.0
BBRI.JK,2025-10-01,0,0.2621699480393347,0.10635365343110724,0.0,-0.0
BBRI.JK,2025-10-02,0,0.2849971108219227,0.103794824166087,0.0,-0.0
BBRI.JK,2025-10-03,0,0.2574896394935192,0.1341556593401543,0.0,-0.0
BBRI.JK,2025-10-06,0,0.24999783096906433,0.1746176713384934,0.0,-0.0
BBRI.JK,2025-10-07,0,0.1850784897918255,0.07262258294227329,0.0,0.0
BBRI.JK,2025-10-08,0,0.21379179977950094,0.16474858265839162,0.0,0.0
BBRI.JK,2025-10-09,0,0.2534942386759949,0.050080732980363724,0.0,0.0
BBRI.JK,2025-10-10,0,0.2979588291632754,0.2849277194403469,0.0,-0.0
BBRI.JK,2025-10-13,0,0.29157814540090554,0.3888619963226911,0.0,-0.0
BBRI.JK,2025-10-14,0,0.33399769140626473,0.05178391246595214,0.0,-0.0
BBRI.JK,2025-10-15,0,0.33714167132413525,0.030927278481061155,0.0,-0.0
BBRI.JK,2025-10-16,0,0.29278779927564896,0.04607109631532818,0.0,0.0
BBRI.JK,2025-10-17,0,0.3129928429351918,0.02529176390138635,0.0,-0.0
BBRI.JK,2025-10-20,0,0.2673130860182682,0.1782780630401495,0.0,0.0
BBRI.JK,2025-10-21,0,0.2483248837157862,0.010171489935981697,0.0,0.0
BBRI.JK,2025-10-22,0,0.25872781632218955,0.021021193517611635,0.0,-0.0
BBRI.JK,2025-10-23,0,0.1854759076809896,0.07291708680291556,0.0,0.0
BBRI.JK,2025-10-24,0,0.22594928130547937,0.04574147514873364,0.0,0.0
BBRI.JK,2025-10-27,0,0.18775758607760434,0.0266111290359669,0.0,0.0
BBRI.JK,2025-10-28,0,0.20473318672454674,0.12999441765295744,0.0,-0.0
BBRI.JK,2025-10-29,0,0.2109478428530796,0.08792213806607255,0.0,0.0
BBRI.JK,2025-10-30,0,0.2029335724361107,0.06101406234913581,0.0,0.0
BBRI.JK,2025-10-31,0,0.22196234968803105,0.07219648927189547,0.0,0.0
BBRI.JK,2025-11-03,0,0.19651398513285373,0.07195773371653813,0.0,0.0
BBRI.JK,2025-11-04,0,0.27671633919327476,0.05958914879995335,0.0,-0.0
BBRI.JK,2025-11-05,-1,0.2650299903469133,0.37396501972082435,0.0,0.0
BBRI.JK,2025-11-06,0,0.28617455131449093,0.26203359023080064,0.0,0.0
BBRI.JK,2025-11-07,0,0.2856261081685478,0.33261934712551827,0.0,-0.0
BBRI.JK,2025-11-10,0,0.3099883478492209,0.0902059499623443,0.0,-0.0
BBRI.JK,2025-11-11,0,0.3090453984263397,0.026410008483527005,0.0,-0.0
BBRI.JK,2025-11-12,0,0.291114812136966,0.028813086694936527,0.0,0.0
BBRI.JK,2025-11-13,0,0.28907082034180837,0.013025564216693134,0.0,-0.0
BBRI.JK,2025-11-14,-1,0.31387663557290113,0.020791514202889643,0.0,0.0
BBRI.JK,2025-11-17,-1,0.31888876395425125,0.11086920927662179,0.0,0.0
BBRI.JK,2025-11-18,1,0.48280831557153864,0.0871086342060257,0.0,0.0
BBRI.JK,2025-11-19,1,0.42390001548351924,0.05118806052169226,0.0,0.0
BBRI.JK,2025-11-20,-1,0.3804881656408858,0.03475999370905888,0.0,-0.0
BBRI.JK,2025-11-21,1,0.4149345469609633,0.14372205859112167,0.0,-0.0
BBRI.JK,2025-11-24,-1,0.38150125489417186,0.08969884519644387,0.0,0.0
BBRI.JK,2025-11-25,1,0.4371483246970007,0.007503596879765785,0.0,-0.0
BBRI.JK,2025-11-26,1,0.4575212155253781,0.04476773612295154,0.0,-0.0
BBRI.JK,2025-11-27,1,0.4377507720127138,0.023961113713838664,0.0,-0.0
BBRI.JK,2025-11-28,1,0.5141183963267119,0.03175712022562839,0.0,-0.0
BBRI.JK,2025-12-01,1,0.49672373069306713,0.02722871953484135,0.0,-0.0
BBRI.JK,2025-12-02,1,0.44238414650903807,0.04262741518090791,0.0,0.0
BBRI.JK,2025-12-03,1,0.4796742395320196,0.05976613807939225,0.0,-0.0
BBRI.JK,2025-12-04,1,0.45749851807310776,0.047949040177535665,0.0,0.0
BBRI.JK,2025-12-05,1,0.4431808691906175,0.13269552197063644,0.0,-0.0
BBRI.JK,2025-12-08,1,0.4071948451309585,0.27047965703074067,0.0,0.0
BBRI.JK,2025-12-09,1,0.4198720874268935,0.22666720259001974,0.0,0.0
BBRI.JK,2025-12-10,1,0.45655331129175153,0.5875619269112691,0.0,-0.0
BBRI.JK,2025-12-11,1,0.4600581682001319,0.05844077997340994,0.0,-0.0
BBRI.JK,2025-12-12,1,0.4494999556494698,0.4070583234511439,0.0,0.0
BBRI.JK,2025-12-15,1,0.3812845047699788,0.011270438476897677,0.0,0.0
BBRI.JK,2025-12-16,1,0.4172737280445938,0.13085204572182238,0.0,-0.0
BBRI.JK,2025-12-17,1,0.39782079714772384,0.00685930243590361,0.0,0.0
BBRI.JK,2025-12-18,1,0.4001678207208437,0.019202749566822584,0.0,0.0
BBRI.JK,2025-12-19,0,0.3674882732871609,0.041292434546222716,0.0,-0.0
BBRI.JK,2025-12-22,1,0.395030379285281,0.043217009862270235,0.0,-0.0
BBRI.JK,2025-12-23,1,0.3868582792060978,0.04170742250986125,0.0,0.0
BBRI.JK,2025-12-24,1,0.3921086004178808,0.08548732746951665,0.0,0.0
BBRI.JK,2025-12-29,1,0.38228746730754126,0.09513509562494996,0.0,0.0
BBNI.JK,2025-01-02,0,0.2938061994675721,0.18021196241031026,0.0,0.0
BBNI.JK,2025-01-03,0,0.2938061994675721,0.15435907304330265,0.0,-0.0
BBNI.JK,2025-01-06,0,0.2938061994675721,0.31609260546456697,0.0,-0.0
BBNI.JK,2025-01-07,0,0.2938061994675721,0.15233334728479295,0.0,-0.0
BBNI.JK,2025-01-08,0,0.290690360546492,0.15495944493800065,0.0,0.0
BBNI.JK,2025-01-09,0,0.290690360546492,0.13360295972705766,0.0,0.0
BBNI.JK,2025-01-10,0,0.2997717344675441,0.18183908043012242,0.0,-0.0
BBNI.JK,2025-01-13,0,0.2938061994675721,0.4897052643474574,0.0,-0.0
BBNI.JK,2025-01-14,0,0.2938061994675721,0.4779661839273508,0.0,-0.0
BBNI.JK,2025-01-15,0,0.2809842654696177,0.20615456837315724,0.0,0.0
BBNI.JK,2025-01-16,0,0.2953003927171661,0.13254974798045338,0.0,0.0
BBNI.JK,2025-01-17,0,0.2953003927171661,0.1653507091955638,0.0,-0.0
BBNI.JK,2025-01-20,-1,0.2984636974603909,0.11111832346089735,0.0,0.0
BBNI.JK,2025-01-21,-1,0.2945846206172087,0.0733280263645516,0.0,0.0
BBNI.JK,2025-01-22,-1,0.2905487605753378,0.1644206455302671,0.0,0.0
BBNI.JK,2025-01-23,-1,0.2905487605753378,0.13237882890847785,0.0,-0.0
BBNI.JK,2025-01-24,-1,0.2945846206172087,0.11524512908690605,0.0,-0.0
BBNI.JK,2025-01-30,0,0.28972999617908723,0.1857531364814888,0.0,0.0
BBNI.JK,2025-01-31,0,0.2857337052895524,0.20004762009340712,0.0,0.0
BBNI.JK,2025-02-03,0,0.2857337052895524,0.16054543555311743,0.0,0.0
BBNI.JK,2025-02-04,0,0.28972999617908723,0.21337710563824433,0.0,-0.0
BBNI.JK,2025-02-05,0,0.28972999617908723,0.11375032018271142,0.0,-0.0
BBNI.JK,2025-02-06,0,0.29285487990483505,0.1854367037706354,0.0,-0.0
BBNI.JK,2025-02-07,0,0.29285487990483505,0.10958760281148187,0.0,-0.0
BBNI.JK,2025-02-10,0,0.2920656940011242,0.14584975407587636,0.0,-0.0
BBNI.JK,2025-02-11,0,0.2920656940011242,0.10947132547544493,0.0,-0.0
BBNI.JK,2025-02-12,0,0.2831164215594539,0.29752799038788413,0.0,0.0
BBNI.JK,2025-02-13,0,0.2920656940011242,0.13012176262969508,0.0,-0.0
BBNI.JK,2025-02-14,0,0.2810858472167064,0.13654924204076532,0.0,0.0
BBNI.JK,2025-02-17,0,0.2899652375267228,0.15305262398245678,0.0,0.0
BBNI.JK,2025-02-18,0,0.2833146879246569,0.040781187273860216,0.0,0.0
BBNI.JK,2025-02-19,0,0.2828716012847015,0.27589785081756896,0.0,-0.0
BBNI.JK,2025-02-20,0,0.2828716012847015,0.20029022124608187,0.0,-0.0
BBNI.JK,2025-02-21,0,0.27816567778383994,0.12213648240985388,0.0,-0.0
BBNI.JK,2025-02-24,0,0.2879605168498396,0.08413360396501368,0.0,-0.0
BBNI.JK,2025-02-25,0,0.2879605168498396,0.3160272151983583,0.0,0.0
BBNI.JK,2025-02-26,0,0.2879605168498396,0.2849309522387404,0.0,0.0
BBNI.JK,2025-02-27,0,0.2833146879246569,0.47408679898753414,0.0,-0.0
BBNI.JK,2025-02-28,0,0.2839223857646956,0.524575308934731,0.0,-0.0
BBNI.JK,2025-03-03,0,0.2839223857646956,0.45579349829692917,0.0,0.0
BBNI.JK,2025-03-04,0,0.2839223857646956,0.12845799133322505,0.0,-0.0
BBNI.JK,2025-03-05,0,0.2839223857646956,0.060925005322110676,0.0,0.0
BBNI.JK,2025-03-06,0,0.2809842654696177,0.054855713054606924,0.0,0.0
BBNI.JK,2025-03-07,0,0.2827817807877505,0.04071792691685475,0.0,-0.0
BBNI.JK,2025-03-10,0,0.2861647655219603,0.19777868448048425,0.0,-0.0
BBNI.JK,2025-03-11,0,0.27884370290725363,0.28511763786426536,0.0,0.0
BBNI.JK,2025-03-12,0,0.2827817807877505,0.427303554518887,0.0,0.0
BBNI.JK,2025-03-13,0,0.2827817807877505,0.09790205794488019,0.0,0.0
BBNI.JK,2025-03-14,0,0.2827817807877505,0.08093867562418937,0.0,-0.0
BBNI.JK,2025-03-17,0,0.2827817807877505,0.05634655851901552,0.0,-0.0
BBNI.JK,2025-03-18,0,0.2857578119421713,0.1472861058051799,0.0,-0.0
BBNI.JK,2025-03-19,0,0.28842585706189156,0.1088376587077181,0.0,-0.0
BBNI.JK,2025-03-20,0,0.28893477741450335,0.374304097824322,0.0,-0.0
BBNI.JK,2025-03-21,0,0.2931108598666915,0.4343066108199138,0.0,-0.0
BBNI.JK,2025-03-24,0,0.29577500051610855,0.38166598802339347,0.0,-0.0
BBNI.JK,2025-03-25,0,0.2884270107949879,0.5207834375414315,0.0,0.0
BBNI.JK,2025-03-26,0,0.2884270107949879,0.6746744421796814,0.0,0.0
BBNI.JK,2025-03-27,0,0.2892635391813581,0.3066731640979796,0.0,-0.0
BBNI.JK,2025-04-08,0,0.2892635391813581,0.5836956439760852,0.0,-0.0
BBNI.JK,2025-04-09,0,0.2863949813350659,0.39927079938925963,0.0,0.0
BBNI.JK,2025-04-10,0,0.2863814535319398,0.30876852519803466,0.0,0.0
BBNI.JK,2025-04-11,0,0.2863814535319398,0.1572762303382678,0.0,0.0
BBNI.JK,2025-04-14,0,0.2863814535319398,0.0943782922220671,0.0,0.0
BBNI.JK,2025-04-15,0,0.30301771384683907,0.06718062696363258,0.0,0.0
BBNI.JK,2025-04-16,0,0.28353007500448674,0.07824312402233098,0.0,-0.0
BBNI.JK,2025-04-17,0,0.29545615181396556,0.08458205787838007,0.0,-0.0
BBNI.JK,2025-04-21,0,0.29123370494740536,0.043620183628602156,0.0,-0.0
BBNI.JK,2025-04-22,0,0.28888150671562857,0.1639528606088191,0.0,0.0
BBNI.JK,2025-04-23,0,0.2930146249056094,0.3693430543067755,0.0,0.0
BBNI.JK,2025-04-24,0,0.28888150671562857,0.28269154696025356,0.0,0.0
BBNI.JK,2025-04-25,0,0.28456744885483487,0.3167564254204927,0.0,0.0
BBNI.JK,2025-04-28,0,0.28792553844992885,0.08104740116365576,0.0,-0.0
BBNI.JK,2025-04-29,0,0.286656160657961,0.10755509449585561,0.0,-0.0
BBNI.JK,2025-04-30,1,0.3680897861030695,0.27054057644141305,0.0,0.0
BBNI.JK,2025-05-02,0,0.2885053357927601,0.3213664456818147,0.0,0.0
BBNI.JK,2025-05-05,0,0.28371799412927545,0.1375115613730016,0.0,0.0
BBNI.JK,2025-05-06,0,0.28802435864648834,0.054811877369902784,0.0,-0.0
BBNI.JK,2025-05-07,0,0.28802435864648834,0.050379511284537104,0.0,-0.0
BBNI.JK,2025-05-08,-1,0.2835333829452179,0.10580195606981685,0.0,-0.0
BBNI.JK,2025-05-09,-1,0.28985559109443065,0.04135432826001157,0.0,-0.0
BBNI.JK,2025-05-14,-1,0.29611971847334145,0.20828761635373907,0.0,0.0
BBNI.JK,2025-05-15,-1,0.2897166207722548,0.18580145149555638,0.0,0.0
BBNI.JK,2025-05-16,-1,0.2937457078836534,0.11746100221046883,0.0,0.0
BBNI.JK,2025-05-19,-1,0.30100153292481835,0.16320094598361215,0.0,-0.0
BBNI.JK,2025-05-20,-1,0.2946829650425766,0.10077390496878275,0.0,-0.0
BBNI.JK,2025-05-21,-1,0.2941061992357196,0.13201205290768758,0.0,0.0
BBNI.JK,2025-05-22,-1,0.28578396888256696,0.27345441312975466,0.0,-0.0
BBNI.JK,2025-05-23,-1,0.28578396888256696,0.4601927095467572,0.0,0.0
BBNI.JK,2025-05-26,-1,0.2988096097611619,0.3737294999818347,0.0,-0.0
BBNI.JK,2025-05-27,-1,0.2988096097611619,0.6014238486860455,0.0,0.0
BBNI.JK,2025-05-28,-1,0.29444376767216357,0.21877244151033695,0.0,-0.0
BBNI.JK,2025-06-02,-1,0.2954493492328098,0.20792948850387818,0.0,-0.0
BBNI.JK,2025-06-03,0,0.28608733347234616,0.22954425321954,0.0,0.0
BBNI.JK,2025-06-04,0,0.28608733347234616,0.2355780700499635,0.0,-0.0
BBNI.JK,2025-06-05,-1,0.2954493492328098,0.09917311991457486,0.0,0.0
BBNI.JK,2025-06-10,-1,0.29217466026055405,0.31772573819469896,0.0,0.0
BBNI.JK,2025-06-11,-1,0.2881583298787792,0.17915684265333695,0.0,0.0
BBNI.JK,2025-06-12,-1,0.29004088827938007,0.05440515183655773,0.0,0.0
BBNI.JK,2025-06-13,-1,0.2918076559225569,0.10132099773675333,0.0,0.0
BBNI.JK,2025-06-16,-1,0.2964005768590932,0.11670907166614393,0.0,-0.0
BBNI.JK,2025-06-17,0,0.29050158426597955,0.16132213067770787,0.0,-0.0
BBNI.JK,2025-06-18,0,0.30437130813488716,0.27222290328806314,0.0,-0.0
BBNI.JK,2025-06-19,0,0.2970650905537968,0.10258071006865527,0.0,-0.0
BBNI.JK,2025-06-20,0,0.29527484920399394,0.13344353481866433,0.0,-0.0
BBNI.JK,2025-06-23,0,0.29527484920399394,0.30794371716369207,0.0,-0.0
BBNI.JK,2025-06-24,0,0.29614459945651983,0.6069110288008142,0.0,0.0
BBNI.JK,2025-06-25,0,0.29614459945651983,0.2729751219202653,0.0,-0.0
BBNI.JK,2025-06-26,0,0.29614459945651983,0.34387866015081753,0.0,0.0
BBNI.JK,2025-06-30,0,0.29614459945651983,0.20125669715684616,0.0,0.0
BBNI.JK,2025-07-01,0,0.29614459945651983,0.15654236128662266,0.0,-0.0
BBNI.JK,2025-07-02,0,0.29614459945651983,0.16941389751170052,0.0,0.0
BBNI.JK,2025-07-03,0,0.29614459945651983,0.13062179630218457,0.0,-0.0
BBNI.JK,2025-07-04,0,0.29896899280770206,0.09683943591093713,0.0,0.0
BBNI.JK,2025-07-07,0,0.30280177315491436,0.18015762668245106,0.0,0.0
BBNI.JK,2025-07-08,0,0.3148883859664999,0.3465743082469003,0.0,-0.0
BBNI.JK,2025-07-09,0,0.31204810668463845,0.490425453729351,0.0,0.0
BBNI.JK,2025-07-10,0,0.3246572597488442,0.6593823616789497,0.0,0.0
BBNI.JK,2025-07-11,0,0.3034292359817402,0.19729699368712975,0.0,0.0
BBNI.JK,2025-07-14,0,0.3223867504403062,0.07691420086841382,0.0,-0.0
BBNI.JK,2025-07-15,0,0.337757932038608,0.22424607135010124,0.0,0.0
BBNI.JK,2025-07-16,0,0.3252508984761407,0.27533791713095157,0.0,0.0
BBNI.JK,2025-07-17,0,0.3388958351754857,0.09753812133689306,0.0,-0.0
BBNI.JK,2025-07-18,0,0.3388958351754857,0.07251860479524624,0.0,0.0
BBNI.JK,2025-07-21,0,0.3414287006263024,0.036135673076068575,0.0,-0.0
BBNI.JK,2025-07-22,1,0.34826682068425535,0.045168749001235194,0.0,-0.0
BBNI.JK,2025-07-23,1,0.34515903060324404,0.04304224176172363,0.0,0.0
BBNI.JK,2025-07-24,0,0.3324145983279179,0.035862240907434374,0.0,0.0
BBNI.JK,2025-07-25,0,0.3324145983279179,0.09582032758733182,0.0,-0.0
BBNI.JK,2025-07-28,1,0.3684750083767535,0.12176966938704653,0.0,0.0
BBNI.JK,2025-07-29,1,0.3684750083767535,0.037029412607743735,0.0,-0.0
BBNI.JK,2025-07-30,1,0.3904732553597905,0.04122734279085609,0.0,-0.0
BBNI.JK,2025-07-31,1,0.3864365511592372,0.0788844185339346,0.0,-0.0
BBNI.JK,2025-08-01,1,0.38497615408315333,0.043889214655961635,0.0,0.0
BBNI.JK,2025-08-04,1,0.38497615408315333,0.03192363980957818,0.0,0.0
BBNI.JK,2025-08-05,0,0.31975981155102495,0.015748970384315185,0.0,0.0
BBNI.JK,2025-08-06,0,0.31632532713506806,0.056513799133323744,0.0,-0.0
BBNI.JK,2025-08-07,0,0.31950440736545566,0.017594667227434465,0.0,0.0
BBNI.JK,2025-08-08,0,0.3253366141062693,0.017541159811380658,0.0,-0.0
BBNI.JK,2025-08-11,0,0.31632532713506806,0.034515151593488766,0.0,0.0
BBNI.JK,2025-08-12,0,0.326428080286724,0.032479632636060275,0.0,0.0
BBNI.JK,2025-08-13,0,0.3059337745649097,0.023380112478376954,0.0,0.0
BBNI.JK,2025-08-14,0,0.3193347009669469,0.03724926281276419,0.0,0.0
BBNI.JK,2025-08-15,0,0.3193347009669469,0.04386336814584687,0.0,-0.0
BBNI.JK,2025-08-19,0,0.314051946592835,0.2766371786777996,0.0,-0.0
BBNI.JK,2025-08-20,0,0.31885388915992185,0.2701419733451454,0.0,0.0
BBNI.JK,2025-08-21,0,0.32031138692279354,0.4885609251334387,0.0,0.0
BBNI.JK,2025-08-22,0,0.3057362889863811,0.43955740408133076,0.0,-0.0
BBNI.JK,2025-08-25,0,0.30137479353805546,0.21903194886256672,0.0,0.0
BBNI.JK,2025-08-26,0,0.3113796471236357,0.12266019374265669,0.0,0.0
BBNI.JK,2025-08-27,0,0.29915896508610396,0.10212477337874623,0.0,-0.0
BBNI.JK,2025-08-28,0,0.2879402962376016,0.06004052661556583,0.0,0.0
BBNI.JK,2025-08-29,0,0.2814625819495919,0.07845217109497865,0.0,-0.0
BBNI.JK,2025-09-01,0,0.28809090934278175,0.17788084967323553,0.0,-0.0
BBNI.JK,2025-09-02,0,0.2867262792605128,0.18649285853178346,0.0,-0.0
BBNI.JK,2025-09-03,0,0.30392052954279325,0.09021426062169625,0.0,0.0
BBNI.JK,2025-09-04,0,0.3037659466127929,0.1343360723802195,0.0,-0.0
BBNI.JK,2025-09-08,0,0.2949216636562685,0.04871566813419322,0.0,-0.0
BBNI.JK,2025-09-09,0,0.2892148715143007,0.06268269471631811,0.0,-0.0
BBNI.JK,2025-09-10,0,0.2892148715143007,0.020208382798755833,0.0,0.0
BBNI.JK,2025-09-11,0,0.2895640916528095,0.07905794644120967,0.0,0.0
BBNI.JK,2025-09-12,0,0.29069659145628757,0.02648417378214831,0.0,0.0
BBNI.JK,2025-09-15,1,0.36109268998999894,0.010008521565686537,0.0,-0.0
BBNI.JK,2025-09-16,1,0.36109268998999894,0.011469465139173175,0.0,-0.0
BBNI.JK,2025-09-17,1,0.36109268998999894,0.012140678259159089,0.0,0.0
BBNI.JK,2025-09-18,1,0.36242236859849464,0.0996414748797954,0.0,-0.0
BBNI.JK,2025-09-19,0,0.30242529915714333,0.17860512528936395,0.0,-0.0
BBNI.JK,2025-09-22,0,0.2927053233531018,0.14479303038264188,0.0,-0.0
BBNI.JK,2025-09-23,0,0.2927053233531018,0.15664826787247238,0.0,-0.0
BBNI.JK,2025-09-24,0,0.3019617945248215,0.06933824718865092,0.0,-0.0
BBNI.JK,2025-09-25,0,0.3051432049386221,0.168258626888492,0.0,0.0
BBNI.JK,2025-09-26,0,0.3012801968915102,0.08448030120606297,0.0,-0.0
BBNI.JK,2025-09-29,0,0.3012801968915102,0.06845150967251826,0.0,-0.0
BBNI.JK,2025-09-30,0,0.29466021757742317,0.022832964573838578,0.0,-0.0
BBNI.JK,2025-10-01,0,0.2966664250493637,0.031239301818086557,0.0,-0.0
BBNI.JK,2025-10-02,0,0.2934631954209281,0.05267470189758443,0.0,-0.0
BBNI.JK,2025-10-03,0,0.29621803240314304,0.05655578061491646,0.0,0.0
BBNI.JK,2025-10-06,0,0.29702841946212505,0.08926056881029903,0.0,-0.0
BBNI.JK,2025-10-07,0,0.30267951512231445,0.09315382430868027,0.0,-0.0
BBNI.JK,2025-10-08,0,0.3118450801647214,0.08612173093188101,0.0,-0.0
BBNI.JK,2025-10-09,0,0.31465908957882915,0.20636140310734713,0.0,0.0
BBNI.JK,2025-10-10,0,0.3163279596718114,0.17384795493301536,0.0,-0.0
BBNI.JK,2025-10-13,0,0.32114231138825977,0.35108570425247093,0.0,-0.0
BBNI.JK,2025-10-14,0,0.31211240093510983,0.1282315676645083,0.0,-0.0
BBNI.JK,2025-10-15,0,0.3100396796779707,0.17894902226039128,0.0,-0.0
BBNI.JK,2025-10-16,0,0.3407458341856115,0.16054040259594946,0.0,0.0
BBNI.JK,2025-10-17,0,0.3407458341856115,0.08613652605860535,0.0,-0.0
BBNI.JK,2025-10-20,1,0.362171626141256,0.05441851562196435,0.0,0.0
BBNI.JK,2025-10-21,1,0.37162213945431455,0.02768294224330333,0.0,0.0
BBNI.JK,2025-10-22,1,0.37162213945431455,0.05516142434668599,0.0,-0.0
BBNI.JK,2025-10-23,1,0.362171626141256,0.04220303044966336,0.0,0.0
BBNI.JK,2025-10-24,1,0.37619434365011645,0.10724433435227834,0.0,0.0
BBNI.JK,2025-10-27,1,0.37619434365011645,0.08385789848248966,0.0,0.0
BBNI.JK,2025-10-28,0,0.30252151802233085,0.21624910911855763,0.0,0.0
BBNI.JK,2025-10-29,0,0.3027760678486138,0.10804907175564171,0.0,0.0
BBNI.JK,2025-10-30,0,0.30252151802233085,0.2944395240057527,0.0,-0.0
BBNI.JK,2025-10-31,0,0.29352800205170587,0.3442580364043366,0.0,-0.0
BBNI.JK,2025-11-03,0,0.29352800205170587,0.6559304941252441,0.0,0.0
BBNI.JK,2025-11-04,0,0.29689807733195184,0.6542930801031857,0.0,0.0
BBNI.JK,2025-11-05,0,0.29689807733195184,0.660985589646957,0.0,0.0
BBNI.JK,2025-11-06,0,0.3030252590782639,0.5735776619685903,0.0,-0.0
BBNI.JK,2025-11-07,0,0.3030252590782639,0.5096776533444397,0.0,0.0
BBNI.JK,2025-11-10,0,0.2954379167190068,0.08095115919177621,0.0,-0.0
BBNI.JK,2025-11-11,0,0.29826808560297413,0.21063440904160244,0.0,0.0
BBNI.JK,2025-11-12,-1,0.2992895382079459,0.23669580946575536,0.0,0.0
BBNI.JK,2025-11-13,-1,0.3011448328389987,0.1553423124322749,0.0,-0.0
BBNI.JK,2025-11-14,-1,0.3011448328389987,0.12779664923657333,0.0,-0.0
BBNI.JK,2025-11-17,0,0.317978573163793,0.1039563782495643,0.0,0.0
BBNI.JK,2025-11-18,0,0.317978573163793,0.19992043358854894,0.0,0.0
BBNI.JK,2025-11-19,0,0.31589470328504676,0.10709539287154766,0.0,0.0
BBNI.JK,2025-11-20,-1,0.32927740749846046,0.09499949315692241,0.0,0.0
BBNI.JK,2025-11-21,1,0.35016046354213676,0.10323882700198368,0.0,-0.0
BBNI.JK,2025-11-24,1,0.3442988079828982,0.022219769259400522,0.0,0.0
BBNI.JK,2025-11-25,1,0.3886171231464599,0.07125030264016231,0.0,0.0
BBNI.JK,2025-11-26,1,0.3886171231464599,0.025405599926349973,0.0,-0.0
BBNI.JK,2025-11-27,1,0.3886171231464599,0.02388264259119967,0.0,-0.0
BBNI.JK,2025-11-28,1,0.3886171231464599,0.020045400566852133,0.0,-0.0
BBNI.JK,2025-12-01,1,0.3886171231464599,0.03213985341183657,0.0,0.0
BBNI.JK,2025-12-02,1,0.3886171231464599,0.017696726279341633,0.0,-0.0
BBNI.JK,2025-12-03,1,0.3837260834524567,0.043002247104765176,0.0,-0.0
BBNI.JK,2025-12-04,1,0.3886171231464599,0.021286367419624964,0.0,0.0
BBNI.JK,2025-12-05,1,0.3886171231464599,0.12002282788455113,0.0,-0.0
BBNI.JK,2025-12-08,1,0.3886171231464599,0.12525501706332645,0.0,0.0
BBNI.JK,2025-12-09,1,0.3886171231464599,0.05207540846257949,0.0,0.0
BBNI.JK,2025-12-10,1,0.3886171231464599,0.10576649460357393,0.0,-0.0
BBNI.JK,2025-12-11,1,0.3874012818512696,0.010360145148560347,0.0,-0.0
BBNI.JK,2025-12-12,1,0.381664490536277,0.012661158041592648,0.0,0.0
BBNI.JK,2025-12-15,1,0.3754539724144137,0.02744504237877164,0.0,0.0
BBNI.JK,2025-12-16,1,0.3812928897866831,0.022845804661703568,0.0,-0.0
BBNI.JK,2025-12-17,1,0.3812928897866831,0.018929951078877343,0.0,-0.0
BBNI.JK,2025-12-18,1,0.3812928897866831,0.01531560174817973,0.0,0.0
BBNI.JK,2025-12-19,1,0.3781355292806657,0.020310964011177903,0.0,-0.0
BBNI.JK,2025-12-22,1,0.3781355292806657,0.018277310957903754,0.0,-0.0
BBNI.JK,2025-12-23,1,0.3781355292806657,0.01638294655269871,0.0,-0.0
BBNI.JK,2025-12-24,1,0.3781355292806657,0.016752430598263226,0.0,-0.0
BBNI.JK,2025-12-29,1,0.3781355292806657,0.043319370780611474,0.0,-0.0
TLKM.JK,2025-01-02,0,0.33495455555068276,0.07732612067702982,0.0,0.0
TLKM.JK,2025-01-03,1,0.35356741265990393,0.17596848715632935,0.0,0.0
TLKM.JK,2025-01-06,0,0.3355696273843946,0.2190349124105706,0.0,-0.0
TLKM.JK,2025-01-07,0,0.33119695292002177,0.13706111521123607,0.0,-0.0
TLKM.JK,2025-01-08,0,0.32641044005798636,0.11638717369521748,0.0,0.0
TLKM.JK,2025-01-09,0,0.3326288854653645,0.039977982720872905,0.0,-0.0
TLKM.JK,2025-01-10,0,0.32141719889042364,0.09407127077274854,0.0,0.0
TLKM.JK,2025-01-13,0,0.3302594945290727,0.05556487296624943,0.0,-0.0
TLKM.JK,2025-01-14,1,0.3751002115671976,0.03370216918176956,0.0,-0.0
TLKM.JK,2025-01-15,1,0.3861974704851583,0.05843609319899952,0.0,0.0
TLKM.JK,2025-01-16,1,0.39149263735320566,0.05307559369711092,0.0,-0.0
TLKM.JK,2025-01-17,1,0.40616468883428414,0.046543161495983046,0.0,0.0
TLKM.JK,2025-01-20,1,0.3984260445083751,0.057332153323399644,0.0,-0.0
TLKM.JK,2025-01-21,1,0.4075200345879826,0.035079688309180485,0.0,0.0
TLKM.JK,2025-01-22,1,0.3852599392884111,0.5259975969797807,0.0,0.0
TLKM.JK,2025-01-23,1,0.38453213234830447,0.3377107276856205,0.0,-0.0
TLKM.JK,2025-01-24,1,0.40307045995341717,0.04512821400254426,0.0,-0.0
TLKM.JK,2025-01-30,1,0.399050804052614,0.022765375054759292,0.0,-0.0
TLKM.JK,2025-01-31,1,0.3934352443306444,0.013929469570525987,0.0,0.0
TLKM.JK,2025-02-03,1,0.4144632645485541,0.033172941031124684,0.0,-0.0
TLKM.JK,2025-02-04,1,0.44315222130392223,0.015932995320984494,0.0,0.0
TLKM.JK,2025-02-05,1,0.42911933447090106,0.03310354367937179,0.0,-0.0
TLKM.JK,2025-02-06,1,0.41998487578703075,0.019859877796804714,0.0,-0.0
TLKM.JK,2025-02-07,1,0.4325428300876796,0.02016343775476498,0.0,0.0
TLKM.JK,2025-02-10,1,0.40268452508076574,0.17692702973443225,0.0,-0.0
TLKM.JK,2025-02-11,1,0.3961673993280506,0.67934438041896,0.0,-0.0
TLKM.JK,2025-02-12,1,0.38454196545633196,0.20234083838511996,1.0,0.06746552570884484
TLKM.JK,2025-02-13,1,0.3978384130488352,0.3555572442009917,0.0,-0.0025
TLKM.JK,2025-02-14,1,0.39407557763979806,0.48658211318835576,0.0,0.0
TLKM.JK,2025-02-17,1,0.4164124279865385,0.14175720967752245,0.0,0.0
TLKM.JK,2025-02-18,1,0.4122328589315647,0.1688304736331746,0.0,0.0
TLKM.JK,2025-02-19,1,0.40806899259445206,0.2015078742573451,0.0,-0.0
TLKM.JK,2025-02-20,1,0.42378120580889106,0.24604953435794896,0.0,0.0
TLKM.JK,2025-02-21,1,0.4194030076047291,0.3790978117742484,0.0,-0.0
TLKM.JK,2025-02-24,1,0.39851392185130113,0.3048227325236708,0.0,-0.0
TLKM.JK,2025-02-25,1,0.3746739105605689,0.22255255227674303,0.0,-0.0
TLKM.JK,2025-02-26,1,0.37310313274619483,0.22174989024798963,0.0,0.0
TLKM.JK,2025-02-27,1,0.37820903450403115,0.22165679834884322,0.0,-0.0
TLKM.JK,2025-02-28,1,0.3747633146399873,0.31820969017514134,0.0,-0.0
TLKM.JK,2025-03-03,1,0.37526492882490914,0.23322713597845623,0.0,0.0
TLKM.JK,2025-03-04,0,0.3728893389032575,0.05677896121518867,0.0,-0.0
TLKM.JK,2025-03-05,0,0.36087240516707125,0.04896668447846654,0.0,0.0
TLKM.JK,2025-03-06,0,0.36632335397789995,0.12302103832679359,0.0,-0.0
TLKM.JK,2025-03-07,0,0.36525573214450774,0.2228716041622879,0.0,0.0
TLKM.JK,2025-03-10,0,0.35168014295106936,0.21809548155979444,0.0,-0.0
TLKM.JK,2025-03-11,1,0.4131168332768985,0.09882257141035156,0.0,-0.0
TLKM.JK,2025-03-12,1,0.3859972238827584,0.2646648925176069,0.0,0.0
TLKM.JK,2025-03-13,1,0.4085820341331064,0.1746088800057584,0.0,-0.0
TLKM.JK,2025-03-14,1,0.385994160653731,0.12901354764187925,0.0,-0.0
TLKM.JK,2025-03-17,1,0.37697472140543625,0.19801115282654674,0.0,0.0
TLKM.JK,2025-03-18,1,0.3674046754407397,0.18402658225742052,0.0,0.0
TLKM.JK,2025-03-19,1,0.39627192012372964,0.18547750968124904,0.0,0.0
TLKM.JK,2025-03-20,1,0.38285642365289796,0.44734077697910146,0.0,-0.0
TLKM.JK,2025-03-21,1,0.37056130245847646,0.34946837843802603,0.0,-0.0
TLKM.JK,2025-03-24,1,0.3772084390455879,0.10649689580643387,0.0,0.0
TLKM.JK,2025-03-25,1,0.36167022190571185,0.03505123519206114,0.0,0.0
TLKM.JK,2025-03-26,-1,0.3463721978288388,0.09050605470857859,0.0,0.0
TLKM.JK,2025-03-27,0,0.32700387434730444,0.03729260206498948,0.0,-0.0
TLKM.JK,2025-04-08,0,0.33188882286389815,0.08137989825228528,0.0,-0.0
TLKM.JK,2025-04-09,0,0.3398090772898539,0.015344199058577786,0.0,0.0
TLKM.JK,2025-04-10,0,0.34477992498612803,0.022521768895899276,0.0,0.0
TLKM.JK,2025-04-11,0,0.3436705327475824,0.028233196332764356,0.0,-0.0
TLKM.JK,2025-04-14,1,0.35985013818304895,0.036416935625679214,0.0,0.0
TLKM.JK,2025-04-15,1,0.40428102870078114,0.022458585088200266,0.0,0.0
TLKM.JK,2025-04-16,1,0.3932344930195317,0.12132408724671107,0.0,0.0
TLKM.JK,2025-04-17,1,0.3829119714143528,0.3707657360752341,0.0,0.0
TLKM.JK,2025-04-21,1,0.3763468390313398,0.0743061949433384,0.0,0.0
TLKM.JK,2025-04-22,1,0.3912855098130681,0.1691926212333768,0.0,-0.0
TLKM.JK,2025-04-23,1,0.413216424474392,0.17514492375140636,0.0,0.0
TLKM.JK,2025-04-24,1,0.4120586233829321,0.2060763655253209,0.0,0.0
TLKM.JK,2025-04-25,1,0.41946232163917613,0.30004091053230975,0.0,-0.0
TLKM.JK,2025-04-28,1,0.42405405184072814,0.48453725379664314,0.0,-0.0
TLKM.JK,2025-04-29,1,0.4336344296771525,0.6467142607807909,0.0,0.0
TLKM.JK,2025-04-30,1,0.4352893264013129,0.5095683992563598,1.0,0.01780504945369593
TLKM.JK,2025-05-02,1,0.4077329267190092,0.4444960963800117,0.0,-0.0025
TLKM.JK,2025-05-05,1,0.4166715954613354,0.6071382720088718,0.0,0.0
TLKM.JK,2025-05-06,1,0.43151950630203595,0.5346987190271834,1.0,-0.008907460547312783
TLKM.JK,2025-05-07,1,0.4166478066038696,0.16616613107698064,0.0,-0.0025
TLKM.JK,2025-05-08,1,0.4141437220564428,0.24219875137982622,0.0,-0.0
TLKM.JK,2025-05-09,1,0.4169654041986029,0.2643909979533068,0.0,0.0
TLKM.JK,2025-05-14,1,0.4241168708610184,0.5796556057286262,0.0,-0.0
TLKM.JK,2025-05-15,1,0.4185357552396927,0.3365158738242302,0.0,0.0
TLKM.JK,2025-05-16,1,0.4026057652134944,0.45202289442801546,0.0,0.0
TLKM.JK,2025-05-19,1,0.4045856120769719,0.6897657192934191,0.0,0.0
TLKM.JK,2025-05-20,1,0.4063573507621743,0.481036032001747,1.0,-0.029868896768043773
TLKM.JK,2025-05-21,1,0.40823600009924166,0.5100091918554119,0.0,-0.0025
TLKM.JK,2025-05-22,1,0.4014543544466544,0.4733012904007884,0.0,0.0
TLKM.JK,2025-05-23,1,0.41645348211088024,0.38445948963649984,0.0,-0.0
TLKM.JK,2025-05-26,1,0.41265475137153895,0.657151320717227,0.0,0.0
TLKM.JK,2025-05-27,1,0.4139732468436118,0.6150455814733713,1.0,0.009214261371618683
TLKM.JK,2025-05-28,1,0.4082675191309691,0.7248660291064397,1.0,-0.003533493860068737
TLKM.JK,2025-06-02,1,0.4165108839402177,0.6116353448507322,1.0,-0.014184397879496768
TLKM.JK,2025-06-03,1,0.40366292053307,0.6006049760030329,1.0,0.007194193741677513
TLKM.JK,2025-06-04,1,0.4099669697259459,0.81615370396591,1.0,0.007142908734778075
TLKM.JK,2025-06-05,1,0.40146371948795256,0.9184913830953052,1.0,0.007092249444273557
TLKM.JK,2025-06-10,1,0.38685746017713535,0.5665806248317712,1.0,0.024647761951801517
TLKM.JK,2025-06-11,1,0.3856037595807694,0.6317516686672625,0.0,-0.0025
TLKM.JK,2025-06-12,1,0.3955758194489747,0.69387260365315,1.0,-0.008642882065777622
TLKM.JK,2025-06-13,1,0.3774350468365877,0.47309764625757206,1.0,-0.014388444792878374
TLKM.JK,2025-06-16,1,0.3774350468365877,0.7057850047828044,0.0,-0.0025
TLKM.JK,2025-06-17,0,0.36864441805378734,0.5125702884042597,1.0,0.00579919902799403
TLKM.JK,2025-06-18,1,0.37153808903738506,0.8135096730225071,0.0,-0.0025
TLKM.JK,2025-06-19,0,0.35968277738082927,0.6404184718142079,1.0,-0.030380872964481165
TLKM.JK,2025-06-20,0,0.3649311038310552,0.23600160441960605,0.0,-0.0025
TLKM.JK,2025-06-23,0,0.3663056796779962,0.37158508409519486,0.0,-0.0
TLKM.JK,2025-06-24,0,0.3576254197003303,0.27811359875846087,0.0,0.0
TLKM.JK,2025-06-25,1,0.3690666784326775,0.24542748044563545,0.0,0.0
TLKM.JK,2025-06-26,1,0.35883929767678835,0.3214899995945669,0.0,0.0
TLKM.JK,2025-06-30,0,0.3479173633555542,0.35086876149899277,0.0,0.0
TLKM.JK,2025-07-01,0,0.34667261126042304,0.6768916422193941,0.0,0.0
TLKM.JK,2025-07-02,1,0.3702405735390658,0.2597983532917972,0.0,-0.0
TLKM.JK,2025-07-03,1,0.36868346464705914,0.14361831554446317,0.0,-0.0
TLKM.JK,2025-07-04,1,0.3710297453042656,0.12884934366818257,0.0,-0.0
TLKM.JK,2025-07-07,1,0.3653558223817545,0.26204848638467826,0.0,0.0
TLKM.JK,2025-07-08,1,0.37286282803833737,0.16460770429449145,0.0,-0.0
TLKM.JK,2025-07-09,1,0.3735194931515267,0.09722894425078867,0.0,0.0
TLKM.JK,2025-07-10,1,0.3744617646673631,0.03314248773614141,0.0,0.0
TLKM.JK,2025-07-11,1,0.35080656703925805,0.1494656694027667,0.0,0.0
TLKM.JK,2025-07-14,0,0.34456596424726593,0.04968785504942509,0.0,-0.0
TLKM.JK,2025-07-15,0,0.34399567628494365,0.19853756575657305,0.0,-0.0
TLKM.JK,2025-07-16,0,0.34049991058746787,0.08924602754963842,0.0,0.0
TLKM.JK,2025-07-17,0,0.33218357186851527,0.059746807925022606,0.0,0.0
TLKM.JK,2025-07-18,0,0.3260200276539362,0.22368822987482703,0.0,0.0
TLKM.JK,2025-07-21,0,0.3280196156714064,0.12139112341165949,0.0,0.0
TLKM.JK,2025-07-22,0,0.3253835073387991,0.28365268407757244,0.0,0.0
TLKM.JK,2025-07-23,0,0.32914215051620366,0.42765775183539034,0.0,0.0
TLKM.JK,2025-07-24,0,0.3500758056601428,0.27193900400008775,0.0,-0.0
TLKM.JK,2025-07-25,0,0.3511094561798887,0.6828031559432098,0.0,-0.0
TLKM.JK,2025-07-28,0,0.3521149698600388,0.39137579530595396,0.0,0.0
TLKM.JK,2025-07-29,0,0.35133147566043044,0.08790350536712721,0.0,0.0
TLKM.JK,2025-07-30,1,0.36062818451658774,0.3701601972339336,0.0,0.0
TLKM.JK,2025-07-31,1,0.34268188138587824,0.2462039996717832,0.0,0.0
TLKM.JK,2025-08-01,0,0.32805525337910496,0.6911354068210738,0.0,0.0
TLKM.JK,2025-08-04,0,0.329278398363944,0.40033341355847013,0.0,0.0
TLKM.JK,2025-08-05,0,0.329278398363944,0.5107528304949359,0.0,0.0
TLKM.JK,2025-08-06,0,0.33399294945636887,0.5639218072615396,0.0,-0.0
TLKM.JK,2025-08-07,0,0.3355497846408989,0.7407421403284167,0.0,-0.0
TLKM.JK,2025-08-08,0,0.3366533156336845,0.7939019296218868,0.0,-0.0
TLKM.JK,2025-08-11,0,0.3335239990408547,0.5033235275524395,0.0,0.0
TLKM.JK,2025-08-12,0,0.3291199001887157,0.8647266537908552,0.0,0.0
TLKM.JK,2025-08-13,-1,0.28206032001759646,0.6790775464194785,0.0,0.0
TLKM.JK,2025-08-14,-1,0.2831993229101411,0.779082163217937,0.0,0.0
TLKM.JK,2025-08-15,-1,0.28419254702397845,0.8202915173744384,0.0,-0.0
TLKM.JK,2025-08-19,-1,0.3019294323498315,0.4858207630215567,0.0,-0.0
TLKM.JK,2025-08-20,0,0.31050672469189383,0.6391607617410323,0.0,-0.0
TLKM.JK,2025-08-21,-1,0.2819668961291685,0.6961759219608371,0.0,0.0
TLKM.JK,2025-08-22,0,0.29158992129104855,0.6421747446692159,0.0,-0.0
TLKM.JK,2025-08-25,0,0.27423914899597185,0.7738820946746869,0.0,0.0
TLKM.JK,2025-08-26,0,0.24218362155132084,0.7153226837199869,0.0,-0.0
TLKM.JK,2025-08-27,0,0.2717902148532994,0.8176913666251527,0.0,-0.0
TLKM.JK,2025-08-28,0,0.2694527578479278,0.7430508181082648,0.0,0.0
TLKM.JK,2025-08-29,0,0.3463019899502149,0.6386435353551008,0.0,-0.0
TLKM.JK,2025-09-01,1,0.3849588030348814,0.8077540984797026,0.0,-0.0
TLKM.JK,2025-09-02,1,0.3991949331311346,0.418787833307483,1.0,-0.014361781106389247
TLKM.JK,2025-09-03,1,0.35190805126316627,0.7202999802939231,0.0,-0.0025
TLKM.JK,2025-09-04,1,0.3496094385275055,0.6736494407844174,1.0,0.011361696203419371
TLKM.JK,2025-09-08,1,0.3815595619211812,0.6024517436217806,1.0,-0.01904760228265101
TLKM.JK,2025-09-09,0,0.3452635043997779,0.7252789398643857,1.0,-0.01294494371969801
TLKM.JK,2025-09-10,0,0.31837043638188994,0.3377355376567174,0.0,-0.0025
TLKM.JK,2025-09-11,1,0.36280246363055657,0.11039239885656489,0.0,-0.0
TLKM.JK,2025-09-12,0,0.3358124408838265,0.2585589710893322,0.0,0.0
TLKM.JK,2025-09-15,0,0.345133738827342,0.060640355446171273,0.0,0.0
TLKM.JK,2025-09-16,0,0.3460840308961752,0.12714630583037867,0.0,0.0
TLKM.JK,2025-09-17,1,0.34753972828275526,0.2713709404869637,0.0,0.0
TLKM.JK,2025-09-18,1,0.3485719982972042,0.035865657233066825,0.0,-0.0
TLKM.JK,2025-09-19,1,0.38164637003368124,0.10541166589847568,0.0,-0.0
TLKM.JK,2025-09-22,1,0.38164637003368124,0.12535846586790791,0.0,-0.0
TLKM.JK,2025-09-23,0,0.35426720060247996,0.09715967469204301,0.0,-0.0
TLKM.JK,2025-09-24,1,0.38571916512722554,0.2736701560265362,0.0,-0.0
TLKM.JK,2025-09-25,1,0.3911404260081127,0.15662980758162579,0.0,-0.0
TLKM.JK,2025-09-26,1,0.3925984346573454,0.10315399837665734,0.0,-0.0
TLKM.JK,2025-09-29,1,0.42366887127315517,0.1055100003082472,0.0,-0.0
TLKM.JK,2025-09-30,1,0.42830111675801563,0.04397990444807271,0.0,-0.0
TLKM.JK,2025-10-01,1,0.4244332923888047,0.06469638318515124,0.0,0.0
TLKM.JK,2025-10-02,1,0.41927329674461755,0.11767027323615176,0.0,0.0
TLKM.JK,2025-10-03,1,0.4191419255575311,0.05314454973514713,0.0,-0.0
TLKM.JK,2025-10-06,1,0.393281491134038,0.07810356595034532,0.0,-0.0
TLKM.JK,2025-10-07,1,0.3982583179089044,0.2585515772615334,0.0,0.0
TLKM.JK,2025-10-08,1,0.40198275015915835,0.08151965394115683,0.0,-0.0
TLKM.JK,2025-10-09,1,0.41710127418808024,0.1727418384033324,0.0,0.0
TLKM.JK,2025-10-10,1,0.4214563706438529,0.14493558809131507,0.0,0.0
TLKM.JK,2025-10-13,1,0.43000377594253936,0.2728851675657714,0.0,-0.0
TLKM.JK,2025-10-14,1,0.43683784752921684,0.2721986537022882,0.0,-0.0
TLKM.JK,2025-10-15,1,0.37114495142717596,0.049334882529347895,0.0,0.0
TLKM.JK,2025-10-16,1,0.3783479534608368,0.207224424998129,0.0,-0.0
TLKM.JK,2025-10-17,1,0.3732459506423523,0.23104447565494066,0.0,-0.0
TLKM.JK,2025-10-20,1,0.37776972721546925,0.02515075395043336,0.0,0.0
TLKM.JK,2025-10-21,1,0.3586700316539192,0.6485960546400252,0.0,0.0
TLKM.JK,2025-10-22,1,0.36397300057374005,0.4556918110717821,1.0,-0.04113420303682841
TLKM.JK,2025-10-23,1,0.3596300346340982,0.46908201821480666,0.0,-0.0025
TLKM.JK,2025-10-24,1,0.39081002017011535,0.25206364255749975,0.0,-0.0
TLKM.JK,2025-10-27,1,0.37907912249241954,0.4263121331638505,0.0,0.0
TLKM.JK,2025-10-28,1,0.3807793834973974,0.6280334281134755,0.0,0.0
TLKM.JK,2025-10-29,1,0.3814749386838339,0.29689607624034253,1.0,-0.03385297658086267
TLKM.JK,2025-10-30,1,0.39015914677647046,0.24763496380434555,0.0,-0.0025
TLKM.JK,2025-10-31,1,0.3830347808717856,0.569425283787701,0.0,-0.0
TLKM.JK,2025-11-03,0,0.35926558043824086,0.4407735610566589,0.0,0.0
TLKM.JK,2025-11-04,0,0.3449076085314724,0.5486098883181671,0.0,0.0
TLKM.JK,2025-11-05,0,0.30220336759620886,0.5000217526184385,0.0,0.0
TLKM.JK,2025-11-06,0,0.32953645959704575,0.7346584954475058,0.0,-0.0
TLKM.JK,2025-11-07,1,0.35700659078352626,0.5994506243883072,0.0,-0.0
TLKM.JK,2025-11-10,1,0.3628620355639334,0.3901506631384929,0.0,-0.0
TLKM.JK,2025-11-11,1,0.35638020848488516,0.7747832486551005,0.0,0.0
TLKM.JK,2025-11-12,-1,0.3283259593982468,0.6715696097922514,1.0,0.00986367642777536
TLKM.JK,2025-11-13,1,0.36073758762172015,0.6597814492552467,0.0,-0.0025
TLKM.JK,2025-11-14,1,0.3451326900106186,0.6875755902058646,1.0,0.012785688419764853
TLKM.JK,2025-11-17,-1,0.30172744191960316,0.5987693686173168,1.0,0.016901393155706046
TLKM.JK,2025-11-18,-1,0.2815809211111139,0.5217523374153356,0.0,-0.0025
TLKM.JK,2025-11-19,-1,0.27801878242674233,0.6469446394966595,0.0,0.0
TLKM.JK,2025-11-20,-1,0.28955678336553636,0.9102854676464625,0.0,-0.0
TLKM.JK,2025-11-21,1,0.35322606428564346,0.42166226942439716,0.0,-0.0
TLKM.JK,2025-11-24,-1,0.32541923317244875,0.7228839708573452,0.0,0.0
TLKM.JK,2025-11-25,1,0.3729617056728858,0.503837421977092,0.0,-0.0
TLKM.JK,2025-11-26,1,0.3543560466789122,0.49730714200827614,0.0,0.0
TLKM.JK,2025-11-27,1,0.3670098521562853,0.6940594359730292,0.0,-0.0
TLKM.JK,2025-11-28,1,0.3643761918198228,0.5090378063035821,1.0,-0.018306707150611168
TLKM.JK,2025-12-01,-1,0.3368348115283372,0.5620784909394704,0.0,-0.0025
TLKM.JK,2025-12-02,1,0.37262665887850516,0.21792994522855702,0.0,-0.0
TLKM.JK,2025-12-03,1,0.37262665887850516,0.20694957181693452,0.0,0.0
TLKM.JK,2025-12-04,-1,0.3504767302309312,0.5759732685298672,0.0,0.0
TLKM.JK,2025-12-05,-1,0.34522518014448705,0.6876250276153262,0.0,0.0
TLKM.JK,2025-12-08,-1,0.3417476809172764,0.24390605920434294,0.0,-0.0
TLKM.JK,2025-12-09,-1,0.35681857775136583,0.12011046648328229,0.0,-0.0
TLKM.JK,2025-12-10,-1,0.3422583288841378,0.23858141096551236,0.0,0.0
TLKM.JK,2025-12-11,-1,0.351879445742406,0.21737574887365507,0.0,-0.0
TLKM.JK,2025-12-12,-1,0.34391741701785383,0.3607440902198567,0.0,-0.0
TLKM.JK,2025-12-15,-1,0.3455500866211721,0.24279706757405023,0.0,-0.0
TLKM.JK,2025-12-16,-1,0.35210916308011814,0.26931713063723073,0.0,0.0
TLKM.JK,2025-12-17,-1,0.3504035153527915,0.12053796547886494,0.0,-0.0
TLKM.JK,2025-12-18,1,0.3817156666703396,0.09170006380347415,0.0,-0.0
TLKM.JK,2025-12-19,1,0.4239698521125506,0.11402584072096855,0.0,-0.0
TLKM.JK,2025-12-22,1,0.39039751437817394,0.008568707548702537,0.0,0.0
TLKM.JK,2025-12-23,1,0.40405974149491986,0.1827326568785643,0.0,0.0
TLKM.JK,2025-12-24,1,0.41956589332296707,0.10722605950967118,0.0,-0.0
TLKM.JK,2025-12-29,1,0.4051941887496519,0.364379787219001,0.0,0.0
ASII.JK,2025-01-02,-1,0.25036164400906524,0.4385861053557634,0.0,0.0
ASII.JK,2025-01-03,-1,0.2566079064163505,0.574728441167958,0.0,0.0
ASII.JK,2025-01-06,-1,0.2658850686410049,0.3005649970878778,0.0,-0.0
ASII.JK,2025-01-07,-1,0.2780599864300636,0.7564753437049551,0.0,0.0
ASII.JK,2025-01-08,-1,0.30819451188781183,0.5148082777016588,0.0,-0.0
ASII.JK,2025-01-09,-1,0.2525330325425942,0.5874799349259293,0.0,0.0
ASII.JK,2025-01-10,-1,0.26147198176333336,0.7711536382059997,0.0,-0.0
ASII.JK,2025-01-13,-1,0.2676856336901965,0.803231890962177,0.0,-0.0
ASII.JK,2025-01-14,-1,0.2809203037579881,0.8253471610539528,0.0,0.0
ASII.JK,2025-01-15,-1,0.3453345582251354,0.3640045671814875,0.0,0.0
ASII.JK,2025-01-16,-1,0.34349328255343636,0.28569145375435845,0.0,-0.0
ASII.JK,2025-01-17,-1,0.3560266078800515,0.1787017736494726,0.0,0.0
ASII.JK,2025-01-20,1,0.3858692634824321,0.30073062007564416,0.0,-0.0
ASII.JK,2025-01-21,1,0.3827220324884206,0.1702681547135462,0.0,0.0
ASII.JK,2025-01-22,1,0.4046010126855161,0.5093817745257522,0.0,0.0
ASII.JK,2025-01-23,1,0.36055465539443593,0.45523986142649037,0.0,-0.0
ASII.JK,2025-01-24,-1,0.3673840857991124,0.3287775772927153,0.0,-0.0
ASII.JK,2025-01-30,-1,0.29354461715254243,0.6776867792713283,0.0,-0.0
ASII.JK,2025-01-31,-1,0.3100740032060812,0.7446268392322438,0.0,0.0
ASII.JK,2025-02-03,-1,0.27048107414827116,0.6908808081422105,0.0,-0.0
ASII.JK,2025-02-04,-1,0.25899333439394207,0.5819330180188337,0.0,0.0
ASII.JK,2025-02-05,-1,0.2673566814094724,0.8093026183688837,0.0,-0.0
ASII.JK,2025-02-06,0,0.317281536783624,0.40271077152722895,0.0,-0.0
ASII.JK,2025-02-07,-1,0.307795526110882,0.5326509107980517,0.0,0.0
ASII.JK,2025-02-10,1,0.3377783379299652,0.5106278312947448,0.0,-0.0
ASII.JK,2025-02-11,1,0.3636929442568037,0.5248664774710357,0.0,0.0
ASII.JK,2025-02-12,-1,0.338614675891971,0.513527198709085,0.0,0.0
ASII.JK,2025-02-13,-1,0.307298468836567,0.18049349586010396,0.0,0.0
ASII.JK,2025-02-14,-1,0.3159481081216503,0.3717594421759506,0.0,0.0
ASII.JK,2025-02-17,-1,0.34486961568289404,0.6141694871259789,0.0,0.0
ASII.JK,2025-02-18,-1,0.35548868762532665,0.6206083764223357,0.0,0.0
ASII.JK,2025-02-19,-1,0.33763829830539743,0.2415867200941671,0.0,-0.0
ASII.JK,2025-02-20,-1,0.32113521144435264,0.3409093123689523,0.0,0.0
ASII.JK,2025-02-21,-1,0.30845150610461525,0.26038889975008433,0.0,0.0
ASII.JK,2025-02-24,-1,0.30679479135758764,0.20119411035003967,0.0,-0.0
ASII.JK,2025-02-25,0,0.28056554293205777,0.6930422790977951,0.0,-0.0
ASII.JK,2025-02-26,0,0.24874516853892872,0.7134573266796876,0.0,0.0
ASII.JK,2025-02-27,-1,0.2397324202575377,0.32848421274384193,0.0,0.0
ASII.JK,2025-02-28,0,0.2741005738904138,0.6297534470078332,0.0,-0.0
ASII.JK,2025-03-03,-1,0.30518458975038637,0.4190748104249908,0.0,0.0
ASII.JK,2025-03-04,-1,0.322364137959219,0.5929430650890126,0.0,0.0
ASII.JK,2025-03-05,-1,0.331123968661671,0.30512598261891977,0.0,0.0
ASII.JK,2025-03-06,1,0.35157977879581237,0.4757710188116537,0.0,0.0
ASII.JK,2025-03-07,-1,0.28519397333922364,0.6117756693376188,0.0,0.0
ASII.JK,2025-03-10,-1,0.2951264147859563,0.23963461108310558,0.0,-0.0
ASII.JK,2025-03-11,0,0.29018492437068827,0.20014733482547378,0.0,0.0
ASII.JK,2025-03-12,0,0.27311859523667176,0.24953500117104344,0.0,0.0
ASII.JK,2025-03-13,0,0.31832363872395464,0.4489096581846316,0.0,-0.0
ASII.JK,2025-03-14,0,0.29089325685610473,0.6338035184527725,0.0,-0.0
ASII.JK,2025-03-17,0,0.26275057469098817,0.7063434976033979,0.0,0.0
ASII.JK,2025-03-18,0,0.2398573042970149,0.635727916523513,0.0,0.0
ASII.JK,2025-03-19,0,0.251510828503287,0.7198762232060901,0.0,0.0
ASII.JK,2025-03-20,0,0.26771308649149583,0.34934471574050596,0.0,0.0
ASII.JK,2025-03-21,0,0.28674967864685774,0.38774148471429254,0.0,0.0
ASII.JK,2025-03-24,0,0.29054208555430866,0.1605681837188434,0.0,-0.0
ASII.JK,2025-03-25,0,0.2486867481845093,0.29954739988666473,0.0,-0.0
ASII.JK,2025-03-26,0,0.2994156167826638,0.3601493132157387,0.0,0.0
ASII.JK,2025-03-27,0,0.3229331234785672,0.4558928554496688,0.0,0.0
ASII.JK,2025-04-08,0,0.22358201953693968,0.30682037966905895,0.0,-0.0
ASII.JK,2025-04-09,0,0.19820915305891137,0.22997423343534923,0.0,0.0
ASII.JK,2025-04-10,0,0.19611486593136992,0.21307509825475823,0.0,0.0
ASII.JK,2025-04-11,0,0.22622178108371993,0.17948776331960323,0.0,0.0
ASII.JK,2025-04-14,0,0.2085849669498334,0.22512299355197662,0.0,0.0
ASII.JK,2025-04-15,0,0.23892027056841866,0.2758678510520732,0.0,-0.0
ASII.JK,2025-04-16,0,0.2197414487481998,0.12856901696856107,0.0,-0.0
ASII.JK,2025-04-17,0,0.20792945692480763,0.17583582812112208,0.0,-0.0
ASII.JK,2025-04-21,0,0.21184509732098428,0.302754085842718,0.0,0.0
ASII.JK,2025-04-22,0,0.18537514901056376,0.42904646343420494,0.0,-0.0
ASII.JK,2025-04-23,0,0.2246146453537976,0.12114031664366866,0.0,0.0
ASII.JK,2025-04-24,0,0.25880714395429,0.1293283827866924,0.0,-0.0
ASII.JK,2025-04-25,0,0.26122237877224397,0.08421362500766746,0.0,0.0
ASII.JK,2025-04-28,0,0.24725845266049276,0.2821334442629875,0.0,0.0
ASII.JK,2025-04-29,0,0.30939236593497454,0.12029363940293,0.0,-0.0
ASII.JK,2025-04-30,0,0.3179858984969324,0.21265508952853562,0.0,0.0
ASII.JK,2025-05-02,1,0.4112859358936686,0.11114568700306203,0.0,-0.0
ASII.JK,2025-05-05,-1,0.35662275500568036,0.1184167647870276,0.0,-0.0
ASII.JK,2025-05-06,-1,0.35260409789772695,0.3059115965148879,0.0,-0.0
ASII.JK,2025-05-07,1,0.4102012579859406,0.17665095339875092,0.0,0.0
ASII.JK,2025-05-08,1,0.4028159733384968,0.5246556879198507,0.0,-0.0
ASII.JK,2025-05-09,1,0.40931723442050627,0.7035560351721563,0.0,0.0
ASII.JK,2025-05-14,1,0.37414778246069863,0.5688066982221842,1.0,0.004776072610106987
ASII.JK,2025-05-15,1,0.3617753221054631,0.5704691251277737,0.0,-0.0025
ASII.JK,2025-05-16,1,0.456147612281176,0.7224660621501725,0.0,0.0
ASII.JK,2025-05-19,1,0.4490785224328681,0.6225038943282925,1.0,0.010795159627037977
ASII.JK,2025-05-20,1,0.5016636629693592,0.6251557126834213,1.0,-0.016194395442163945
ASII.JK,2025-05-21,1,0.4864520982593502,0.46452847374417555,1.0,0.025922765376175327
ASII.JK,2025-05-22,1,0.5170021195767329,0.43723413472106426,0.0,-0.0025
ASII.JK,2025-05-23,1,0.48193237811722917,0.4447732505511726,0.0,0.0
ASII.JK,2025-05-26,1,0.49432469795127654,0.48804283087391387,0.0,-0.0
ASII.JK,2025-05-27,1,0.492451031607748,0.30486125131076236,0.0,-0.0
ASII.JK,2025-05-28,1,0.458152642953713,0.5920997771249359,0.0,0.0
ASII.JK,2025-06-02,1,0.47994447897340214,0.19930406299775583,0.0,-0.0
ASII.JK,2025-06-03,1,0.47037824537814266,0.14879762183268122,0.0,-0.0
ASII.JK,2025-06-04,1,0.3655149960382409,0.5935215465915135,0.0,-0.0
ASII.JK,2025-06-05,1,0.3882908443364124,0.5967015849911843,0.0,0.0
ASII.JK,2025-06-10,1,0.4013207713122175,0.5941247924715162,0.0,-0.0
ASII.JK,2025-06-11,1,0.40499986032645174,0.6483687391472155,0.0,0.0
ASII.JK,2025-06-12,1,0.38643232659073956,0.8558188825873168,1.0,-0.012345984775261996
ASII.JK,2025-06-13,1,0.3821705450928371,0.5847104568475273,1.0,0.0021928447013994656
ASII.JK,2025-06-16,1,0.40484967462722676,0.6658406265734484,0.0,-0.0025
ASII.JK,2025-06-17,1,0.35345678895212235,0.5445602828090037,1.0,-0.003669287497651551
ASII.JK,2025-06-18,0,0.3471635904436823,0.328540590008934,0.0,-0.0025
ASII.JK,2025-06-19,1,0.38397175389447064,0.5272099596760584,0.0,-0.0
ASII.JK,2025-06-20,0,0.3655971789254761,0.4381655372267604,0.0,-0.0
ASII.JK,2025-06-23,0,0.3104201100802344,0.33994715516768864,0.0,-0.0
ASII.JK,2025-06-24,-1,0.3357966340250318,0.5809698661592397,0.0,0.0
ASII.JK,2025-06-25,1,0.3627343297398301,0.6638210293836384,0.0,0.0
ASII.JK,2025-06-26,1,0.3870138675302713,0.3450251968408892,1.0,-0.00597422592809954
ASII.JK,2025-06-30,1,0.38481277933887564,0.5110248650075159,0.0,-0.0025
ASII.JK,2025-07-01,-1,0.33414073218998214,0.445274397328133,0.0,-0.0
ASII.JK,2025-07-02,1,0.4531210283121551,0.3882405498058895,0.0,0.0
ASII.JK,2025-07-03,1,0.46908650496377857,0.22699838744574208,0.0,0.0
ASII.JK,2025-07-04,1,0.4656800005585232,0.3527930644543239,0.0,0.0
ASII.JK,2025-07-07,1,0.45386274047038694,0.39341464466524495,0.0,0.0
ASII.JK,2025-07-08,1,0.428123437500315,0.17366728288430003,0.0,-0.0
ASII.JK,2025-07-09,-1,0.40077026887835915,0.33096658292758513,0.0,0.0
ASII.JK,2025-07-10,1,0.4324300705786607,0.23769487921729052,0.0,-0.0
ASII.JK,2025-07-11,1,0.4210010966139834,0.2453553802305121,0.0,0.0
ASII.JK,2025-07-14,1,0.42710131032363763,0.5717684074853712,0.0,-0.0
ASII.JK,2025-07-15,-1,0.401586858551857,0.40381795035160206,0.0,0.0
ASII.JK,2025-07-16,-1,0.3990835327143727,0.6384214852784332,0.0,0.0
ASII.JK,2025-07-17,-1,0.39009190546332323,0.6498263075038228,0.0,0.0
ASII.JK,2025-07-18,-1,0.3958998170223346,0.327845746191793,0.0,-0.0
ASII.JK,2025-07-21,1,0.4357586577648903,0.36886142572101366,0.0,0.0
ASII.JK,2025-07-22,1,0.42313157244583105,0.5862868815053757,0.0,-0.0
ASII.JK,2025-07-23,1,0.4203642787568635,0.4250071428068269,0.0,0.0
ASII.JK,2025-07-24,1,0.4094750665231893,0.4068973782111906,0.0,0.0
ASII.JK,2025-07-25,1,0.39070259638527416,0.21883229755379283,0.0,-0.0
ASII.JK,2025-07-28,1,0.4153647744621279,0.2957675088307542,0.0,0.0
ASII.JK,2025-07-29,1,0.4112219576827592,0.5519825991959175,0.0,0.0
ASII.JK,2025-07-30,1,0.43631564039921616,0.49186823175939093,0.0,0.0
ASII.JK,2025-07-31,1,0.4427427008136774,0.6045519234757204,0.0,-0.0
ASII.JK,2025-08-01,1,0.36108313851806634,0.35653244456663824,1.0,-0.021107839125323158
ASII.JK,2025-08-04,1,0.3671665133198356,0.44978544379390023,0.0,-0.0025
ASII.JK,2025-08-05,0,0.352013979825955,0.4532130345487693,0.0,0.0
ASII.JK,2025-08-06,0,0.31505014411529414,0.6681418450117459,0.0,-0.0
ASII.JK,2025-08-07,1,0.37418269515493024,0.4769740389480113,0.0,0.0
ASII.JK,2025-08-08,0,0.32083028049855883,0.22084643030042697,0.0,-0.0
ASII.JK,2025-08-11,0,0.3141701941924868,0.5344094046662539,0.0,-0.0
ASII.JK,2025-08-12,1,0.36369317277485974,0.1325708881166537,0.0,0.0
ASII.JK,2025-08-13,1,0.36975801702498223,0.13932714990278186,0.0,0.0
ASII.JK,2025-08-14,0,0.32971792107272396,0.06096439946197453,0.0,-0.0
ASII.JK,2025-08-15,0,0.258921622095989,0.07614370833214272,0.0,-0.0
ASII.JK,2025-08-19,0,0.23675996814094388,0.31581131811030944,0.0,0.0
ASII.JK,2025-08-20,0,0.21883761921554332,0.5293286875052841,0.0,0.0
ASII.JK,2025-08-21,0,0.2383666877926084,0.17501198465583273,0.0,0.0
ASII.JK,2025-08-22,0,0.250417834565893,0.2675762863173414,0.0,0.0
ASII.JK,2025-08-25,0,0.26672967188514657,0.39713630165679603,0.0,0.0
ASII.JK,2025-08-26,0,0.23537140620723787,0.16119828455904253,0.0,-0.0
ASII.JK,2025-08-27,0,0.22831134838193368,0.29636553397567816,0.0,-0.0
ASII.JK,2025-08-28,0,0.22488286132917454,0.24890164341321389,0.0,0.0
ASII.JK,2025-08-29,0,0.2390114481115347,0.24913283672544212,0.0,-0.0
ASII.JK,2025-09-01,0,0.22337507861289016,0.28080164284855724,0.0,-0.0
ASII.JK,2025-09-02,0,0.21164392508456434,0.5753938725794626,0.0,0.0
ASII.JK,2025-09-03,0,0.242541153580148,0.30937414107458033,0.0,0.0
ASII.JK,2025-09-04,0,0.21350588256510883,0.23350362543603,0.0,0.0
ASII.JK,2025-09-08,0,0.19108581483665169,0.39661468355008983,0.0,-0.0
ASII.JK,2025-09-09,0,0.20421592219930176,0.1647811572582456,0.0,0.0
ASII.JK,2025-09-10,0,0.19350588779559816,0.4376847142046184,0.0,-0.0
ASII.JK,2025-09-11,0,0.18957697739485627,0.336503744410179,0.0,0.0
ASII.JK,2025-09-12,0,0.19164879241319516,0.3523053227260614,0.0,0.0
ASII.JK,2025-09-15,0,0.19560277842330498,0.5254978993625519,0.0,-0.0
ASII.JK,2025-09-16,0,0.19503523947157608,0.422371499591793,0.0,0.0
ASII.JK,2025-09-17,0,0.19493713905031976,0.3602144886700937,0.0,0.0
ASII.JK,2025-09-18,0,0.21328521697988734,0.21978753740823373,0.0,-0.0
ASII.JK,2025-09-19,0,0.1884935775483004,0.4301799485721917,0.0,0.0
ASII.JK,2025-09-22,0,0.2135548298134438,0.5001587554127707,0.0,-0.0
ASII.JK,2025-09-23,0,0.19263743799093908,0.2641573309836772,0.0,0.0
ASII.JK,2025-09-24,0,0.20466400666076284,0.5596844712088872,0.0,0.0
ASII.JK,2025-09-25,0,0.1889470121805651,0.5498240677224796,0.0,-0.0
ASII.JK,2025-09-26,0,0.18951500999689563,0.4035654167242604,0.0,0.0
ASII.JK,2025-09-29,0,0.19981359506005725,0.5132699913563924,0.0,-0.0
ASII.JK,2025-09-30,0,0.19655988186784953,0.4620154955136563,0.0,0.0
ASII.JK,2025-10-01,0,0.19674957928831485,0.8785645486914632,0.0,-0.0
ASII.JK,2025-10-02,0,0.18842603895363366,0.6719655685863615,0.0,0.0
ASII.JK,2025-10-03,0,0.19905089034894524,0.6496521039489552,0.0,0.0
ASII.JK,2025-10-06,0,0.17243894732444712,0.7618048555910807,0.0,0.0
ASII.JK,2025-10-07,0,0.15706895637624937,0.578601139874918,0.0,-0.0
ASII.JK,2025-10-08,-1,0.16978967901721734,0.615074205601915,0.0,-0.0
ASII.JK,2025-10-09,0,0.18784007768760913,0.3520630439293681,0.0,0.0
ASII.JK,2025-10-10,-1,0.16768424345701738,0.44627026583654733,0.0,-0.0
ASII.JK,2025-10-13,-1,0.16805155423479376,0.09127677380397166,0.0,-0.0
ASII.JK,2025-10-14,0,0.18397148530652896,0.32026528020997186,0.0,0.0
ASII.JK,2025-10-15,0,0.18076230540336752,0.3921883712904264,0.0,-0.0
ASII.JK,2025-10-16,0,0.18129326516736233,0.22304502232883738,0.0,-0.0
ASII.JK,2025-10-17,0,0.18136508683691538,0.29294238072508166,0.0,-0.0
ASII.JK,2025-10-20,0,0.20199317803402855,0.4620425269719471,0.0,0.0
ASII.JK,2025-10-21,0,0.1823417444514939,0.3995433074929641,0.0,0.0
ASII.JK,2025-10-22,0,0.20570818272578612,0.2989924962293231,0.0,0.0
ASII.JK,2025-10-23,0,0.23207606340699208,0.11400008445141428,0.0,0.0
ASII.JK,2025-10-24,0,0.23435310420886088,0.17973647144374533,0.0,0.0
ASII.JK,2025-10-27,0,0.22725613218541063,0.30146469208057103,0.0,0.0
ASII.JK,2025-10-28,0,0.20607830050686332,0.19893033846363903,0.0,-0.0
ASII.JK,2025-10-29,0,0.19329786283532313,0.1011939344122959,0.0,0.0
ASII.JK,2025-10-30,0,0.20360219951103897,0.08014163223079153,0.0,-0.0
ASII.JK,2025-10-31,0,0.1901568493640474,0.1915742103714826,0.0,-0.0
ASII.JK,2025-11-03,0,0.20103093547211578,0.4500234689308191,0.0,0.0
ASII.JK,2025-11-04,0,0.1950146334420919,0.20784963871771797,0.0,-0.0
ASII.JK,2025-11-05,0,0.1872461559876194,0.3975036743222874,0.0,-0.0
ASII.JK,2025-11-06,0,0.175665150694695,0.470027115180802,0.0,0.0
ASII.JK,2025-11-07,0,0.17520967360119452,0.43656820256200574,0.0,0.0
ASII.JK,2025-11-10,0,0.164770883875118,0.5577615868868487,0.0,0.0
ASII.JK,2025-11-11,0,0.16553063460658704,0.4622175785121103,0.0,0.0
ASII.JK,2025-11-12,0,0.17797263874640312,0.3677877019105815,0.0,-0.0
ASII.JK,2025-11-13,0,0.16441194401999756,0.2758636349238322,0.0,-0.0
ASII.JK,2025-11-14,0,0.18167495828759325,0.4721615356188442,0.0,0.0
ASII.JK,2025-11-17,0,0.1771181150008167,0.28926793405243895,0.0,0.0
ASII.JK,2025-11-18,0,0.175696930964564,0.28003812115840376,0.0,-0.0
ASII.JK,2025-11-19,0,0.17899876518157198,0.42325051693910526,0.0,-0.0
ASII.JK,2025-11-20,0,0.1777103289913683,0.40890761076300997,0.0,0.0
ASII.JK,2025-11-21,0,0.22571710661092162,0.31761701028743544,0.0,0.0
ASII.JK,2025-11-24,0,0.2472223558658326,0.5124786304937622,0.0,0.0
ASII.JK,2025-11-25,0,0.25591442753818266,0.1602379830071569,0.0,-0.0
ASII.JK,2025-11-26,0,0.2578772800795889,0.35654099229494873,0.0,0.0
ASII.JK,2025-11-27,0,0.2565550063702005,0.5449453951187123,0.0,-0.0
ASII.JK,2025-11-28,0,0.270423326122599,0.3814644571207553,0.0,-0.0
ASII.JK,2025-12-01,0,0.2942896799085984,0.10150749866447657,0.0,-0.0
ASII.JK,2025-12-02,0,0.28244109729507866,0.18857646138409773,0.0,0.0
ASII.JK,2025-12-03,0,0.27946502979055265,0.06255426706562948,0.0,-0.0
ASII.JK,2025-12-04,0,0.27770068354678495,0.10014542221848738,0.0,0.0
ASII.JK,2025-12-05,0,0.2158432942895691,0.24021370197736608,0.0,-0.0
ASII.JK,2025-12-08,0,0.21258982325142525,0.25885987894609325,0.0,0.0
ASII.JK,2025-12-09,0,0.21685359873448648,0.21342693710946312,0.0,-0.0
ASII.JK,2025-12-10,0,0.21465228440073536,0.16838234540101701,0.0,0.0
ASII.JK,2025-12-11,0,0.19258095383909923,0.6212705724777775,0.0,-0.0
ASII.JK,2025-12-12,0,0.1950177200531536,0.27619689285156745,0.0,0.0
ASII.JK,2025-12-15,0,0.1950177200531536,0.33001613018614007,0.0,0.0
ASII.JK,2025-12-16,0,0.19300729294252178,0.20362597411383201,0.0,0.0
ASII.JK,2025-12-17,0,0.20198852973871642,0.21541426292923305,0.0,0.0
ASII.JK,2025-12-18,0,0.20174017346632359,0.2437881264161901,0.0,-0.0
ASII.JK,2025-12-19,0,0.19482926079987678,0.20700749790190184,0.0,0.0
ASII.JK,2025-12-22,0,0.18594028862555353,0.07082403421066445,0.0,0.0
ASII.JK,2025-12-23,0,0.18916575432511393,0.11692693932776936,0.0,-0.0
ASII.JK,2025-12-24,0,0.2088687398994241,0.06775498744179304,0.0,0.0
ASII.JK,2025-12-29,0,0.20124563521987637,0.1674887425839018,0.0,0.0
UNVR.JK,2025-01-02,1,0.3644655543928478,0.8963661695298245,0.0,0.0
UNVR.JK,2025-01-03,1,0.3712634939834302,0.7735856257385204,1.0,-0.03419755722864476
UNVR.JK,2025-01-06,1,0.3712634939834302,0.7485388749488482,1.0,-0.016901413551156264
UNVR.JK,2025-01-07,1,0.3717563692786829,0.7308185528272579,1.0,0.020057326093446237
UNVR.JK,2025-01-08,1,0.3712634939834302,0.7002970141545625,1.0,-0.0308988722147151
UNVR.JK,2025-01-09,1,0.37167974260296305,0.7137968075101796,1.0,-0.020289874326119284
UNVR.JK,2025-01-10,1,0.3700988845883503,0.8956129577472841,1.0,0.008875783677805504
UNVR.JK,2025-01-13,1,0.36473976031610617,0.8058268269447222,1.0,0.008797615263962832
UNVR.JK,2025-01-14,1,0.3669581470293068,0.6255008045356361,1.0,0.014534874510386597
UNVR.JK,2025-01-15,1,0.3654683174923714,0.9115524122997449,1.0,-0.005730607399700993
UNVR.JK,2025-01-16,1,0.3654683174923714,0.9319272905725724,1.0,0.028818424307480495
UNVR.JK,2025-01-17,-1,0.351112117329442,0.9314384461368196,1.0,0.002801055979551048
UNVR.JK,2025-01-20,1,0.35772272565598934,0.39572838939344834,0.0,-0.0025
UNVR.JK,2025-01-21,1,0.3637225685638658,0.846283374735216,0.0,-0.0
UNVR.JK,2025-01-22,1,0.3690724891345642,0.58890959736359,1.0,-0.021731232781910192
UNVR.JK,2025-01-23,1,0.36524194706976587,0.733542783563164,0.0,-0.0025
UNVR.JK,2025-01-24,1,0.3690724891345642,0.7866970461631903,1.0,-0.030235614645399644
UNVR.JK,2025-01-30,1,0.3632678532573231,0.8088421531172743,1.0,-0.023668591106389636
UNVR.JK,2025-01-31,1,0.36473976031610617,0.762930201789599,1.0,-0.012121271659676247
UNVR.JK,2025-02-03,1,0.3632678532573231,0.7005520595959643,1.0,-0.030674827692095064
UNVR.JK,2025-02-04,1,0.3632678532573231,0.7706921475656331,1.0,-0.009493717904996646
UNVR.JK,2025-02-05,1,0.3632678532573231,0.8024865331742769,1.0,0.0
UNVR.JK,2025-02-06,1,0.3652155882408192,0.5798775021119327,1.0,-0.035143677827372266
UNVR.JK,2025-02-07,1,0.3702713761733752,0.7470014986174591,0.0,-0.0025
UNVR.JK,2025-02-10,1,0.3687339092918912,0.5779397672855786,1.0,0.054640331953299814
UNVR.JK,2025-02-11,1,0.37967327586244587,0.6427300906706366,0.0,-0.0025
UNVR.JK,2025-02-12,1,0.37967327586244587,0.4939546906011736,1.0,-0.03658779327346434
UNVR.JK,2025-02-13,1,0.3781202108354779,0.6441909178978432,0.0,-0.0025
UNVR.JK,2025-02-14,1,0.37941309092206255,0.6485667284183381,1.0,0.033835666015158916
UNVR.JK,2025-02-17,1,0.37967327586244587,0.4577897296822935,1.0,-0.017064835673613166
UNVR.JK,2025-02-18,1,0.3778621494069205,0.8316323782943315,0.0,-0.0025
UNVR.JK,2025-02-19,1,0.37941309092206255,0.7949241823294364,1.0,-0.05322410802326133
UNVR.JK,2025-02-20,1,0.3784918576405473,0.923181462456015,1.0,-0.018181807095344782
UNVR.JK,2025-02-21,1,0.38004302243728993,0.574966751617967,1.0,-0.04444435473753894
UNVR.JK,2025-02-24,1,0.38004302243728993,0.6197929482313279,0.0,-0.0025
UNVR.JK,2025-02-25,1,0.38004302243728993,0.0632666768278688,1.0,-0.09240910095118621
UNVR.JK,2025-02-26,1,0.38004302243728993,0.0726826611874192,0.0,-0.0025
UNVR.JK,2025-02-27,1,0.38004302243728993,0.07350852659569115,0.0,0.0
UNVR.JK,2025-02-28,1,0.38004302243728993,0.07552916745690064,0.0,-0.0
UNVR.JK,2025-03-03,1,0.3784918576405473,0.11672145485794926,0.0,0.0
UNVR.JK,2025-03-04,1,0.3784918576405473,0.05576942875544403,0.0,-0.0
UNVR.JK,2025-03-05,1,0.38004302243728993,0.05426645032834975,0.0,0.0
UNVR.JK,2025-03-06,1,0.38004302243728993,0.02904686236626674,0.0,0.0
UNVR.JK,2025-03-07,1,0.37978233065951295,0.09560346039048763,0.0,0.0
UNVR.JK,2025-03-10,1,0.37978233065951295,0.013631477170059225,0.0,-0.0
UNVR.JK,2025-03-11,1,0.37238741984992674,0.03596128196220567,0.0,0.0
UNVR.JK,2025-03-12,1,0.3782332888492865,0.05586049025219429,0.0,-0.0
UNVR.JK,2025-03-13,1,0.37887089703679827,0.12738931622001828,0.0,0.0
UNVR.JK,2025-03-14,1,0.3804251765858053,0.14722098133446967,0.0,0.0
UNVR.JK,2025-03-17,1,0.3774711775422767,0.1757426657636611,0.0,0.0
UNVR.JK,2025-03-18,1,0.3759408936709616,0.5303814206202199,0.0,-0.0
UNVR.JK,2025-03-19,1,0.3774711775422767,0.1962445091627389,0.0,0.0
UNVR.JK,2025-03-20,1,0.3774711775422767,0.15465230372818023,0.0,-0.0
UNVR.JK,2025-03-21,1,0.3774711775422767,0.2364308528848541,0.0,-0.0
UNVR.JK,2025-03-24,1,0.3708772648901229,0.08064363191377284,0.0,-0.0
UNVR.JK,2025-03-25,1,0.3705251298470568,0.15082603680705256,0.0,-0.0
UNVR.JK,2025-03-26,1,0.3705251298470568,0.2521883773607247,0.0,-0.0
UNVR.JK,2025-03-27,1,0.369045858913462,0.26722059192741465,0.0,0.0
UNVR.JK,2025-04-08,1,0.37341557794154084,0.1408708320477931,0.0,-0.0
UNVR.JK,2025-04-09,1,0.37341557794154084,0.5903464008394321,0.0,-0.0
UNVR.JK,2025-04-10,1,0.3723898000903079,0.17253088817008091,0.0,0.0
UNVR.JK,2025-04-11,1,0.3661805790313262,0.33054073454693755,0.0,0.0
UNVR.JK,2025-04-14,1,0.36400919404378634,0.1797554025390103,0.0,0.0
UNVR.JK,2025-04-15,1,0.36400919404378634,0.2515212372853339,0.0,-0.0
UNVR.JK,2025-04-16,1,0.36258590891764975,0.32441015200313167,0.0,-0.0
UNVR.JK,2025-04-17,1,0.35717507813776983,0.2363816786284579,0.0,0.0
UNVR.JK,2025-04-21,1,0.3558046338537354,0.31721923972507365,0.0,0.0
UNVR.JK,2025-04-22,1,0.35717507813776983,0.4337381624843952,0.0,0.0
UNVR.JK,2025-04-23,1,0.35717507813776983,0.4998219310580729,0.0,0.0
UNVR.JK,2025-04-24,1,0.3621829360828955,0.6342562234821573,0.0,0.0
UNVR.JK,2025-04-25,1,0.3683611495415461,0.15726314478776288,1.0,0.16906856562416311
UNVR.JK,2025-04-28,1,0.3668776695229973,0.5699356897763646,0.0,-0.0025
UNVR.JK,2025-04-29,1,0.3683611495415461,0.3356918441632188,0.0,0.0
UNVR.JK,2025-04-30,1,0.376622736025784,0.20383589022447288,0.0,0.0
UNVR.JK,2025-05-02,1,0.3750721070148499,0.5988918393081235,0.0,0.0
UNVR.JK,2025-05-05,1,0.3750721070148499,0.79302349504399,0.0,0.0
UNVR.JK,2025-05-06,1,0.3686250905125791,0.9583127565769803,1.0,0.032302827102312526
UNVR.JK,2025-05-07,1,0.37012276451918164,0.9477715120453369,1.0,-0.013623969486889598
UNVR.JK,2025-05-08,1,0.37012276451918164,0.9621120113519152,1.0,-0.01657459032719788
UNVR.JK,2025-05-09,1,0.3686250905125791,0.9396698301410742,1.0,0.0
UNVR.JK,2025-05-14,1,0.37012276451918164,0.6401410055444311,1.0,0.0028090026564708825
UNVR.JK,2025-05-15,1,0.3686250905125791,0.7722093561153047,1.0,0.002801055979551048
UNVR.JK,2025-05-16,1,0.37012276451918164,0.709595427706276,1.0,-0.013966472160733323
UNVR.JK,2025-05-19,1,0.3686250905125791,0.9513460879415063,1.0,0.0
UNVR.JK,2025-05-20,1,0.3712756032859393,0.9701997767851102,1.0,-0.031161391001792937
UNVR.JK,2025-05-21,1,0.3680756855375974,0.9647001858471905,1.0,0.029239664294264278
UNVR.JK,2025-05-22,1,0.3695736649090431,0.8913752386229752,1.0,0.03125007691421522
UNVR.JK,2025-05-23,1,0.3680756855375974,0.9802289135795833,1.0,-0.016528930073766657
UNVR.JK,2025-05-26,1,0.3723547699193575,0.9501271680497028,1.0,-0.01120453705154123
UNVR.JK,2025-05-27,1,0.3723547699193575,0.9608455173798848,1.0,-0.014164297426415673
UNVR.JK,2025-05-28,1,0.37123867066464306,0.91104319101703,1.0,-0.005747074744335778
UNVR.JK,2025-06-02,1,0.3696867291559098,0.7351893109798863,1.0,0.0
UNVR.JK,2025-06-03,1,0.3692264751986834,0.22185703651663102,1.0,-0.023121420432484552
UNVR.JK,2025-06-04,1,0.36769127704033,0.48482790548439064,0.0,-0.0025
UNVR.JK,2025-06-05,1,0.3692264751986834,0.1829635079255473,0.0,-0.0
UNVR.JK,2025-06-10,1,0.3692264751986834,0.12136996632703319,0.0,-0.0
UNVR.JK,2025-06-11,1,0.3692264751986834,0.6696486048402923,0.0,-0.0
UNVR.JK,2025-06-12,1,0.36769127704033,0.940381111975207,1.0,0.004691894478482452
UNVR.JK,2025-06-13,1,0.36769127704033,0.8751744812888874,1.0,-0.04000002751719567
UNVR.JK,2025-06-16,1,0.36957877792720994,0.8555271810528833,1.0,-0.008592137104431297
UNVR.JK,2025-06-17,1,0.3674428164366567,0.7667603076012495,1.0,-0.01333329598845534
UNVR.JK,2025-06-18,1,0.3674428164366567,0.7004645521597734,1.0,-0.006756874933439017
UNVR.JK,2025-06-19,1,0.3674428164366567,0.6806828313640214,1.0,-0.01360540517367348
UNVR.JK,2025-06-20,1,0.3674428164366567,0.7550219585246296,1.0,-0.048275869159493445
UNVR.JK,2025-06-23,1,0.3674428164366567,0.8180352320634805,1.0,-0.010869559880049895
UNVR.JK,2025-06-24,1,0.3694392806069438,0.46364392514254454,1.0,0.05860809570403158
UNVR.JK,2025-06-25,1,0.36918552556342726,0.5815260551130329,0.0,-0.0025
UNVR.JK,2025-06-26,1,0.3679628927870295,0.4306629625407068,0.0,0.0
UNVR.JK,2025-06-30,1,0.36641738706775323,0.5661933470121654,0.0,-0.0
UNVR.JK,2025-07-01,1,0.3614549231874704,0.8483500976432053,0.0,0.0
UNVR.JK,2025-07-02,1,0.36295876429037716,0.8836348474219855,1.0,-0.0015
UNVR.JK,2025-07-03,1,0.37447804436388105,0.7769738906779567,1.0,0.0850341280644844
UNVR.JK,2025-07-04,1,0.3652332836194136,0.807064929377168,1.0,-0.03134808624026886
UNVR.JK,2025-07-07,1,0.3652332836194136,0.7908829152053447,1.0,0.009708821324828198
UNVR.JK,2025-07-08,1,0.3632233196030896,0.8279312116919436,1.0,-0.025641041234062856
UNVR.JK,2025-07-09,1,0.3632233196030896,0.7358722874225658,1.0,-0.003289442301641299
UNVR.JK,2025-07-10,1,0.3632233196030896,0.5085461769793761,1.0,0.04290423758212736
UNVR.JK,2025-07-11,1,0.3550437066493858,0.845701299363146,0.0,-0.0025
UNVR.JK,2025-07-14,1,0.35641840492674937,0.8066192029361281,1.0,-0.0015
UNVR.JK,2025-07-15,1,0.35641840492674937,0.7181151976036415,1.0,-0.0031745728528889128
UNVR.JK,2025-07-16,1,0.3550437066493858,0.7616436734947086,1.0,-0.006369452043430757
UNVR.JK,2025-07-17,1,0.36255310275940017,0.8279297442405638,1.0,0.009615379603336915
UNVR.JK,2025-07-18,1,0.36255310275940017,0.8941045331896571,1.0,-0.04126979127998798
UNVR.JK,2025-07-21,1,0.3633888754139142,0.7057510807184103,1.0,0.026489991332633744
UNVR.JK,2025-07-22,1,0.35258491014545873,0.8578699224225231,1.0,0.012903277703938176
UNVR.JK,2025-07-23,1,0.3539963121784684,0.9074947062245086,1.0,0.0
UNVR.JK,2025-07-24,1,0.3539963121784684,0.9368662441250575,1.0,0.009554134904074196
UNVR.JK,2025-07-25,1,0.3555840673159611,0.8306359095535387,1.0,-0.025236693400442434
UNVR.JK,2025-07-28,1,0.3555840673159611,0.8737666342472792,1.0,0.006472606029186645
UNVR.JK,2025-07-29,1,0.36302804032319463,0.9220938342556635,1.0,0.0
UNVR.JK,2025-07-30,1,0.3692264751986834,0.5549399787954123,1.0,-0.01607719059533108
UNVR.JK,2025-07-31,1,0.3632233196030896,0.6489046372979614,0.0,-0.0025
UNVR.JK,2025-08-01,1,0.3617957325178981,0.8610025697024353,1.0,0.03358762057731274
UNVR.JK,2025-08-04,1,0.36803819913181507,0.862441473819643,1.0,-0.005649663873100064
UNVR.JK,2025-08-05,1,0.36800755147301917,0.7277144804809644,1.0,0.022727286727868945
UNVR.JK,2025-08-06,1,0.36800755147301917,0.7023623957882308,1.0,-0.0361110669815784
UNVR.JK,2025-08-07,1,0.3665222154294936,0.8114641447322507,1.0,0.017291056377623626
UNVR.JK,2025-08-08,1,0.359932658704221,0.8482983452418805,1.0,-0.008498655569064595
UNVR.JK,2025-08-11,1,0.36136496196896256,0.7039361469895823,1.0,0.0057143087260089764
UNVR.JK,2025-08-12,1,0.36136496196896256,0.8204595423101746,1.0,0.0170455227983608
UNVR.JK,2025-08-13,1,0.36136496196896256,0.7894531088723704,1.0,-0.002793344943121223
UNVR.JK,2025-08-14,1,0.36136496196896256,0.8992631195767239,1.0,0.025210070635119264
UNVR.JK,2025-08-15,1,0.36993028042292986,0.7431740682834476,1.0,-0.04371587370390517
UNVR.JK,2025-08-19,1,0.3683611495415461,0.777280120198734,1.0,0.04571431492147293
UNVR.JK,2025-08-20,1,0.3668776695229973,0.7803690941575756,1.0,-0.013661219789695145
UNVR.JK,2025-08-21,1,0.36800755147301917,0.8464888503810958,1.0,0.0055401884596613105
UNVR.JK,2025-08-22,1,0.3697367425781767,0.9282964106200883,1.0,-0.024793450140368156
UNVR.JK,2025-08-25,1,0.3792085187805981,0.808371271910584,1.0,0.0028249085047862277
UNVR.JK,2025-08-26,1,0.37304120671351065,0.8620048374849265,1.0,0.008450776276347272
UNVR.JK,2025-08-27,1,0.3786177949621298,0.8413258547954473,1.0,-0.01955311175098451
UNVR.JK,2025-08-28,1,0.37706689112897757,0.8819067889738331,1.0,-0.0028490527907226726
UNVR.JK,2025-08-29,1,0.36769127704033,0.9560213098619222,1.0,-0.028571388743446113
UNVR.JK,2025-09-01,1,0.3692264751986834,0.7388256474684753,1.0,0.0
UNVR.JK,2025-09-02,1,0.36769127704033,0.8056434999913836,1.0,0.0
UNVR.JK,2025-09-03,1,0.3696867291559098,0.7980884674711511,1.0,0.005882376388541166
UNVR.JK,2025-09-04,1,0.37123867066464306,0.7844554862470832,1.0,-0.002924027822567732
UNVR.JK,2025-09-08,1,0.3696867291559098,0.7788157954389132,1.0,-0.005865126182442504
UNVR.JK,2025-09-09,1,0.3692264751986834,0.625437829928405,1.0,-0.023598755433624108
UNVR.JK,2025-09-10,1,0.37123867066464306,0.4527315694773486,1.0,0.027190317482414406
UNVR.JK,2025-09-11,1,0.37123867066464306,0.27898891730549374,0.0,-0.0025
UNVR.JK,2025-09-12,1,0.37123867066464306,0.3770909063309431,0.0,-0.0
UNVR.JK,2025-09-15,1,0.3696867291559098,0.7471895106340248,0.0,-0.0
UNVR.JK,2025-09-16,1,0.3632702940564518,0.462893901332179,1.0,0.02808575705938915
UNVR.JK,2025-09-17,1,0.354870522786416,0.6410775692742067,0.0,-0.0025
UNVR.JK,2025-09-18,1,0.354870522786416,0.6017428727622851,1.0,-0.01590923968563024
UNVR.JK,2025-09-19,1,0.35345215506336625,0.9612384941942201,1.0,0.002923948567734369
UNVR.JK,2025-09-22,1,0.35345215506336625,0.9559643859855976,1.0,0.0
UNVR.JK,2025-09-23,-1,0.34591161192255676,0.9380123452360856,1.0,0.034985404309324286
UNVR.JK,2025-09-24,-1,0.34726999003491343,0.8042234719720722,0.0,-0.0025
UNVR.JK,2025-09-25,-1,0.34726999003491343,0.9050685678132347,0.0,0.0
UNVR.JK,2025-09-26,1,0.35258491014545873,0.6888402805735486,0.0,0.0
UNVR.JK,2025-09-29,1,0.35258491014545873,0.728623973774032,1.0,-0.03975137097646758
UNVR.JK,2025-09-30,1,0.36241537942157664,0.877034303814255,1.0,0.01136360486229493
UNVR.JK,2025-10-01,1,0.3609361847902399,0.7964554890168148,1.0,0.0
UNVR.JK,2025-10-02,1,0.36241537942157664,0.36795677995022785,1.0,0.005618076336491695
UNVR.JK,2025-10-03,1,0.3532849794639467,0.6424287912117613,0.0,-0.0025
UNVR.JK,2025-10-06,-1,0.34484439379661563,0.7972224076289318,1.0,0.012123996112219761
UNVR.JK,2025-10-07,-1,0.34484439379661563,0.8537818422083969,0.0,-0.0025
UNVR.JK,2025-10-08,-1,0.34484439379661563,0.31957168480737735,0.0,0.0
UNVR.JK,2025-10-09,-1,0.32891067276517627,0.7987771635240194,0.0,0.0
UNVR.JK,2025-10-10,-1,0.3275805050416805,0.8982174812817968,0.0,-0.0
UNVR.JK,2025-10-13,-1,0.3275805050416805,0.7436114105237589,0.0,-0.0
UNVR.JK,2025-10-14,1,0.35147618344809156,0.9152782527542143,0.0,-0.0
UNVR.JK,2025-10-15,1,0.3491900355445869,0.8575937824613454,1.0,0.017944409098989367
UNVR.JK,2025-10-16,-1,0.3340495712190113,0.7441773954474755,1.0,0.08174390281731125
UNVR.JK,2025-10-17,-1,0.34443403516034427,0.34568478243510753,0.0,-0.0025
UNVR.JK,2025-10-20,1,0.34909848977821184,0.2808562507113343,0.0,0.0
UNVR.JK,2025-10-21,1,0.3505498838895432,0.08033074592870905,0.0,-0.0
UNVR.JK,2025-10-22,-1,0.336067545979801,0.07558828825543773,0.0,0.0
UNVR.JK,2025-10-23,-1,0.3369281670321448,0.10972149470031911,0.0,0.0
UNVR.JK,2025-10-24,1,0.3422415903886777,0.08455106971785825,0.0,0.0
UNVR.JK,2025-10-27,1,0.33959178529297407,0.15602198100569487,0.0,0.0
UNVR.JK,2025-10-28,1,0.33959178529297407,0.5220172406163678,0.0,-0.0
UNVR.JK,2025-10-29,1,0.33959178529297407,0.7134697781900321,0.0,0.0
UNVR.JK,2025-10-30,1,0.33959178529297407,0.5569687285731556,1.0,-0.009251968932030672
UNVR.JK,2025-10-31,1,0.33959178529297407,0.46441655153566236,0.0,-0.0025
UNVR.JK,2025-11-03,1,0.33959178529297407,0.6492204603175808,0.0,0.0
UNVR.JK,2025-11-04,-1,0.3335765332792001,0.5421414419082144,1.0,0.005990666741112762
UNVR.JK,2025-11-05,-1,0.3335765332792001,0.8014418051795709,0.0,-0.0025
UNVR.JK,2025-11-06,-1,0.3335765332792001,0.6989079947958862,0.0,-0.0
UNVR.JK,2025-11-07,0,0.33571063954172026,0.8107821169261884,0.0,-0.0
UNVR.JK,2025-11-10,0,0.3314632710941952,0.6994778746405397,0.0,0.0
UNVR.JK,2025-11-11,0,0.3342846779349927,0.748721114043193,0.0,-0.0
UNVR.JK,2025-11-12,0,0.3314632710941952,0.6560546799029675,0.0,0.0
UNVR.JK,2025-11-13,0,0.3342209319056877,0.6156542345548888,0.0,-0.0
UNVR.JK,2025-11-14,1,0.36606021538839817,0.43570461706101005,0.0,0.0
UNVR.JK,2025-11-17,1,0.34501856384979324,0.5994247260621157,0.0,0.0
UNVR.JK,2025-11-18,1,0.36693696897245004,0.5984840261161315,0.0,-0.0
UNVR.JK,2025-11-19,1,0.3689193718704856,0.7561117389092913,0.0,0.0
UNVR.JK,2025-11-20,1,0.36726600794011655,0.6067566602953175,1.0,0.006251863873294962
UNVR.JK,2025-11-21,1,0.3565059124075951,0.7932945550749166,1.0,-0.02307691265186318
UNVR.JK,2025-11-24,-1,0.33062770267805563,0.2928378688781649,1.0,0.051181149836979634
UNVR.JK,2025-11-25,-1,0.32920937110384624,0.5303678430448764,0.0,-0.0025
UNVR.JK,2025-11-26,1,0.3469755126716152,0.6222595771078947,0.0,-0.0
UNVR.JK,2025-11-27,1,0.34843062772987365,0.3678463665818168,1.0,-0.0015
UNVR.JK,2025-11-28,1,0.3469755126716152,0.5967543772192608,0.0,-0.0025
UNVR.JK,2025-12-01,-1,0.32909977111141125,0.5775500176700082,0.0,0.0
UNVR.JK,2025-12-02,-1,0.32909977111141125,0.333093380910289,0.0,0.0
UNVR.JK,2025-12-03,-1,0.32909977111141125,0.27971470120291725,0.0,0.0
UNVR.JK,2025-12-04,-1,0.327900492702613,0.3637798132818956,0.0,0.0
UNVR.JK,2025-12-05,-1,0.327900492702613,0.34053787779636646,0.0,-0.0
UNVR.JK,2025-12-08,1,0.34873389815333183,0.3939011900800115,0.0,-0.0
UNVR.JK,2025-12-09,-1,0.32943316343807455,0.34160979647215023,0.0,0.0
UNVR.JK,2025-12-10,-1,0.327900492702613,0.19068844172140426,0.0,0.0
UNVR.JK,2025-12-11,1,0.3457602125251896,0.5079516852431278,0.0,-0.0
UNVR.JK,2025-12-12,1,0.3565059124075951,0.579063260521286,0.0,-0.0
UNVR.JK,2025-12-15,1,0.3549742770412315,0.3582874952164303,0.0,0.0
UNVR.JK,2025-12-16,-1,0.33062770267805563,0.26285869122942224,0.0,0.0
UNVR.JK,2025-12-17,-1,0.3306821098115269,0.689296134326674,0.0,-0.0
UNVR.JK,2025-12-18,-1,0.3321131873422221,0.3032081690116651,0.0,0.0
UNVR.JK,2025-12-19,-1,0.32943316343807455,0.6573166935962992,0.0,0.0
UNVR.JK,2025-12-22,-1,0.3280250402295152,0.7408814385941935,0.0,-0.0
UNVR.JK,2025-12-23,1,0.3488977793830847,0.798992168533129,0.0,-0.0
UNVR.JK,2025-12-24,1,0.35162936594404204,0.4819046169448935,1.0,-0.005331464562166098
UNVR.JK,2025-12-29,1,0.3565059124075951,0.1889947498662382,0.0,-0.0025
INDF.JK,2025-01-02,0,0.1984390350884483,0.10696381718113765,0.0,0.0
INDF.JK,2025-01-03,0,0.20495402579114452,0.32944799491512927,0.0,0.0
INDF.JK,2025-01-06,0,0.19786864739047996,0.0979116678853155,0.0,-0.0
INDF.JK,2025-01-07,0,0.19015926433361144,0.15580193821778748,0.0,0.0
INDF.JK,2025-01-08,0,0.20069933018136352,0.19722108396245852,0.0,0.0
INDF.JK,2025-01-09,0,0.2140798513386081,0.14363181390723506,0.0,0.0
INDF.JK,2025-01-10,0,0.18779441094046953,0.22234289533785292,0.0,0.0
INDF.JK,2025-01-13,-1,0.14905029472820305,0.3219204135247881,0.0,0.0
INDF.JK,2025-01-14,0,0.1771663321134509,0.04882157072608935,0.0,-0.0
INDF.JK,2025-01-15,-1,0.1525907233554966,0.07391260787147272,0.0,0.0
INDF.JK,2025-01-16,0,0.15178258764932773,0.052471530131462954,0.0,-0.0
INDF.JK,2025-01-17,0,0.15334696551785607,0.06471452261131984,0.0,0.0
INDF.JK,2025-01-20,0,0.16799042064521516,0.030865242799042215,0.0,-0.0
INDF.JK,2025-01-21,0,0.16412318276991766,0.25181080161467556,0.0,0.0
INDF.JK,2025-01-22,-1,0.14032515809012863,0.1315483032367618,0.0,0.0
INDF.JK,2025-01-23,0,0.15658915668356937,0.2293063257830745,0.0,-0.0
INDF.JK,2025-01-24,-1,0.1495102838408768,0.16280825737613466,0.0,0.0
INDF.JK,2025-01-30,-1,0.13363346874733598,0.10165547399006196,0.0,0.0
INDF.JK,2025-01-31,-1,0.1359787036700263,0.2615809911869991,0.0,0.0
INDF.JK,2025-02-03,-1,0.1390930854773018,0.03344359613090257,0.0,-0.0
INDF.JK,2025-02-04,-1,0.14715225233233084,0.16759171213768698,0.0,0.0
INDF.JK,2025-02-05,0,0.1576829812238262,0.07556626518198901,0.0,-0.0
INDF.JK,2025-02-06,0,0.1700277596932202,0.1408388740814189,0.0,0.0
INDF.JK,2025-02-07,-1,0.15306518836828142,0.186466525838502,0.0,0.0
INDF.JK,2025-02-10,-1,0.1506629221735491,0.16239475448108748,0.0,0.0
INDF.JK,2025-02-11,-1,0.15709730950666037,0.07784174704783502,0.0,-0.0
INDF.JK,2025-02-12,-1,0.1436238449364174,0.2289938784807095,0.0,0.0
INDF.JK,2025-02-13,-1,0.1399297257935878,0.10932896868866104,0.0,0.0
INDF.JK,2025-02-14,-1,0.16570116191489231,0.2517537131185033,0.0,-0.0
INDF.JK,2025-02-17,-1,0.14934401180486315,0.49262251929897793,0.0,0.0
INDF.JK,2025-02-18,-1,0.17383018144595155,0.17575315430236113,0.0,0.0
INDF.JK,2025-02-19,-1,0.1860113544655506,0.14480825897068422,0.0,0.0
INDF.JK,2025-02-20,-1,0.1860113544655506,0.06092942019181547,0.0,-0.0
INDF.JK,2025-02-21,-1,0.17096564161548675,0.0941809663083746,0.0,-0.0
INDF.JK,2025-02-24,-1,0.1813427785104753,0.057569044603918075,0.0,0.0
INDF.JK,2025-02-25,-1,0.17476467818018215,0.04241848224586566,0.0,-0.0
INDF.JK,2025-02-26,-1,0.1659524676811873,0.03897663956211315,0.0,-0.0
INDF.JK,2025-02-27,0,0.16090397983135932,0.01444576123138299,0.0,-0.0
INDF.JK,2025-02-28,0,0.19519456179207145,0.04252621273283064,0.0,-0.0
INDF.JK,2025-03-03,0,0.18553744968632083,0.293897072206384,0.0,0.0
INDF.JK,2025-03-04,0,0.1855733542609266,0.19380904099747928,0.0,-0.0
INDF.JK,2025-03-05,0,0.19484976006148091,0.35709080265316234,0.0,0.0
INDF.JK,2025-03-06,0,0.19793936411804589,0.2932108075796932,0.0,-0.0
INDF.JK,2025-03-07,0,0.18955600609122744,0.24502174871604135,0.0,-0.0
INDF.JK,2025-03-10,0,0.16492677072015732,0.5681530027363876,0.0,0.0
INDF.JK,2025-03-11,0,0.2000733691924439,0.10804742721126366,0.0,-0.0
INDF.JK,2025-03-12,0,0.15203285190135643,0.17002173511492558,0.0,0.0
INDF.JK,2025-03-13,0,0.18665669703202195,0.21588383331956143,0.0,-0.0
INDF.JK,2025-03-14,0,0.1989709181187445,0.27213984653447243,0.0,-0.0
INDF.JK,2025-03-17,0,0.18673410032282972,0.15924211812769487,0.0,0.0
INDF.JK,2025-03-18,0,0.1922360502593988,0.08545712626118186,0.0,-0.0
INDF.JK,2025-03-19,0,0.1775860670893285,0.1412835446822904,0.0,0.0
INDF.JK,2025-03-20,0,0.1888331733296858,0.11611451549183419,0.0,-0.0
INDF.JK,2025-03-21,0,0.18746655483742267,0.2545322252874247,0.0,-0.0
INDF.JK,2025-03-24,0,0.19322777250967912,0.2114776470919463,0.0,-0.0
INDF.JK,2025-03-25,0,0.1928651944480638,0.22183100708181147,0.0,0.0
INDF.JK,2025-03-26,0,0.18154471378694512,0.07035174395048263,0.0,0.0
INDF.JK,2025-03-27,0,0.1418310490129914,0.1829051703635859,0.0,0.0
INDF.JK,2025-04-08,-1,0.1429412342967252,0.19777446485026975,0.0,0.0
INDF.JK,2025-04-09,0,0.18439036012717458,0.07582485092048534,0.0,-0.0
INDF.JK,2025-04-10,0,0.1379344452453963,0.5295104843680771,0.0,0.0
INDF.JK,2025-04-11,0,0.1639851344537666,0.08426244643670641,0.0,-0.0
INDF.JK,2025-04-14,-1,0.13298005425410023,0.6913733625310637,0.0,0.0
INDF.JK,2025-04-15,-1,0.13221671956433945,0.6893419261531406,0.0,0.0
INDF.JK,2025-04-16,-1,0.13259311310892327,0.4064454476185938,0.0,0.0
INDF.JK,2025-04-17,-1,0.1325876787140014,0.4178894176659182,0.0,-0.0
INDF.JK,2025-04-21,-1,0.13717576982501636,0.06493888068717757,0.0,0.0
INDF.JK,2025-04-22,-1,0.13467081189467214,0.1555732141054329,0.0,-0.0
INDF.JK,2025-04-23,-1,0.13984713674489332,0.2739883411405093,0.0,0.0
INDF.JK,2025-04-24,-1,0.1334075201726959,0.09875774005954979,0.0,-0.0
INDF.JK,2025-04-25,-1,0.14927553560697454,0.5302890500789527,0.0,0.0
INDF.JK,2025-04-28,-1,0.14976859710288584,0.06494480248485371,0.0,-0.0
INDF.JK,2025-04-29,-1,0.16215515175237913,0.25854084393851157,0.0,0.0
INDF.JK,2025-04-30,-1,0.210734595779136,0.3969227803626394,0.0,0.0
INDF.JK,2025-05-02,-1,0.1889500512857592,0.06598501015327213,0.0,-0.0
INDF.JK,2025-05-05,-1,0.17922633124289447,0.08852622766235141,0.0,-0.0
INDF.JK,2025-05-06,-1,0.179678196680723,0.06244655034299998,0.0,-0.0
INDF.JK,2025-05-07,-1,0.20085784261099357,0.13555027418023405,0.0,0.0
INDF.JK,2025-05-08,-1,0.22697780634443776,0.049724874912601184,0.0,0.0
INDF.JK,2025-05-09,-1,0.2294269905639764,0.07552941114038236,0.0,0.0
INDF.JK,2025-05-14,-1,0.23917529004426907,0.08084563630198327,0.0,-0.0
INDF.JK,2025-05-15,-1,0.24181381186663553,0.17948814276977168,0.0,0.0
INDF.JK,2025-05-16,-1,0.22602045879540744,0.3527856777082328,0.0,0.0
INDF.JK,2025-05-19,-1,0.25048352560978465,0.07190517516757225,0.0,-0.0
INDF.JK,2025-05-20,-1,0.2639264023066634,0.08509606518282499,0.0,-0.0
INDF.JK,2025-05-21,-1,0.2702456931280413,0.0635685826221582,0.0,0.0
INDF.JK,2025-05-22,-1,0.2688376043673363,0.0848360858944172,0.0,-0.0
INDF.JK,2025-05-23,-1,0.2789223994522199,0.05648608438357227,0.0,-0.0
INDF.JK,2025-05-26,-1,0.2851862777251873,0.11144334434756328,0.0,0.0
INDF.JK,2025-05-27,-1,0.2912629449649002,0.10095154191092354,0.0,0.0
INDF.JK,2025-05-28,-1,0.3019742464065288,0.17001364341957032,0.0,0.0
INDF.JK,2025-06-02,0,0.28095155821105783,0.054164994477714355,0.0,-0.0
INDF.JK,2025-06-03,-1,0.3084559328772296,0.14802562629908622,0.0,0.0
INDF.JK,2025-06-04,-1,0.25965740314600716,0.15805153982636583,0.0,0.0
INDF.JK,2025-06-05,-1,0.27140835376489075,0.12865640338360512,0.0,-0.0
INDF.JK,2025-06-10,-1,0.2615572056892905,0.19747015400588544,0.0,0.0
INDF.JK,2025-06-11,-1,0.2643252501774069,0.37334575528168445,0.0,0.0
INDF.JK,2025-06-12,-1,0.24898519626536128,0.14207005476313309,0.0,-0.0
INDF.JK,2025-06-13,-1,0.24290190663818098,0.16836590406844348,0.0,0.0
INDF.JK,2025-06-16,-1,0.23542580080280373,0.0706711580550021,0.0,-0.0
INDF.JK,2025-06-17,-1,0.22186411843342052,0.22910821038136103,0.0,-0.0
INDF.JK,2025-06-18,-1,0.2168211257611285,0.05927356310988226,0.0,-0.0
INDF.JK,2025-06-19,-1,0.24257665833168118,0.3644372531501713,0.0,-0.0
INDF.JK,2025-06-20,-1,0.24987910393046175,0.15603792736758357,0.0,0.0
INDF.JK,2025-06-23,0,0.24107880216868816,0.12299805144643439,0.0,-0.0
INDF.JK,2025-06-24,0,0.2221222679571117,0.2748475275339107,0.0,0.0
INDF.JK,2025-06-25,-1,0.22859204310579073,0.4283301620897066,0.0,0.0
INDF.JK,2025-06-26,-1,0.1884962256325042,0.32199518759313195,0.0,0.0
INDF.JK,2025-06-30,-1,0.2098115542378908,0.4579393915669016,0.0,0.0
INDF.JK,2025-07-01,-1,0.1665079488545213,0.4252391029714421,0.0,0.0
INDF.JK,2025-07-02,-1,0.18747703212042655,0.6002419597279474,0.0,0.0
INDF.JK,2025-07-03,-1,0.16168602957299752,0.6450441380071018,0.0,0.0
INDF.JK,2025-07-04,-1,0.17071671392253643,0.5473453531410674,0.0,0.0
INDF.JK,2025-07-07,-1,0.18108833628219728,0.5132291963840794,0.0,0.0
INDF.JK,2025-07-08,-1,0.1971999367779127,0.13117768262623247,0.0,-0.0
INDF.JK,2025-07-09,-1,0.1990738838448427,0.49874222680052394,0.0,0.0
INDF.JK,2025-07-10,-1,0.21495695534760081,0.2673303169311512,0.0,-0.0
INDF.JK,2025-07-11,-1,0.24269247074701925,0.15320115313821273,0.0,0.0
INDF.JK,2025-07-14,-1,0.23669445590579968,0.19595983883644202,0.0,0.0
INDF.JK,2025-07-15,-1,0.2559449414808678,0.15921405608286143,0.0,-0.0
INDF.JK,2025-07-16,-1,0.2580008802742595,0.18829170714138158,0.0,-0.0
INDF.JK,2025-07-17,-1,0.2398928024438813,0.13074208007904764,0.0,-0.0
INDF.JK,2025-07-18,-1,0.23419207945993178,0.11189957097273054,0.0,0.0
INDF.JK,2025-07-21,-1,0.24197367722400562,0.1890371960410035,0.0,0.0
INDF.JK,2025-07-22,-1,0.2506779594266853,0.07326930976036554,0.0,-0.0
INDF.JK,2025-07-23,-1,0.243025005968385,0.5192869380129854,0.0,0.0
INDF.JK,2025-07-24,-1,0.22130019626955696,0.1589698575777135,0.0,0.0
INDF.JK,2025-07-25,-1,0.23181193130530703,0.2251085717859964,0.0,0.0
INDF.JK,2025-07-28,-1,0.2307354783710617,0.11100273069161584,0.0,-0.0
INDF.JK,2025-07-29,-1,0.2287627755851362,0.060371795675071685,0.0,-0.0
INDF.JK,2025-07-30,-1,0.23250008684661908,0.2752188041750089,0.0,0.0
INDF.JK,2025-07-31,-1,0.21500185941607292,0.2939026516765101,0.0,0.0
INDF.JK,2025-08-01,-1,0.21799925429321712,0.1105026772263971,0.0,-0.0
INDF.JK,2025-08-04,-1,0.24731247823300306,0.04192270495130887,0.0,-0.0
INDF.JK,2025-08-05,-1,0.2273080714679337,0.47753307747505097,0.0,-0.0
INDF.JK,2025-08-06,-1,0.23991345992049107,0.150383915497627,0.0,-0.0
INDF.JK,2025-08-07,-1,0.24071846232098687,0.5687822115723069,0.0,0.0
INDF.JK,2025-08-08,-1,0.23999138975380715,0.3257854088144553,0.0,-0.0
INDF.JK,2025-08-11,0,0.2516839378541152,0.2507509713612393,0.0,-0.0
INDF.JK,2025-08-12,0,0.23077244408172037,0.07991871073329017,0.0,-0.0
INDF.JK,2025-08-13,0,0.23829585708406184,0.2707901753193166,0.0,-0.0
INDF.JK,2025-08-14,0,0.19782297896785167,0.5567121791661562,0.0,0.0
INDF.JK,2025-08-15,0,0.22695544134903484,0.07766520569944733,0.0,-0.0
INDF.JK,2025-08-19,0,0.2291152235588778,0.048807344884608986,0.0,-0.0
INDF.JK,2025-08-20,0,0.22298991586462905,0.03186209356629396,0.0,0.0
INDF.JK,2025-08-21,0,0.2215911044600478,0.052487761546481715,0.0,-0.0
INDF.JK,2025-08-22,0,0.21333531827683008,0.032174251485923136,0.0,-0.0
INDF.JK,2025-08-25,0,0.21751512172346912,0.2906357066235963,0.0,-0.0
INDF.JK,2025-08-26,0,0.1945136032598046,0.10485786847135138,0.0,0.0
INDF.JK,2025-08-27,0,0.19909511157941745,0.07133608119531082,0.0,-0.0
INDF.JK,2025-08-28,0,0.1917332828992819,0.0675265817500542,0.0,0.0
INDF.JK,2025-08-29,0,0.24654177997447396,0.05016218680551526,0.0,-0.0
INDF.JK,2025-09-01,0,0.23896187580408887,0.035180518073047985,0.0,-0.0
INDF.JK,2025-09-02,0,0.2253839440771917,0.02919030328199877,0.0,0.0
INDF.JK,2025-09-03,-1,0.18751892833392783,0.06622984971120793,0.0,0.0
INDF.JK,2025-09-04,0,0.23177211471124695,0.027431353321908117,0.0,-0.0
INDF.JK,2025-09-08,0,0.23472845367296988,0.0912865483072288,0.0,-0.0
INDF.JK,2025-09-09,0,0.25111018799166446,0.05842879766801068,0.0,-0.0
INDF.JK,2025-09-10,0,0.2270742124203987,0.13027420998751188,0.0,0.0
INDF.JK,2025-09-11,0,0.22055851887910038,0.1054933547136154,0.0,0.0
INDF.JK,2025-09-12,-1,0.17243587763274923,0.47999818841177455,0.0,0.0
INDF.JK,2025-09-15,-1,0.1659436670440855,0.35234721955448983,0.0,0.0
INDF.JK,2025-09-16,-1,0.1659436670440855,0.5381185346635335,0.0,0.0
INDF.JK,2025-09-17,-1,0.16368895152441432,0.3220378984898501,0.0,0.0
INDF.JK,2025-09-18,-1,0.16503246273069266,0.1139214822879179,0.0,-0.0
INDF.JK,2025-09-19,-1,0.14587647174851817,0.09957100094367442,0.0,0.0
INDF.JK,2025-09-22,-1,0.14653258361915636,0.03506666938366684,0.0,0.0
INDF.JK,2025-09-23,-1,0.15690908153123023,0.04677527836952198,0.0,-0.0
INDF.JK,2025-09-24,-1,0.16310675905737415,0.0775846464902943,0.0,0.0
INDF.JK,2025-09-25,-1,0.1686885782045735,0.0333712641329696,0.0,-0.0
INDF.JK,2025-09-26,-1,0.17411078866718677,0.04636339051450607,0.0,-0.0
INDF.JK,2025-09-29,-1,0.1776083149029716,0.047794875390431986,0.0,-0.0
INDF.JK,2025-09-30,0,0.22144623703304953,0.09122514355516673,0.0,-0.0
INDF.JK,2025-10-01,0,0.19607100004298852,0.1016060135469994,0.0,-0.0
INDF.JK,2025-10-02,0,0.19904957370849316,0.09193494513372726,0.0,-0.0
INDF.JK,2025-10-03,0,0.1935262717876793,0.07079690141134426,0.0,0.0
INDF.JK,2025-10-06,0,0.19430569813030113,0.08752186624608366,0.0,-0.0
INDF.JK,2025-10-07,0,0.20404840826904175,0.050791918326227696,0.0,0.0
INDF.JK,2025-10-08,0,0.19468859065123187,0.18807840594897568,0.0,0.0
INDF.JK,2025-10-09,0,0.19936205344596694,0.23997194386046367,0.0,-0.0
INDF.JK,2025-10-10,0,0.19676063709049324,0.15493311969357104,0.0,0.0
INDF.JK,2025-10-13,0,0.1852927884289163,0.1379340547017435,0.0,0.0
INDF.JK,2025-10-14,0,0.18760079338494937,0.3466455530041916,0.0,-0.0
INDF.JK,2025-10-15,0,0.19401776036823754,0.12754013106506296,0.0,-0.0
INDF.JK,2025-10-16,0,0.18935805415218035,0.15582533934312592,0.0,0.0
INDF.JK,2025-10-17,0,0.1741996398672757,0.1124222745868555,0.0,0.0
INDF.JK,2025-10-20,0,0.15186566304358257,0.06801872416686551,0.0,0.0
INDF.JK,2025-10-21,-1,0.14490623649370746,0.11545133108580026,0.0,0.0
INDF.JK,2025-10-22,0,0.15103656597550072,0.03368333007125115,0.0,-0.0
INDF.JK,2025-10-23,-1,0.14987784533045445,0.11411769070157159,0.0,0.0
INDF.JK,2025-10-24,-1,0.14663562742256125,0.05255735711153992,0.0,-0.0
INDF.JK,2025-10-27,-1,0.13822888630254673,0.16824276748416828,0.0,0.0
INDF.JK,2025-10-28,-1,0.15998209738013397,0.33033263807385577,0.0,0.0
INDF.JK,2025-10-29,-1,0.16559062508499653,0.15735178196976082,0.0,-0.0
INDF.JK,2025-10-30,-1,0.1644803658808548,0.4547347726630816,0.0,-0.0
INDF.JK,2025-10-31,-1,0.1729781991641514,0.5531819679582075,0.0,0.0
INDF.JK,2025-11-03,-1,0.16403624784399035,0.09909544754979574,0.0,-0.0
INDF.JK,2025-11-04,0,0.19672449139983167,0.15167202032738797,0.0,-0.0
INDF.JK,2025-11-05,0,0.17069323754014154,0.058812085468027325,0.0,0.0
INDF.JK,2025-11-06,0,0.20901015577043283,0.09369938242014365,0.0,-0.0
INDF.JK,2025-11-07,0,0.18024194033700283,0.10223864933667207,0.0,0.0
INDF.JK,2025-11-10,0,0.17775134828583958,0.2991329386054416,0.0,-0.0
INDF.JK,2025-11-11,0,0.1897353977707208,0.3832297824435702,0.0,-0.0
INDF.JK,2025-11-12,0,0.1905294371243052,0.22554411363615634,0.0,0.0
INDF.JK,2025-11-13,0,0.1809380101940941,0.43210358944445826,0.0,-0.0
INDF.JK,2025-11-14,0,0.1868097404810705,0.6512189338174433,0.0,-0.0
INDF.JK,2025-11-17,0,0.19447121601994016,0.6910441121381958,0.0,0.0
INDF.JK,2025-11-18,0,0.22994369210890714,0.32638899520694764,0.0,-0.0
INDF.JK,2025-11-19,0,0.21521270940405393,0.4561667757853125,0.0,0.0
INDF.JK,2025-11-20,0,0.20220474063040764,0.7121044909581271,0.0,0.0
INDF.JK,2025-11-21,-1,0.16553162350612047,0.5030633366890315,0.0,0.0
INDF.JK,2025-11-24,-1,0.18231207862003743,0.3578614616379803,0.0,0.0
INDF.JK,2025-11-25,-1,0.16438146428335976,0.075957490804973,0.0,-0.0
INDF.JK,2025-11-26,-1,0.1858545421586488,0.17096769919094856,0.0,0.0
INDF.JK,2025-11-27,-1,0.1731031679435141,0.07224181293662259,0.0,-0.0
INDF.JK,2025-11-28,-1,0.1581118643865658,0.05600631301784121,0.0,-0.0
INDF.JK,2025-12-01,-1,0.17906497904657967,0.07344772275504362,0.0,0.0
INDF.JK,2025-12-02,-1,0.16570527950010785,0.09519604996554303,0.0,-0.0
INDF.JK,2025-12-03,0,0.16613882765154722,0.19071003236906003,0.0,-0.0
INDF.JK,2025-12-04,0,0.16406355644151313,0.1258692043300017,0.0,-0.0
INDF.JK,2025-12-05,0,0.1555438422974666,0.07899584779034281,0.0,0.0
INDF.JK,2025-12-08,0,0.18710223351961794,0.020993536241834986,0.0,-0.0
INDF.JK,2025-12-09,0,0.1987520482726137,0.044143594406862434,0.0,-0.0
INDF.JK,2025-12-10,0,0.18510520953376505,0.09283612495529928,0.0,0.0
INDF.JK,2025-12-11,0,0.19786058337999443,0.07476591263645889,0.0,-0.0
INDF.JK,2025-12-12,0,0.1994091365640606,0.10905425025204969,0.0,0.0
INDF.JK,2025-12-15,0,0.19835829433970378,0.07461776691717036,0.0,0.0
INDF.JK,2025-12-16,0,0.20905396883915855,0.04066886543798574,0.0,0.0
INDF.JK,2025-12-17,0,0.21061489813353604,0.04549133509858927,0.0,0.0
INDF.JK,2025-12-18,0,0.17292559916268177,0.14843514928935062,0.0,0.0
INDF.JK,2025-12-19,0,0.20415603753899636,0.0996253518389302,0.0,-0.0
INDF.JK,2025-12-22,0,0.15690754614096364,0.08769543500774117,0.0,0.0
INDF.JK,2025-12-23,0,0.15816784651412294,0.02302381203174214,0.0,-0.0
INDF.JK,2025-12-24,0,0.1508311567576404,0.05508069599018351,0.0,0.0
INDF.JK,2025-12-29,0,0.15357550375993378,0.20783894008059436,0.0,-0.0
KLBF.JK,2025-01-02,0,0.1231069546523894,0.01705094449720438,0.0,0.0
KLBF.JK,2025-01-03,0,0.11820718730125301,0.008177064783090278,0.0,-0.0
KLBF.JK,2025-01-06,0,0.12631503139362696,0.009255701759629281,0.0,-0.0
KLBF.JK,2025-01-07,0,0.12516692248770278,0.01003067536680824,0.0,0.0
KLBF.JK,2025-01-08,0,0.12180594637569328,0.0103474919546144,0.0,-0.0
KLBF.JK,2025-01-09,0,0.10627090996801314,0.010492161023226067,0.0,-0.0
KLBF.JK,2025-01-10,0,0.13296445411319338,0.019448613630464465,0.0,-0.0
KLBF.JK,2025-01-13,0,0.12807750646763869,0.021697723326567973,0.0,0.0
KLBF.JK,2025-01-14,0,0.17584033841548238,0.02272490068148494,0.0,-0.0
KLBF.JK,2025-01-15,0,0.1921116776125119,0.008426845359585544,0.0,0.0
KLBF.JK,2025-01-16,0,0.2101844216003133,0.009857886868404183,0.0,-0.0
KLBF.JK,2025-01-17,0,0.40617177859118114,0.008700702437608624,0.0,-0.0
KLBF.JK,2025-01-20,0,0.3856509890767884,0.009564456693583074,0.0,-0.0
KLBF.JK,2025-01-21,0,0.38223683765503624,0.007062920855984319,0.0,0.0
KLBF.JK,2025-01-22,-1,0.29682746611820965,0.0036079187144294343,0.0,0.0
KLBF.JK,2025-01-23,1,0.42978008673053103,0.0037035398424939783,0.0,-0.0
KLBF.JK,2025-01-24,1,0.5028777627781705,0.017837373104535436,0.0,-0.0
KLBF.JK,2025-01-30,-1,0.2921880404864778,0.01993584115977642,0.0,0.0
KLBF.JK,2025-01-31,-1,0.24577385795224296,0.016731863005351944,0.0,0.0
KLBF.JK,2025-02-03,1,0.534551561301614,0.04367385063823837,0.0,-0.0
KLBF.JK,2025-02-04,-1,0.4115961458926814,0.04102151923983292,0.0,0.0
KLBF.JK,2025-02-05,1,0.4676988942907416,0.017460827369165165,0.0,-0.0
KLBF.JK,2025-02-06,1,0.4940458640098262,0.05413844927391002,0.0,0.0
KLBF.JK,2025-02-07,1,0.4367555568400858,0.09938273218099122,0.0,-0.0
KLBF.JK,2025-02-10,-1,0.42829733067302495,0.15397057915010334,0.0,0.0
KLBF.JK,2025-02-11,1,0.4580090628953811,0.04028671789888321,0.0,-0.0
KLBF.JK,2025-02-12,-1,0.3046741699619011,0.06142471559564748,0.0,0.0
KLBF.JK,2025-02-13,0,0.3139497564232535,0.13524233429634602,0.0,0.0
KLBF.JK,2025-02-14,-1,0.23237064199351137,0.02756305906779331,0.0,0.0
KLBF.JK,2025-02-17,0,0.23704445801659552,0.03244690461026589,0.0,-0.0
KLBF.JK,2025-02-18,-1,0.22045650489706586,0.13586673677131286,0.0,0.0
KLBF.JK,2025-02-19,0,0.23841186669359338,0.0882939854680197,0.0,-0.0
KLBF.JK,2025-02-20,0,0.29200540529531754,0.07146639639051812,0.0,-0.0
KLBF.JK,2025-02-21,0,0.2812656894621685,0.01096534575424749,0.0,0.0
KLBF.JK,2025-02-24,0,0.31016966567780696,0.012248557903254059,0.0,-0.0
KLBF.JK,2025-02-25,0,0.36829234817517487,0.017449490803240753,0.0,-0.0
KLBF.JK,2025-02-26,0,0.39687149560240903,0.007823117935514122,0.0,0.0
KLBF.JK,2025-02-27,1,0.47409086411997925,0.025748577059225036,0.0,-0.0
KLBF.JK,2025-02-28,1,0.4762233510922823,0.01889332581183948,0.0,-0.0
KLBF.JK,2025-03-03,1,0.46051713728647714,0.02090139092151246,0.0,0.0
KLBF.JK,2025-03-04,0,0.41910092925109604,0.038464247070185635,0.0,0.0
KLBF.JK,2025-03-05,0,0.43035929550161145,0.020664055777372656,0.0,-0.0
KLBF.JK,2025-03-06,1,0.5373718632059602,0.014605603315632917,0.0,0.0
KLBF.JK,2025-03-07,1,0.5165734397520414,0.014671848216406533,0.0,0.0
KLBF.JK,2025-03-10,0,0.4075267733270709,0.027393470771736463,0.0,-0.0
KLBF.JK,2025-03-11,0,0.39167290425886264,0.023772092210402076,0.0,-0.0
KLBF.JK,2025-03-12,0,0.39180609297015556,0.04626274236356049,0.0,0.0
KLBF.JK,2025-03-13,0,0.4078136790136341,0.0239071485004656,0.0,0.0
KLBF.JK,2025-03-14,0,0.4203923170036871,0.029000233054894006,0.0,-0.0
KLBF.JK,2025-03-17,0,0.4525891320813378,0.06141030178243067,0.0,0.0
KLBF.JK,2025-03-18,1,0.48453070441080504,0.10481033914974927,0.0,-0.0
KLBF.JK,2025-03-19,1,0.5008914770030235,0.19122113934587254,0.0,0.0
KLBF.JK,2025-03-20,1,0.5730586820155629,0.2627567935115224,0.0,0.0
KLBF.JK,2025-03-21,1,0.5401396140619488,0.7246820092641303,0.0,0.0
KLBF.JK,2025-03-24,1,0.5358660067806309,0.24591567807485556,1.0,-0.01489278595118698
KLBF.JK,2025-03-25,1,0.478254653938711,0.6072715608051723,0.0,-0.0025
KLBF.JK,2025-03-26,1,0.5677352699010199,0.49413746905086925,1.0,-0.03233702435417135
KLBF.JK,2025-03-27,1,0.4347506691348263,0.8913963273163623,0.0,-0.0025
KLBF.JK,2025-04-08,1,0.5156746908136466,0.17961831544799076,1.0,-0.07198461092240266
KLBF.JK,2025-04-09,0,0.37874218250151503,0.8668102964925363,0.0,-0.0025
KLBF.JK,2025-04-10,-1,0.3651417831862276,0.6087278519618777,0.0,0.0
KLBF.JK,2025-04-11,-1,0.3418384715706681,0.8024151538482613,0.0,0.0
KLBF.JK,2025-04-14,-1,0.37341148476554126,0.575751787924578,0.0,0.0
KLBF.JK,2025-04-15,-1,0.3503192539044804,0.5615022229099486,0.0,-0.0
KLBF.JK,2025-04-16,-1,0.35007803975479573,0.5269856657425336,0.0,0.0
KLBF.JK,2025-04-17,-1,0.3473340586615857,0.8093695476192659,0.0,-0.0
KLBF.JK,2025-04-21,-1,0.3618467805943554,0.8508543885911936,0.0,0.0
KLBF.JK,2025-04-22,1,0.390993715944406,0.7865197622503743,0.0,-0.0
KLBF.JK,2025-04-23,-1,0.26491877930679036,0.40699678275619805,1.0,0.06516670235924354
KLBF.JK,2025-04-24,-1,0.20940107693607946,0.6773055024903719,0.0,-0.0025
KLBF.JK,2025-04-25,-1,0.23299553044930454,0.5251620111614145,0.0,-0.0
KLBF.JK,2025-04-28,-1,0.17531371114220792,0.8864884064671401,0.0,0.0
KLBF.JK,2025-04-29,-1,0.20789384023659677,0.2786402744502096,0.0,0.0
KLBF.JK,2025-04-30,-1,0.25998957091064295,0.33509114096542786,0.0,0.0
KLBF.JK,2025-05-02,-1,0.23462514810750631,0.22161494891688896,0.0,-0.0
KLBF.JK,2025-05-05,-1,0.3026537616966278,0.21162856193972995,0.0,0.0
KLBF.JK,2025-05-06,-1,0.16960010986029692,0.4004591996788115,0.0,0.0
KLBF.JK,2025-05-07,-1,0.1752315066790974,0.248420193399591,0.0,-0.0
KLBF.JK,2025-05-08,-1,0.14169694826997312,0.3390184181816944,0.0,0.0
KLBF.JK,2025-05-09,-1,0.15922933527399902,0.3200066190394318,0.0,0.0
KLBF.JK,2025-05-14,-1,0.15727655322419345,0.1669298349954106,0.0,0.0
KLBF.JK,2025-05-15,-1,0.13351375412820052,0.32707221240875556,0.0,0.0
KLBF.JK,2025-05-16,-1,0.11982369828964713,0.10367907385844226,0.0,-0.0
KLBF.JK,2025-05-19,-1,0.11983620840736488,0.49451106797348793,0.0,-0.0
KLBF.JK,2025-05-20,-1,0.10736821367075089,0.5769024587316557,0.0,0.0
KLBF.JK,2025-05-21,0,0.14459397211640862,0.36646327214262453,0.0,0.0
KLBF.JK,2025-05-22,0,0.13375745638511832,0.5962814434468495,0.0,-0.0
KLBF.JK,2025-05-23,0,0.12902539227992527,0.6451545736059495,0.0,0.0
KLBF.JK,2025-05-26,0,0.13845522136632304,0.4205643950872702,0.0,0.0
KLBF.JK,2025-05-27,0,0.12334369024002552,0.052466490021740704,0.0,0.0
KLBF.JK,2025-05-28,0,0.09167197692579632,0.11998606001133236,0.0,-0.0
KLBF.JK,2025-06-02,0,0.1207875226761014,0.6777899674269455,0.0,0.0
KLBF.JK,2025-06-03,0,0.0740172284744415,0.49938739019921496,0.0,-0.0
KLBF.JK,2025-06-04,-1,0.11360283865129027,0.42706321445543954,0.0,0.0
KLBF.JK,2025-06-05,0,0.1125434934804585,0.35450091173616793,0.0,0.0
KLBF.JK,2025-06-10,0,0.07465089747339844,0.33423654186059587,0.0,-0.0
KLBF.JK,2025-06-11,0,0.07724555368983546,0.5956808714819546,0.0,-0.0
KLBF.JK,2025-06-12,0,0.07677016070248947,0.5700116497723691,0.0,-0.0
KLBF.JK,2025-06-13,0,0.08269386168790442,0.828216162576774,0.0,-0.0
KLBF.JK,2025-06-16,0,0.0665285809685252,0.7497801328021448,0.0,0.0
KLBF.JK,2025-06-17,-1,0.10387772563871009,0.2828172799961126,0.0,0.0
KLBF.JK,2025-06-18,0,0.07024294254220242,0.547122156558768,0.0,-0.0
KLBF.JK,2025-06-19,0,0.0816925203276293,0.0852301381457185,0.0,-0.0
KLBF.JK,2025-06-20,0,0.11663293381162569,0.17505052543636798,0.0,-0.0
KLBF.JK,2025-06-23,0,0.12505934385328868,0.18654100639664561,0.0,-0.0
KLBF.JK,2025-06-24,0,0.09715657542158816,0.10809886636554271,0.0,0.0
KLBF.JK,2025-06-25,0,0.11092539665262617,0.3078806926180732,0.0,0.0
KLBF.JK,2025-06-26,0,0.08774262387370237,0.030948990133529707,0.0,-0.0
KLBF.JK,2025-06-30,0,0.10337535707700524,0.0800121921669447,0.0,0.0
KLBF.JK,2025-07-01,0,0.06365521286732509,0.06333772189903654,0.0,-0.0
KLBF.JK,2025-07-02,0,0.06281634498585682,0.03058854450571919,0.0,-0.0
KLBF.JK,2025-07-03,0,0.08698864394685031,0.07018397816616423,0.0,0.0
KLBF.JK,2025-07-04,0,0.055045294004086934,0.01665550784838472,0.0,-0.0
KLBF.JK,2025-07-07,0,0.06524561528391883,0.00390625341850674,0.0,-0.0
KLBF.JK,2025-07-08,0,0.08509097104227864,0.03192833189598005,0.0,0.0
KLBF.JK,2025-07-09,0,0.08533324579125093,0.010128183838153516,0.0,0.0
KLBF.JK,2025-07-10,0,0.06925630839348507,0.004149913037531726,0.0,-0.0
KLBF.JK,2025-07-11,0,0.115642710128935,0.06726547904031033,0.0,0.0
KLBF.JK,2025-07-14,0,0.10963785199639944,0.06697420945316658,0.0,-0.0
KLBF.JK,2025-07-15,0,0.06023207853249513,0.024947002821854112,0.0,-0.0
KLBF.JK,2025-07-16,0,0.11210277492558836,0.014468022567935236,0.0,-0.0
KLBF.JK,2025-07-17,0,0.1277996971171714,0.009584474451905002,0.0,-0.0
KLBF.JK,2025-07-18,0,0.14183051914638745,0.03711255026792426,0.0,0.0
KLBF.JK,2025-07-21,0,0.11759438777739013,0.01466695719445231,0.0,-0.0
KLBF.JK,2025-07-22,0,0.17912763396888562,0.017729634261136756,0.0,-0.0
KLBF.JK,2025-07-23,0,0.1131497197815914,0.016237416103965684,0.0,0.0
KLBF.JK,2025-07-24,0,0.1317998181670256,0.007369833591180866,0.0,0.0
KLBF.JK,2025-07-25,0,0.1318973816467392,0.0026024020769554548,0.0,-0.0
KLBF.JK,2025-07-28,0,0.12341568941157396,0.01499976656811326,0.0,-0.0
KLBF.JK,2025-07-29,0,0.10572999932331363,0.035638817371477546,0.0,0.0
KLBF.JK,2025-07-30,0,0.0988043653553049,0.006654384240197592,0.0,-0.0
KLBF.JK,2025-07-31,0,0.25062985239891905,0.06852432728120238,0.0,-0.0
KLBF.JK,2025-08-01,0,0.23226398859272823,0.056770529747502206,0.0,0.0
KLBF.JK,2025-08-04,0,0.25158492790439096,0.12309606397786207,0.0,-0.0
KLBF.JK,2025-08-05,0,0.20131458210883316,0.01641336001754444,0.0,0.0
KLBF.JK,2025-08-06,0,0.23617859417919043,0.019077399097839103,0.0,-0.0
KLBF.JK,2025-08-07,0,0.23448555115214903,0.014679747544474629,0.0,-0.0
KLBF.JK,2025-08-08,0,0.20879389306369395,0.009230159431042391,0.0,-0.0
KLBF.JK,2025-08-11,0,0.1984949122462341,0.003540852023738524,0.0,-0.0
KLBF.JK,2025-08-12,0,0.18579805296200996,0.013128148726430788,0.0,0.0
KLBF.JK,2025-08-13,-1,0.15735703564339285,0.006275164645670097,0.0,0.0
KLBF.JK,2025-08-14,-1,0.22070034357476112,0.008244849245507762,0.0,0.0
KLBF.JK,2025-08-15,-1,0.1480684565268718,0.0027510391405966735,0.0,-0.0
KLBF.JK,2025-08-19,0,0.2003936248619949,0.011985469089235356,0.0,-0.0
KLBF.JK,2025-08-20,-1,0.2149514696127885,0.042236692639977834,0.0,0.0
KLBF.JK,2025-08-21,-1,0.207469025286014,0.004478110973602429,0.0,0.0
KLBF.JK,2025-08-22,0,0.13948097762509593,0.07394623511174223,0.0,-0.0
KLBF.JK,2025-08-25,0,0.20186550701698863,0.01121330945317946,0.0,-0.0
KLBF.JK,2025-08-26,0,0.17484182997597325,0.057361685678701806,0.0,-0.0
KLBF.JK,2025-08-27,0,0.18390345892109985,0.14267602716674713,0.0,0.0
KLBF.JK,2025-08-28,0,0.1345291498612875,0.10411801244925575,0.0,-0.0
KLBF.JK,2025-08-29,0,0.18308071635118292,0.1694254661915644,0.0,-0.0
KLBF.JK,2025-09-01,0,0.17281614348959418,0.27897778224690883,0.0,-0.0
KLBF.JK,2025-09-02,0,0.14827692793091807,0.16649659143057116,0.0,-0.0
KLBF.JK,2025-09-03,0,0.16757825031387394,0.20066120383799482,0.0,0.0
KLBF.JK,2025-09-04,0,0.13653948882928116,0.1136364782231399,0.0,0.0
KLBF.JK,2025-09-08,0,0.16855112375368414,0.08807337537571225,0.0,-0.0
KLBF.JK,2025-09-09,0,0.17950235997633993,0.11599971279667341,0.0,-0.0
KLBF.JK,2025-09-10,0,0.13975908196579764,0.10670097489677058,0.0,0.0
KLBF.JK,2025-09-11,0,0.26942615878763243,0.050226728489274536,0.0,0.0
KLBF.JK,2025-09-12,0,0.1391322541153326,0.038410384233449876,0.0,-0.0
KLBF.JK,2025-09-15,0,0.15178277590132247,0.09154954967128143,0.0,-0.0
KLBF.JK,2025-09-16,0,0.17503720559678834,0.19873336138871017,0.0,0.0
KLBF.JK,2025-09-17,0,0.2501276426622165,0.08720116224664635,0.0,0.0
KLBF.JK,2025-09-18,1,0.45368302255706305,0.09081586055717684,0.0,-0.0
KLBF.JK,2025-09-19,1,0.45771697192762484,0.24432793984121376,0.0,0.0
KLBF.JK,2025-09-22,1,0.47166981073942216,0.3255566925002483,0.0,0.0
KLBF.JK,2025-09-23,1,0.4605572488776905,0.356341648671706,0.0,0.0
KLBF.JK,2025-09-24,1,0.5023668205476608,0.2743989147190833,0.0,-0.0
KLBF.JK,2025-09-25,1,0.5764711831324302,0.40976825456998467,0.0,-0.0
KLBF.JK,2025-09-26,1,0.5845547378449454,0.7730135168179401,0.0,0.0
KLBF.JK,2025-09-29,1,0.5769613331654143,0.3450562129332761,1.0,-0.04012658123728957
KLBF.JK,2025-09-30,1,0.5386498336101643,0.061245057586532994,0.0,-0.0025
KLBF.JK,2025-10-01,1,0.5407661413359587,0.11154532325569849,0.0,-0.0
KLBF.JK,2025-10-02,1,0.5339179779805466,0.1582243390346712,0.0,0.0
KLBF.JK,2025-10-03,1,0.5890883348285542,0.14518156177166355,0.0,-0.0
KLBF.JK,2025-10-06,1,0.5397934820530221,0.13144191756292498,0.0,-0.0
KLBF.JK,2025-10-07,1,0.5700008319884078,0.09291338734532077,0.0,-0.0
KLBF.JK,2025-10-08,1,0.5392754378072876,0.12651646276744405,0.0,0.0
KLBF.JK,2025-10-09,1,0.5472346792752254,0.023823291587491628,0.0,0.0
KLBF.JK,2025-10-10,1,0.5783686193257219,0.05549713441166659,0.0,0.0
KLBF.JK,2025-10-13,1,0.5702271840325892,0.129504939530013,0.0,0.0
KLBF.JK,2025-10-14,1,0.63127038117518,0.11896609017862585,0.0,-0.0
KLBF.JK,2025-10-15,1,0.5521568336311983,0.0706793438010083,0.0,0.0
KLBF.JK,2025-10-16,1,0.48206194367578675,0.5195543307965509,0.0,0.0
KLBF.JK,2025-10-17,1,0.4648617821900303,0.5953616644904386,0.0,0.0
KLBF.JK,2025-10-20,1,0.45399600350524016,0.7966766722833354,0.0,0.0
KLBF.JK,2025-10-21,-1,0.3465503675123578,0.705296147400485,1.0,0.015166642262155973
KLBF.JK,2025-10-22,0,0.37227777681588964,0.6006324065147217,0.0,-0.0025
KLBF.JK,2025-10-23,1,0.3667852253359881,0.8838685593457817,0.0,0.0
KLBF.JK,2025-10-24,1,0.44377917410134565,0.8907273922928138,1.0,0.032255332805172066
KLBF.JK,2025-10-27,-1,0.35826771653906075,0.8241277292591629,1.0,0.040816318166836174
KLBF.JK,2025-10-28,-1,0.3330639108020734,0.3101577598431076,0.0,-0.0025
KLBF.JK,2025-10-29,-1,0.2722796509563364,0.43521353138669866,0.0,-0.0
KLBF.JK,2025-10-30,-1,0.24157407481578375,0.4185769500902156,0.0,-0.0
KLBF.JK,2025-10-31,-1,0.28326098747459205,0.8181154284344441,0.0,-0.0
KLBF.JK,2025-11-03,-1,0.19831097032342818,0.8439830803770911,0.0,-0.0
KLBF.JK,2025-11-04,0,0.2516457560458766,0.8731873095415837,0.0,-0.0
KLBF.JK,2025-11-05,-1,0.14670077212891425,0.8369222778841852,0.0,0.0
KLBF.JK,2025-11-06,0,0.19851951167737233,0.7884673293671751,0.0,-0.0
KLBF.JK,2025-11-07,0,0.15241090423047993,0.8351024210662614,0.0,0.0
KLBF.JK,2025-11-10,0,0.1842939665878698,0.8031059469932851,0.0,0.0
KLBF.JK,2025-11-11,-1,0.1546294274737551,0.5664013145205813,0.0,0.0
KLBF.JK,2025-11-12,0,0.22668180779373795,0.6865351858640139,0.0,-0.0
KLBF.JK,2025-11-13,0,0.1892427427675846,0.6615252209800575,0.0,0.0
KLBF.JK,2025-11-14,0,0.34040739307200857,0.24941100775646644,0.0,-0.0
KLBF.JK,2025-11-17,0,0.2532343299230381,0.09191091427451775,0.0,-0.0
KLBF.JK,2025-11-18,0,0.27274462171563835,0.21041681301491486,0.0,-0.0
KLBF.JK,2025-11-19,0,0.26762971861387347,0.2359256962618841,0.0,0.0
KLBF.JK,2025-11-20,0,0.29280784958547384,0.12062194164914265,0.0,-0.0
KLBF.JK,2025-11-21,0,0.26586442470450444,0.13916386659988098,0.0,0.0
KLBF.JK,2025-11-24,0,0.30966527795088233,0.24345459109830825,0.0,-0.0
KLBF.JK,2025-11-25,0,0.36775583629806874,0.5873604257467517,0.0,0.0
KLBF.JK,2025-11-26,0,0.36784500675289644,0.7361310185921959,0.0,0.0
KLBF.JK,2025-11-27,0,0.34623151994334317,0.5799003472550324,0.0,-0.0
KLBF.JK,2025-11-28,0,0.3368036567582637,0.5263279453781883,0.0,-0.0
KLBF.JK,2025-12-01,0,0.3567644976306787,0.7761352331871566,0.0,0.0
KLBF.JK,2025-12-02,0,0.3971315211093002,0.6158253668034214,0.0,-0.0
KLBF.JK,2025-12-03,0,0.33683709493952557,0.2592794823640596,0.0,0.0
KLBF.JK,2025-12-04,0,0.32362489145352474,0.337195063428911,0.0,0.0
KLBF.JK,2025-12-05,0,0.3675007751742322,0.06417639336146488,0.0,-0.0
KLBF.JK,2025-12-08,1,0.4246612994935922,0.4568182133637704,0.0,0.0
KLBF.JK,2025-12-09,0,0.37736598489785983,0.32457184521718874,0.0,-0.0
KLBF.JK,2025-12-10,1,0.47809916503697436,0.13776660605304267,0.0,0.0
KLBF.JK,2025-12-11,1,0.5128943817926979,0.17196157035289655,0.0,-0.0
KLBF.JK,2025-12-12,1,0.4737614402591651,0.2655004661149079,0.0,0.0
KLBF.JK,2025-12-15,1,0.5278567103132015,0.8163291486991875,0.0,0.0
KLBF.JK,2025-12-16,1,0.5256795591257171,0.7953368484869269,1.0,-0.017893419012028844
KLBF.JK,2025-12-17,1,0.5027295635576994,0.8863867849917081,1.0,0.020833328975385035
KLBF.JK,2025-12-18,1,0.46944420329065106,0.9081236582547177,1.0,0.0
KLBF.JK,2025-12-19,1,0.45694732453546527,0.929101482169586,1.0,-0.020408159083418087
KLBF.JK,2025-12-22,1,0.5270802615799669,0.9776963292269958,1.0,0.020833328975385035
KLBF.JK,2025-12-23,1,0.5742561587719442,0.9505424123587939,1.0,-0.008163304615869449
KLBF.JK,2025-12-24,1,0.6004329534920515,0.8917361578979426,1.0,-0.00411524631719129
KLBF.JK,2025-12-29,1,0.475090002845802,0.9355162756941305,1.0,0.016529006200659335
ADRO.JK,2025-01-02,-1,0.31842026429038417,0.10457349367861768,0.0,0.0
ADRO.JK,2025-01-03,-1,0.31366892315098993,0.20719017723924654,0.0,-0.0
ADRO.JK,2025-01-06,-1,0.31366892315098993,0.36986284006244,0.0,-0.0
ADRO.JK,2025-01-07,-1,0.31366892315098993,0.05803806220846531,0.0,0.0
ADRO.JK,2025-01-08,-1,0.31366892315098993,0.1347469678939739,0.0,-0.0
ADRO.JK,2025-01-09,-1,0.3086981009576687,0.21354169640555712,0.0,-0.0
ADRO.JK,2025-01-10,-1,0.3111730446180616,0.3997765605272161,0.0,-0.0
ADRO.JK,2025-01-13,-1,0.3157173289650606,0.339179503669559,0.0,0.0
ADRO.JK,2025-01-14,-1,0.3111730446180616,0.24382422892467334,0.0,0.0
ADRO.JK,2025-01-15,-1,0.31123311163257045,0.15990129126947672,0.0,0.0
ADRO.JK,2025-01-16,-1,0.3111730446180616,0.07585548750491757,0.0,0.0
ADRO.JK,2025-01-17,-1,0.31123311163257045,0.12322127573564493,0.0,-0.0
ADRO.JK,2025-01-20,-1,0.31123311163257045,0.22969737588858097,0.0,-0.0
ADRO.JK,2025-01-21,-1,0.3111730446180616,0.32281854743557725,0.0,-0.0
ADRO.JK,2025-01-22,-1,0.3186183270821772,0.1992316767309753,0.0,0.0
ADRO.JK,2025-01-23,-1,0.31123311163257045,0.36391666748247053,0.0,0.0
ADRO.JK,2025-01-24,-1,0.31123311163257045,0.29348618005900473,0.0,-0.0
ADRO.JK,2025-01-30,-1,0.31867916638645677,0.12358696018681013,0.0,0.0
ADRO.JK,2025-01-31,-1,0.31123311163257045,0.08890496317159521,0.0,0.0
ADRO.JK,2025-02-03,-1,0.3111730446180616,0.07422808844906215,0.0,-0.0
ADRO.JK,2025-02-04,-1,0.31565679313539463,0.09089572528659029,0.0,0.0
ADRO.JK,2025-02-05,-1,0.3115670059689667,0.08040403422251906,0.0,0.0
ADRO.JK,2025-02-06,-1,0.3115670059689667,0.12660787209173613,0.0,-0.0
ADRO.JK,2025-02-07,-1,0.32627909034425284,0.11708109790343697,0.0,-0.0
ADRO.JK,2025-02-10,-1,0.32621867078348066,0.23358994556790333,0.0,-0.0
ADRO.JK,2025-02-11,-1,0.3304692930134816,0.28862073645038944,0.0,-0.0
ADRO.JK,2025-02-12,-1,0.3207731789861271,0.2257570470532891,0.0,0.0
ADRO.JK,2025-02-13,-1,0.32287830806276874,0.16938005669232273,0.0,-0.0
ADRO.JK,2025-02-14,-1,0.32287830806276874,0.4212572429012075,0.0,0.0
ADRO.JK,2025-02-17,-1,0.3207731789861271,0.11716297182700251,0.0,0.0
ADRO.JK,2025-02-18,-1,0.32443784020310634,0.06560703352827721,0.0,-0.0
ADRO.JK,2025-02-19,-1,0.32443784020310634,0.10800005659451788,0.0,-0.0
ADRO.JK,2025-02-20,-1,0.32287830806276874,0.18865993375597653,0.0,-0.0
ADRO.JK,2025-02-21,-1,0.32287830806276874,0.23544464325006081,0.0,-0.0
ADRO.JK,2025-02-24,-1,0.3207731789861271,0.14835991770432738,0.0,0.0
ADRO.JK,2025-02-25,0,0.3181560060894878,0.45405028530829566,0.0,-0.0
ADRO.JK,2025-02-26,-1,0.3304692930134816,0.17091563664334822,0.0,0.0
ADRO.JK,2025-02-27,0,0.30717109275195703,0.16023931728455118,0.0,-0.0
ADRO.JK,2025-02-28,0,0.30717109275195703,0.320034526750423,0.0,0.0
ADRO.JK,2025-03-03,0,0.30502328878986495,0.5176346182107868,0.0,-0.0
ADRO.JK,2025-03-04,0,0.31238815916866214,0.6013089286203407,0.0,-0.0
ADRO.JK,2025-03-05,0,0.31238815916866214,0.6838354140301164,0.0,-0.0
ADRO.JK,2025-03-06,0,0.31717286794774213,0.4182952111471265,0.0,0.0
ADRO.JK,2025-03-07,0,0.31238815916866214,0.35780202897390834,0.0,-0.0
ADRO.JK,2025-03-10,0,0.31238815916866214,0.6668259483858858,0.0,-0.0
ADRO.JK,2025-03-11,0,0.31238815916866214,0.6142885617316113,0.0,-0.0
ADRO.JK,2025-03-12,0,0.31238815916866214,0.591864019338709,0.0,0.0
ADRO.JK,2025-03-13,0,0.31238815916866214,0.6540581567883708,0.0,0.0
ADRO.JK,2025-03-14,0,0.31238815916866214,0.7581482277389768,0.0,-0.0
ADRO.JK,2025-03-17,0,0.31238815916866214,0.6958724593638321,0.0,0.0
ADRO.JK,2025-03-18,0,0.31238815916866214,0.40235703314484034,0.0,-0.0
ADRO.JK,2025-03-19,0,0.31238815916866214,0.385496777371671,0.0,0.0
ADRO.JK,2025-03-20,0,0.31238815916866214,0.28126374455967884,0.0,0.0
ADRO.JK,2025-03-21,0,0.31238815916866214,0.41035086473501065,0.0,0.0
ADRO.JK,2025-03-24,0,0.31238815916866214,0.4837265327667692,0.0,-0.0
ADRO.JK,2025-03-25,0,0.31238815916866214,0.40267055468375507,0.0,-0.0
ADRO.JK,2025-03-26,0,0.31238815916866214,0.22167562646243893,0.0,0.0
ADRO.JK,2025-03-27,0,0.31238815916866214,0.20172728488901037,0.0,0.0
ADRO.JK,2025-04-08,0,0.31238815916866214,0.32827120332874676,0.0,-0.0
ADRO.JK,2025-04-09,0,0.31238815916866214,0.4729315492343162,0.0,0.0
ADRO.JK,2025-04-10,0,0.31238815916866214,0.16408141525038214,0.0,0.0
ADRO.JK,2025-04-11,0,0.31238815916866214,0.2640511324908814,0.0,0.0
ADRO.JK,2025-04-14,0,0.30502328878986495,0.3019452670853642,0.0,0.0
ADRO.JK,2025-04-15,0,0.30804917466005327,0.09756132256455566,0.0,0.0
ADRO.JK,2025-04-16,0,0.3088289910685616,0.14966453903765495,0.0,0.0
ADRO.JK,2025-04-17,0,0.31358404675631363,0.3385490100318549,0.0,0.0
ADRO.JK,2025-04-21,0,0.3166083210451093,0.20110854945430698,0.0,0.0
ADRO.JK,2025-04-22,-1,0.31981085568216383,0.47783560571384054,0.0,0.0
ADRO.JK,2025-04-23,-1,0.31981085568216383,0.3613668544386009,0.0,-0.0
ADRO.JK,2025-04-24,-1,0.31981085568216383,0.2671329975378115,0.0,0.0
ADRO.JK,2025-04-25,-1,0.32407079891582213,0.45362141718445936,0.0,0.0
ADRO.JK,2025-04-28,-1,0.32407079891582213,0.4076284744507565,0.0,0.0
ADRO.JK,2025-04-29,-1,0.32407079891582213,0.6270468473016952,0.0,0.0
ADRO.JK,2025-04-30,-1,0.320164275983748,0.8341450922724363,0.0,0.0
ADRO.JK,2025-05-02,-1,0.320164275983748,0.647999657400425,0.0,-0.0
ADRO.JK,2025-05-05,0,0.31695985142723637,0.4391741162929928,0.0,-0.0
ADRO.JK,2025-05-06,-1,0.31439498966657087,0.5855296092984413,0.0,0.0
ADRO.JK,2025-05-07,-1,0.31439498966657087,0.5704751955877126,0.0,0.0
ADRO.JK,2025-05-08,-1,0.3283446084396876,0.4185359962073536,0.0,-0.0
ADRO.JK,2025-05-09,-1,0.32258156221946516,0.09484874723090081,0.0,-0.0
ADRO.JK,2025-05-14,-1,0.3233809740159551,0.34796866627666295,0.0,0.0
ADRO.JK,2025-05-15,-1,0.31911111800069386,0.1994992107356066,0.0,0.0
ADRO.JK,2025-05-16,-1,0.3225131820595693,0.3113345101571346,0.0,0.0
ADRO.JK,2025-05-19,-1,0.3145688870741844,0.33306788599840836,0.0,0.0
ADRO.JK,2025-05-20,-1,0.31674207819058936,0.2852271521113053,0.0,-0.0
ADRO.JK,2025-05-21,-1,0.31674207819058936,0.20156233834879825,0.0,-0.0
ADRO.JK,2025-05-22,-1,0.31674207819058936,0.17082588023666923,0.0,-0.0
ADRO.JK,2025-05-23,-1,0.311166048474451,0.07280937838776494,0.0,-0.0
ADRO.JK,2025-05-26,-1,0.311166048474451,0.16138034201207316,0.0,-0.0
ADRO.JK,2025-05-27,-1,0.3120731952903811,0.10912708406147516,0.0,0.0
ADRO.JK,2025-05-28,-1,0.311166048474451,0.08986428927807903,0.0,-0.0
ADRO.JK,2025-06-02,-1,0.311166048474451,0.10023171552467008,0.0,-0.0
ADRO.JK,2025-06-03,-1,0.311166048474451,0.15713640051489838,0.0,-0.0
ADRO.JK,2025-06-04,-1,0.3093271966341345,0.0992274890470652,0.0,0.0
ADRO.JK,2025-06-05,-1,0.3093271966341345,0.14537057165681797,0.0,0.0
ADRO.JK,2025-06-10,-1,0.311166048474451,0.2220131708512694,0.0,-0.0
ADRO.JK,2025-06-11,-1,0.311166048474451,0.49459743433943676,0.0,0.0
ADRO.JK,2025-06-12,-1,0.3143896840118056,0.549708462516868,0.0,0.0
ADRO.JK,2025-06-13,-1,0.311166048474451,0.1552588143999998,0.0,0.0
ADRO.JK,2025-06-16,-1,0.3093271966341345,0.23211092705287598,0.0,0.0
ADRO.JK,2025-06-17,-1,0.311166048474451,0.3416818802231344,0.0,0.0
ADRO.JK,2025-06-18,-1,0.31501365291782135,0.15805134628280323,0.0,-0.0
ADRO.JK,2025-06-19,-1,0.31081801978710616,0.44354976308145677,0.0,-0.0
ADRO.JK,2025-06-20,-1,0.31639721836937834,0.2860889914873777,0.0,-0.0
ADRO.JK,2025-06-23,-1,0.31885970701051985,0.42125073320488093,0.0,-0.0
ADRO.JK,2025-06-24,-1,0.31885970701051985,0.5758802458042186,0.0,0.0
ADRO.JK,2025-06-25,-1,0.31498672816665496,0.6286308287192983,0.0,-0.0
ADRO.JK,2025-06-26,-1,0.31498672816665496,0.47558763539799465,0.0,0.0
ADRO.JK,2025-06-30,-1,0.3125404254802212,0.38003769746443605,0.0,0.0
ADRO.JK,2025-07-01,-1,0.3192583027962907,0.21596363809454613,0.0,0.0
ADRO.JK,2025-07-02,-1,0.3192583027962907,0.35858782184281995,0.0,-0.0
ADRO.JK,2025-07-03,-1,0.3192583027962907,0.37447839038117436,0.0,-0.0
ADRO.JK,2025-07-04,-1,0.3192583027962907,0.4309999412851297,0.0,-0.0
ADRO.JK,2025-07-07,-1,0.3192583027962907,0.5361528061845668,0.0,-0.0
ADRO.JK,2025-07-08,-1,0.3192583027962907,0.2652056112690751,0.0,0.0
ADRO.JK,2025-07-09,-1,0.3192583027962907,0.5425283706717181,0.0,-0.0
ADRO.JK,2025-07-10,-1,0.3097389517362882,0.34918581450136765,0.0,0.0
ADRO.JK,2025-07-11,-1,0.3112802381822994,0.1848772842173973,0.0,0.0
ADRO.JK,2025-07-14,-1,0.3112802381822994,0.21624249081064514,0.0,-0.0
ADRO.JK,2025-07-15,-1,0.3112802381822994,0.11844378460218498,0.0,-0.0
ADRO.JK,2025-07-16,-1,0.31064895701710343,0.1595026075934826,0.0,0.0
ADRO.JK,2025-07-17,-1,0.31064895701710343,0.21549648988082748,0.0,-0.0
ADRO.JK,2025-07-18,-1,0.30654646660882506,0.10830017728945918,0.0,0.0
ADRO.JK,2025-07-21,-1,0.3073346040147451,0.13293780634390046,0.0,0.0
ADRO.JK,2025-07-22,-1,0.3196428381720838,0.2680396078965403,0.0,0.0
ADRO.JK,2025-07-23,-1,0.3196428381720838,0.39201585654833415,0.0,0.0
ADRO.JK,2025-07-24,-1,0.32028390443162397,0.2530539374892539,0.0,-0.0
ADRO.JK,2025-07-25,-1,0.31947883626160634,0.1809039621033052,0.0,-0.0
ADRO.JK,2025-07-28,-1,0.31947883626160634,0.15916891193087548,0.0,0.0
ADRO.JK,2025-07-29,-1,0.31947883626160634,0.22434796629857845,0.0,-0.0
ADRO.JK,2025-07-30,-1,0.31947883626160634,0.4090829713508851,0.0,-0.0
ADRO.JK,2025-07-31,-1,0.31947883626160634,0.24901387200360375,0.0,-0.0
ADRO.JK,2025-08-01,-1,0.3179471358703067,0.17590946206517796,0.0,0.0
ADRO.JK,2025-08-04,-1,0.3173085633622306,0.5144873518267545,0.0,0.0
ADRO.JK,2025-08-05,-1,0.31537127711735485,0.3253306178682617,0.0,-0.0
ADRO.JK,2025-08-06,-1,0.31537127711735485,0.2949923781694711,0.0,-0.0
ADRO.JK,2025-08-07,-1,0.3111730446180616,0.23827688454822565,0.0,0.0
ADRO.JK,2025-08-08,-1,0.3111730446180616,0.4814795239092794,0.0,-0.0
ADRO.JK,2025-08-11,-1,0.3186183270821772,0.6012417934399177,0.0,0.0
ADRO.JK,2025-08-12,-1,0.3186183270821772,0.40350455890705234,0.0,0.0
ADRO.JK,2025-08-13,-1,0.323159026054045,0.6654491430844462,0.0,-0.0
ADRO.JK,2025-08-14,-1,0.317595019651107,0.5772399407398409,0.0,0.0
ADRO.JK,2025-08-15,-1,0.323159026054045,0.40762327044491314,0.0,-0.0
ADRO.JK,2025-08-19,-1,0.322334134027968,0.30807380677186674,0.0,-0.0
ADRO.JK,2025-08-20,-1,0.3148421432770588,0.3815315863012863,0.0,0.0
ADRO.JK,2025-08-21,-1,0.3148421432770588,0.3717085980531213,0.0,-0.0
ADRO.JK,2025-08-22,-1,0.3148421432770588,0.38041659374585,0.0,-0.0
ADRO.JK,2025-08-25,-1,0.322334134027968,0.6022712867461836,0.0,-0.0
ADRO.JK,2025-08-26,-1,0.322334134027968,0.5393203643059278,0.0,-0.0
ADRO.JK,2025-08-27,-1,0.3148421432770588,0.16487217928302073,0.0,0.0
ADRO.JK,2025-08-28,-1,0.3148421432770588,0.23169677333251798,0.0,-0.0
ADRO.JK,2025-08-29,-1,0.3148421432770588,0.12649185065594806,0.0,-0.0
ADRO.JK,2025-09-01,-1,0.3148421432770588,0.33829005420506864,0.0,-0.0
ADRO.JK,2025-09-02,-1,0.322334134027968,0.3012431247769855,0.0,0.0
ADRO.JK,2025-09-03,-1,0.322334134027968,0.22005174964170773,0.0,0.0
ADRO.JK,2025-09-04,-1,0.31275673306700646,0.23642894005803816,0.0,0.0
ADRO.JK,2025-09-08,-1,0.31815402825737193,0.3229810263242003,0.0,-0.0
ADRO.JK,2025-09-09,-1,0.322334134027968,0.3915730691088868,0.0,-0.0
ADRO.JK,2025-09-10,-1,0.322334134027968,0.6023582949088534,0.0,0.0
ADRO.JK,2025-09-11,-1,0.322334134027968,0.5894082697661814,0.0,-0.0
ADRO.JK,2025-09-12,-1,0.322334134027968,0.6165056949372901,0.0,-0.0
ADRO.JK,2025-09-15,-1,0.3148421432770588,0.5653960335841944,0.0,0.0
ADRO.JK,2025-09-16,-1,0.3148421432770588,0.6317799046974064,0.0,-0.0
ADRO.JK,2025-09-17,-1,0.322334134027968,0.5114889008367033,0.0,0.0
ADRO.JK,2025-09-18,-1,0.322334134027968,0.4629932040641789,0.0,-0.0
ADRO.JK,2025-09-19,-1,0.322334134027968,0.2602992051345178,0.0,0.0
ADRO.JK,2025-09-22,-1,0.3148421432770588,0.19744291687895968,0.0,-0.0
ADRO.JK,2025-09-23,-1,0.3054325997101102,0.0961964634453411,0.0,0.0
ADRO.JK,2025-09-24,-1,0.30908957205929877,0.07835219810759099,0.0,-0.0
ADRO.JK,2025-09-25,-1,0.3050961897985167,0.02579604651240871,0.0,-0.0
ADRO.JK,2025-09-26,-1,0.3050961897985167,0.038782927907264834,0.0,-0.0
ADRO.JK,2025-09-29,-1,0.3014658493475634,0.05561006052679979,0.0,0.0
ADRO.JK,2025-09-30,-1,0.3014658493475634,0.055236977328296674,0.0,-0.0
ADRO.JK,2025-10-01,-1,0.3014658493475634,0.06053368110250168,0.0,-0.0
ADRO.JK,2025-10-02,-1,0.3050961897985167,0.1704486438820959,0.0,0.0
ADRO.JK,2025-10-03,-1,0.3079037686252436,0.1349999206575448,0.0,-0.0
ADRO.JK,2025-10-06,-1,0.3079037686252436,0.13878140931553815,0.0,-0.0
ADRO.JK,2025-10-07,-1,0.30993220509074,0.12588969990286267,0.0,-0.0
ADRO.JK,2025-10-08,-1,0.3139702384455592,0.14946804434053154,0.0,0.0
ADRO.JK,2025-10-09,-1,0.31037923624398917,0.1457979253057351,0.0,-0.0
ADRO.JK,2025-10-10,-1,0.31864526914815294,0.06209517831749365,0.0,0.0
ADRO.JK,2025-10-13,-1,0.3144234693706144,0.06778430269809571,0.0,-0.0
ADRO.JK,2025-10-14,-1,0.3144234693706144,0.12372752728211392,0.0,-0.0
ADRO.JK,2025-10-15,-1,0.3144234693706144,0.17662184105905998,0.0,-0.0
ADRO.JK,2025-10-16,-1,0.3144234693706144,0.2826185618430279,0.0,-0.0
ADRO.JK,2025-10-17,-1,0.3144234693706144,0.5865661587595837,0.0,-0.0
ADRO.JK,2025-10-20,-1,0.3144234693706144,0.38216133353118076,0.0,0.0
ADRO.JK,2025-10-21,-1,0.318264073103047,0.41026158284377817,0.0,0.0
ADRO.JK,2025-10-22,-1,0.3089803020989804,0.10116514470964225,0.0,-0.0
ADRO.JK,2025-10-23,-1,0.31521207134063645,0.30432551006300296,0.0,0.0
ADRO.JK,2025-10-24,-1,0.31521207134063645,0.32491288912255323,0.0,-0.0
ADRO.JK,2025-10-27,-1,0.31521207134063645,0.20013807165917213,0.0,0.0
ADRO.JK,2025-10-28,-1,0.31943952606098486,0.15404152045142586,0.0,0.0
ADRO.JK,2025-10-29,-1,0.3186165847615352,0.24016197642356285,0.0,0.0
ADRO.JK,2025-10-30,-1,0.32028390443162397,0.280143809477325,0.0,0.0
ADRO.JK,2025-10-31,-1,0.3186165847615352,0.547543988477533,0.0,-0.0
ADRO.JK,2025-11-03,-1,0.3186165847615352,0.1596809413314372,0.0,0.0
ADRO.JK,2025-11-04,-1,0.32028390443162397,0.19474836476697913,0.0,-0.0
ADRO.JK,2025-11-05,-1,0.3094831082891163,0.21357241269294355,0.0,-0.0
ADRO.JK,2025-11-06,-1,0.31674207819058936,0.27311361180019345,0.0,0.0
ADRO.JK,2025-11-07,-1,0.31842026429038417,0.3071282997492689,0.0,0.0
ADRO.JK,2025-11-10,-1,0.3159562551423824,0.42558296284742897,0.0,0.0
ADRO.JK,2025-11-11,-1,0.3159562551423824,0.42906222608196665,0.0,-0.0
ADRO.JK,2025-11-12,-1,0.3159562551423824,0.4750989858654719,0.0,0.0
ADRO.JK,2025-11-13,-1,0.311166048474451,0.0794316551982925,0.0,-0.0
ADRO.JK,2025-11-14,-1,0.311166048474451,0.12181141556598599,0.0,-0.0
ADRO.JK,2025-11-17,-1,0.311166048474451,0.16521666210657576,0.0,0.0
ADRO.JK,2025-11-18,-1,0.30877041348969947,0.09968130743543072,0.0,-0.0
ADRO.JK,2025-11-19,-1,0.3129509576897548,0.08469919210902545,0.0,0.0
ADRO.JK,2025-11-20,-1,0.3154317834297649,0.07063739151893228,0.0,-0.0
ADRO.JK,2025-11-21,-1,0.31537127711735485,0.0674433440425914,0.0,-0.0
ADRO.JK,2025-11-24,-1,0.31537127711735485,0.16681016455085934,0.0,0.0
ADRO.JK,2025-11-25,-1,0.307056791837457,0.1528747830353231,0.0,-0.0
ADRO.JK,2025-11-26,-1,0.307056791837457,0.5013054513925165,0.0,-0.0
ADRO.JK,2025-11-27,-1,0.31444854619177287,0.5501679198835082,0.0,-0.0
ADRO.JK,2025-11-28,-1,0.3186183270821772,0.47142096044953624,0.0,0.0
ADRO.JK,2025-12-01,-1,0.3186183270821772,0.43538279763278254,0.0,0.0
ADRO.JK,2025-12-02,-1,0.3262695072973381,0.6886546903898925,0.0,0.0
ADRO.JK,2025-12-03,-1,0.3167361732971445,0.44631111091668585,0.0,0.0
ADRO.JK,2025-12-04,-1,0.3167361732971445,0.3630371775972445,0.0,-0.0
ADRO.JK,2025-12-05,-1,0.3242519048088788,0.29249976400941224,0.0,0.0
ADRO.JK,2025-12-08,-1,0.317595019651107,0.13108202086046988,0.0,0.0
ADRO.JK,2025-12-09,-1,0.317595019651107,0.36363617302365353,0.0,-0.0
ADRO.JK,2025-12-10,-1,0.3133955110907519,0.2891631767735673,0.0,-0.0
ADRO.JK,2025-12-11,-1,0.3133955110907519,0.6283746953141556,0.0,-0.0
ADRO.JK,2025-12-12,-1,0.31901734901993045,0.3241218064647583,0.0,0.0
ADRO.JK,2025-12-15,-1,0.3115670059689667,0.2400154291116078,0.0,0.0
ADRO.JK,2025-12-16,-1,0.3115670059689667,0.2896200322880939,0.0,-0.0
ADRO.JK,2025-12-17,-1,0.3115670059689667,0.1081234358188304,0.0,0.0
ADRO.JK,2025-12-18,-1,0.3130673460350565,0.08535001477501027,0.0,0.0
ADRO.JK,2025-12-19,-1,0.3130673460350565,0.14633280231066356,0.0,0.0
ADRO.JK,2025-12-22,-1,0.3130673460350565,0.07684917016876065,0.0,-0.0
ADRO.JK,2025-12-23,-1,0.3130673460350565,0.08610126870532837,0.0,0.0
ADRO.JK,2025-12-24,-1,0.3130673460350565,0.16821944238765332,0.0,-0.0
ADRO.JK,2025-12-29,-1,0.3223155963637247,0.3922317079769305,0.0,0.0
ANTM.JK,2025-01-02,0,0.33377216541091953,0.2319607506883625,0.0,0.0
ANTM.JK,2025-01-03,0,0.3457351399672572,0.0678467994305079,0.0,-0.0
ANTM.JK,2025-01-06,0,0.31876047650922146,0.10174478739469862,0.0,-0.0
ANTM.JK,2025-01-07,0,0.32276127727547127,0.23152209762393944,0.0,-0.0
ANTM.JK,2025-01-08,0,0.33943399859539924,0.21186116806642952,0.0,-0.0
ANTM.JK,2025-01-09,0,0.342272382586979,0.18251014257211612,0.0,-0.0
ANTM.JK,2025-01-10,0,0.3480679464045692,0.2072573955680007,0.0,0.0
ANTM.JK,2025-01-13,1,0.349201993731113,0.16109564874167953,0.0,0.0
ANTM.JK,2025-01-14,-1,0.3116395461932492,0.21444362783615417,0.0,0.0
ANTM.JK,2025-01-15,0,0.2917387943220542,0.42567094696582025,0.0,0.0
ANTM.JK,2025-01-16,-1,0.3419932235881747,0.16979196235088334,0.0,-0.0
ANTM.JK,2025-01-17,-1,0.3414576599402667,0.15915526998433605,0.0,0.0
ANTM.JK,2025-01-20,-1,0.3289680236835974,0.09366078297101246,0.0,-0.0
ANTM.JK,2025-01-21,-1,0.3188063018212334,0.1170001285211127,0.0,0.0
ANTM.JK,2025-01-22,-1,0.3221703822782016,0.054628535061630866,0.0,0.0
ANTM.JK,2025-01-23,-1,0.3212078967083167,0.046088564240178535,0.0,-0.0
ANTM.JK,2025-01-24,-1,0.3178368049040909,0.14825000946194086,0.0,0.0
ANTM.JK,2025-01-30,1,0.3363941905952257,0.36088239529717564,0.0,-0.0
ANTM.JK,2025-01-31,-1,0.3319916800133809,0.326486042193721,0.0,-0.0
ANTM.JK,2025-02-03,1,0.3512463576954659,0.4168342314230722,0.0,-0.0
ANTM.JK,2025-02-04,1,0.35506709442705386,0.3022802308103142,0.0,0.0
ANTM.JK,2025-02-05,1,0.3669145789055854,0.22783734973584854,0.0,0.0
ANTM.JK,2025-02-06,1,0.36510581101193645,0.11522215215178155,0.0,-0.0
ANTM.JK,2025-02-07,1,0.3828015513388919,0.10655448694212256,0.0,0.0
ANTM.JK,2025-02-10,1,0.3820036959369291,0.15879084501727916,0.0,-0.0
ANTM.JK,2025-02-11,1,0.3836766190287456,0.09196393026765226,0.0,0.0
ANTM.JK,2025-02-12,1,0.36580235727561033,0.08711686313456228,0.0,-0.0
ANTM.JK,2025-02-13,1,0.3965028387957772,0.199371980914857,0.0,0.0
ANTM.JK,2025-02-14,1,0.3758993213098975,0.1760455804603963,0.0,0.0
ANTM.JK,2025-02-17,1,0.34797187407770197,0.08603244335344656,0.0,0.0
ANTM.JK,2025-02-18,1,0.36204691457175114,0.1949021178035764,0.0,-0.0
ANTM.JK,2025-02-19,1,0.4233258923134768,0.2435242610035672,0.0,0.0
ANTM.JK,2025-02-20,1,0.44841168882559485,0.4029546987781292,0.0,0.0
ANTM.JK,2025-02-21,1,0.4150298597179016,0.23323294234508649,0.0,-0.0
ANTM.JK,2025-02-24,1,0.4015984551562754,0.36987873813656025,0.0,0.0
ANTM.JK,2025-02-25,1,0.3643768792805688,0.14336248851985914,0.0,-0.0
ANTM.JK,2025-02-26,1,0.36784140654583,0.1936108953797633,0.0,-0.0
ANTM.JK,2025-02-27,1,0.36784240518062616,0.06830882099471716,0.0,-0.0
ANTM.JK,2025-02-28,1,0.35305808700264163,0.03816065711502691,0.0,-0.0
ANTM.JK,2025-03-03,1,0.34314332443846923,0.06978801061088293,0.0,0.0
ANTM.JK,2025-03-04,0,0.3400962039707929,0.47011980510185736,0.0,-0.0
ANTM.JK,2025-03-05,0,0.3210608175304312,0.47842422185963907,0.0,0.0
ANTM.JK,2025-03-06,0,0.314968438056904,0.4704637885643821,0.0,0.0
ANTM.JK,2025-03-07,1,0.34016688802871314,0.4632929538593202,0.0,0.0
ANTM.JK,2025-03-10,0,0.3501700365684319,0.16951461721056654,0.0,-0.0
ANTM.JK,2025-03-11,0,0.3511406902974127,0.2930319639803791,0.0,0.0
ANTM.JK,2025-03-12,0,0.3723586852931486,0.23818688470647142,0.0,0.0
ANTM.JK,2025-03-13,0,0.3741043691924565,0.23189251671619196,0.0,-0.0
ANTM.JK,2025-03-14,0,0.36841282096135697,0.529289301166357,0.0,0.0
ANTM.JK,2025-03-17,1,0.36752630728248487,0.7221857469527202,0.0,0.0
ANTM.JK,2025-03-18,1,0.38142992320347574,0.5200730162527656,1.0,-0.01358453189390557
ANTM.JK,2025-03-19,1,0.36233084265870513,0.6439363920967314,0.0,-0.0025
ANTM.JK,2025-03-20,1,0.37264931729811973,0.4077450080069278,1.0,-0.010536181759210504
ANTM.JK,2025-03-21,1,0.3859024145928223,0.29294034126833673,0.0,-0.0025
ANTM.JK,2025-03-24,1,0.3735237289371238,0.4631556116920125,0.0,0.0
ANTM.JK,2025-03-25,1,0.38411531246545905,0.2161238138185854,0.0,0.0
ANTM.JK,2025-03-26,1,0.3806071248205564,0.4284460325854146,0.0,0.0
ANTM.JK,2025-03-27,1,0.37548104067514554,0.30183351021235083,0.0,-0.0
ANTM.JK,2025-04-08,0,0.3009778179163748,0.2930801820159634,0.0,-0.0
ANTM.JK,2025-04-09,0,0.33070615879642346,0.5039952627969727,0.0,0.0
ANTM.JK,2025-04-10,0,0.31075994967051684,0.6069838024075681,0.0,0.0
ANTM.JK,2025-04-11,0,0.32749227354274374,0.685716781470848,0.0,0.0
ANTM.JK,2025-04-14,0,0.29976346844125257,0.6402180597894549,0.0,0.0
ANTM.JK,2025-04-15,0,0.3402091520521868,0.7045860598495962,0.0,0.0
ANTM.JK,2025-04-16,1,0.3492333048818644,0.6396926096397924,0.0,0.0
ANTM.JK,2025-04-17,0,0.33139855526141554,0.7084689965605738,1.0,0.00888962987358838
ANTM.JK,2025-04-21,-1,0.3070728611465748,0.7063208018408083,0.0,-0.0025
ANTM.JK,2025-04-22,-1,0.29574224856696485,0.6076691334003599,0.0,0.0
ANTM.JK,2025-04-23,-1,0.2792871255225519,0.16241731592038086,0.0,-0.0
ANTM.JK,2025-04-24,-1,0.2830951862124667,0.5525468798002652,0.0,0.0
ANTM.JK,2025-04-25,-1,0.25529294752210024,0.17365600734983572,0.0,-0.0
ANTM.JK,2025-04-28,0,0.2523020666509111,0.4524376218271455,0.0,-0.0
ANTM.JK,2025-04-29,-1,0.24339108021154762,0.38665332822823356,0.0,0.0
ANTM.JK,2025-04-30,-1,0.26935656139940245,0.42055511973023274,0.0,-0.0
ANTM.JK,2025-05-02,-1,0.26440068464354366,0.35958454692353037,0.0,0.0
ANTM.JK,2025-05-05,-1,0.2519230569204266,0.5332879635606924,0.0,0.0
ANTM.JK,2025-05-06,-1,0.2686477724245476,0.7510183562558319,0.0,0.0
ANTM.JK,2025-05-07,-1,0.265555876477653,0.6390897657832795,0.0,0.0
ANTM.JK,2025-05-08,-1,0.27135867940494585,0.5796052003708291,0.0,-0.0
ANTM.JK,2025-05-09,-1,0.27619163819572107,0.47562332996233736,0.0,0.0
ANTM.JK,2025-05-14,-1,0.25924823944697617,0.16238899870030368,0.0,-0.0
ANTM.JK,2025-05-15,-1,0.2559048482305362,0.15115979131011506,0.0,0.0
ANTM.JK,2025-05-16,-1,0.25632134259320416,0.06734290859155617,0.0,0.0
ANTM.JK,2025-05-19,-1,0.2618929787344737,0.5278628444554647,0.0,0.0
ANTM.JK,2025-05-20,-1,0.24464961508175942,0.49305053189363807,0.0,0.0
ANTM.JK,2025-05-21,-1,0.2738635914151982,0.701092710229114,0.0,0.0
ANTM.JK,2025-05-22,-1,0.27120299708393986,0.6751431849806198,0.0,0.0
ANTM.JK,2025-05-23,-1,0.2700874542802732,0.5280064038492854,0.0,0.0
ANTM.JK,2025-05-26,-1,0.28155186293463547,0.5076502650177981,0.0,-0.0
ANTM.JK,2025-05-27,-1,0.2478639167299664,0.16326566888733413,0.0,-0.0
ANTM.JK,2025-05-28,-1,0.27444553906143293,0.1261752157088843,0.0,0.0
ANTM.JK,2025-06-02,-1,0.2707041002498746,0.49197630857158464,0.0,0.0
ANTM.JK,2025-06-03,-1,0.2702365014815911,0.3477314443916293,0.0,0.0
ANTM.JK,2025-06-04,-1,0.28979231586264725,0.45223871551292333,0.0,0.0
ANTM.JK,2025-06-05,-1,0.26926685169882786,0.2903830888815262,0.0,-0.0
ANTM.JK,2025-06-10,-1,0.2606537557198906,0.10584515916432481,0.0,-0.0
ANTM.JK,2025-06-11,-1,0.2512831740674971,0.21800847873709675,0.0,0.0
ANTM.JK,2025-06-12,-1,0.21854319855968107,0.5672865043201099,0.0,-0.0
ANTM.JK,2025-06-13,-1,0.2141460376774467,0.4737714247770906,0.0,0.0
ANTM.JK,2025-06-16,-1,0.21502822546198364,0.3228211583542001,0.0,-0.0
ANTM.JK,2025-06-17,-1,0.21784028531686103,0.328668305861537,0.0,0.0
ANTM.JK,2025-06-18,-1,0.2209076505162221,0.18028895857970959,0.0,0.0
ANTM.JK,2025-06-19,-1,0.2143317421192479,0.19176019975936962,0.0,-0.0
ANTM.JK,2025-06-20,-1,0.2375683687566887,0.21123264544996742,0.0,-0.0
ANTM.JK,2025-06-23,-1,0.2173004181723958,0.40405679271052397,0.0,0.0
ANTM.JK,2025-06-24,-1,0.23158285374586524,0.10452096451579361,0.0,-0.0
ANTM.JK,2025-06-25,0,0.21242504770699522,0.16121634405478835,0.0,-0.0
ANTM.JK,2025-06-26,0,0.2032712456574235,0.1386800682312724,0.0,0.0
ANTM.JK,2025-06-30,0,0.2446486835388812,0.0676999758704961,0.0,0.0
ANTM.JK,2025-07-01,0,0.2243588929316663,0.44323281581496077,0.0,0.0
ANTM.JK,2025-07-02,0,0.2263707502495049,0.30113287535593664,0.0,-0.0
ANTM.JK,2025-07-03,-1,0.22016424607346577,0.3189454726019826,0.0,0.0
ANTM.JK,2025-07-04,0,0.22560705389181843,0.20522793911495862,0.0,-0.0
ANTM.JK,2025-07-07,0,0.2339716018289667,0.08502064825239676,0.0,-0.0
ANTM.JK,2025-07-08,0,0.21379782423885849,0.09114430786409354,0.0,0.0
ANTM.JK,2025-07-09,-1,0.2254692245666154,0.04220103248866364,0.0,-0.0
ANTM.JK,2025-07-10,-1,0.23843109243947797,0.061043569268183474,0.0,0.0
ANTM.JK,2025-07-11,-1,0.24197007534514592,0.19921047871087827,0.0,0.0
ANTM.JK,2025-07-14,-1,0.2393442172312961,0.16799566823358042,0.0,0.0
ANTM.JK,2025-07-15,-1,0.24240373069689602,0.07101058263574375,0.0,-0.0
ANTM.JK,2025-07-16,-1,0.23559021290467602,0.31565399483022316,0.0,-0.0
ANTM.JK,2025-07-17,-1,0.2361664374171606,0.2158302500117916,0.0,0.0
ANTM.JK,2025-07-18,-1,0.22252557371760595,0.1275303064655721,0.0,-0.0
ANTM.JK,2025-07-21,-1,0.25460882802517065,0.3790775295928758,0.0,0.0
ANTM.JK,2025-07-22,-1,0.26091434533034147,0.25805826816581223,0.0,-0.0
ANTM.JK,2025-07-23,-1,0.2541698428861017,0.1282066985620963,0.0,0.0
ANTM.JK,2025-07-24,-1,0.24158340919109506,0.09111249069850258,0.0,-0.0
ANTM.JK,2025-07-25,-1,0.23599700963055392,0.08475161054051843,0.0,-0.0
ANTM.JK,2025-07-28,-1,0.23937371294900145,0.0394779455937428,0.0,0.0
ANTM.JK,2025-07-29,-1,0.23576237106994186,0.05266890623314726,0.0,0.0
ANTM.JK,2025-07-30,-1,0.23135633258410812,0.04789155215793565,0.0,-0.0
ANTM.JK,2025-07-31,-1,0.2300409125091909,0.07581386139382416,0.0,-0.0
ANTM.JK,2025-08-01,-1,0.22768595396899655,0.11687491011903003,0.0,0.0
ANTM.JK,2025-08-04,-1,0.22075525731212284,0.08576270235247553,0.0,0.0
ANTM.JK,2025-08-05,-1,0.21970432988166522,0.15532297229014735,0.0,0.0
ANTM.JK,2025-08-06,-1,0.2257250906110866,0.20108013628699728,0.0,0.0
ANTM.JK,2025-08-07,-1,0.23221391572911856,0.2585009715792943,0.0,0.0
ANTM.JK,2025-08-08,-1,0.23509220864468475,0.08819796745598997,0.0,-0.0
ANTM.JK,2025-08-11,-1,0.23406610935752536,0.08197637893617571,0.0,-0.0
ANTM.JK,2025-08-12,-1,0.2231043629677628,0.05883993129585347,0.0,-0.0
ANTM.JK,2025-08-13,-1,0.22956663672529617,0.07652569765722167,0.0,0.0
ANTM.JK,2025-08-14,-1,0.2165304284955694,0.0824824729503147,0.0,-0.0
ANTM.JK,2025-08-15,-1,0.20657924642388234,0.05325613084545149,0.0,0.0
ANTM.JK,2025-08-19,-1,0.21171912174076593,0.05863764502354594,0.0,-0.0
ANTM.JK,2025-08-20,-1,0.1949680424571669,0.1159891155496819,0.0,0.0
ANTM.JK,2025-08-21,-1,0.1997970271038127,0.23361997725321224,0.0,-0.0
ANTM.JK,2025-08-22,-1,0.20013583715755176,0.25952000729152613,0.0,-0.0
ANTM.JK,2025-08-25,-1,0.18442714450109923,0.2520010367396837,0.0,0.0
ANTM.JK,2025-08-26,-1,0.17773773867245748,0.42138879938604995,0.0,0.0
ANTM.JK,2025-08-27,-1,0.18439998485986722,0.18687185333206177,0.0,0.0
ANTM.JK,2025-08-28,-1,0.19803171262912306,0.19558843642159368,0.0,0.0
ANTM.JK,2025-08-29,-1,0.20607532255861946,0.2614417794269957,0.0,0.0
ANTM.JK,2025-09-01,-1,0.19350922620319674,0.15950636745288355,0.0,0.0
ANTM.JK,2025-09-02,-1,0.2080782205854767,0.3746280169220508,0.0,0.0
ANTM.JK,2025-09-03,-1,0.21913765073057656,0.5288829348783686,0.0,0.0
ANTM.JK,2025-09-04,-1,0.21731403897066415,0.21095218136087868,0.0,-0.0
ANTM.JK,2025-09-08,-1,0.22111523143077325,0.31550257736186177,0.0,0.0
ANTM.JK,2025-09-09,-1,0.23050706090693582,0.3088388688616804,0.0,0.0
ANTM.JK,2025-09-10,-1,0.22541434836970922,0.13231240800837357,0.0,-0.0
ANTM.JK,2025-09-11,-1,0.20516382067783465,0.18068795075677194,0.0,-0.0
ANTM.JK,2025-09-12,-1,0.21987268068475724,0.08331360595789905,0.0,0.0
ANTM.JK,2025-09-15,-1,0.23055494276388558,0.05560362055097853,0.0,0.0
ANTM.JK,2025-09-16,-1,0.23260996074469611,0.18011311101226207,0.0,0.0
ANTM.JK,2025-09-17,-1,0.2282672544673894,0.07667849118993968,0.0,-0.0
ANTM.JK,2025-09-18,-1,0.22346126090626442,0.09702790508961463,0.0,-0.0
ANTM.JK,2025-09-19,-1,0.21798722172443494,0.14717438493455265,0.0,0.0
ANTM.JK,2025-09-22,-1,0.23177063797718528,0.15179476945107875,0.0,0.0
ANTM.JK,2025-09-23,-1,0.22748455807779933,0.38385021440117617,0.0,0.0
ANTM.JK,2025-09-24,-1,0.22617163835589096,0.2836591164388549,0.0,-0.0
ANTM.JK,2025-09-25,0,0.21079097943718306,0.1648677897168262,0.0,-0.0
ANTM.JK,2025-09-26,0,0.19864799328794824,0.16670890826452148,0.0,0.0
ANTM.JK,2025-09-29,-1,0.21150851106966756,0.19363392332116275,0.0,0.0
ANTM.JK,2025-09-30,0,0.19549687792428927,0.30734947634290594,0.0,-0.0
ANTM.JK,2025-10-01,0,0.18485642874339786,0.28147528331410654,0.0,0.0
ANTM.JK,2025-10-02,0,0.1957835528571593,0.32905927585793365,0.0,-0.0
ANTM.JK,2025-10-03,0,0.19314619098624397,0.17082744715513037,0.0,0.0
ANTM.JK,2025-10-06,0,0.1965968303608364,0.18735608826864258,0.0,-0.0
ANTM.JK,2025-10-07,0,0.18926902870027798,0.13138578349279026,0.0,-0.0
ANTM.JK,2025-10-08,-1,0.19940285656340917,0.5022015073857713,0.0,0.0
ANTM.JK,2025-10-09,-1,0.2077879423453026,0.07601759705964037,0.0,-0.0
ANTM.JK,2025-10-10,-1,0.1961419302612204,0.10382558649679957,0.0,0.0
ANTM.JK,2025-10-13,-1,0.20692940052099568,0.07043783157252105,0.0,0.0
ANTM.JK,2025-10-14,-1,0.20534171153705846,0.11395424454519999,0.0,-0.0
ANTM.JK,2025-10-15,-1,0.19688970882106072,0.17781338902932184,0.0,0.0
ANTM.JK,2025-10-16,-1,0.21598084748470436,0.24518108260018984,0.0,0.0
ANTM.JK,2025-10-17,-1,0.21162124916466715,0.12253974888885306,0.0,0.0
ANTM.JK,2025-10-20,-1,0.21300541513096996,0.20931760755212075,0.0,-0.0
ANTM.JK,2025-10-21,-1,0.2075489445297113,0.01662028017313398,0.0,0.0
ANTM.JK,2025-10-22,-1,0.2059661536575067,0.05277795789496694,0.0,-0.0
ANTM.JK,2025-10-23,-1,0.21712763535162916,0.05568117753756182,0.0,0.0
ANTM.JK,2025-10-24,-1,0.20073411226394394,0.02638870978777045,0.0,-0.0
ANTM.JK,2025-10-27,-1,0.20657826231978332,0.013124466206506905,0.0,0.0
ANTM.JK,2025-10-28,-1,0.1944103834035289,0.03760640579686208,0.0,-0.0
ANTM.JK,2025-10-29,-1,0.20153737717427236,0.03265232779351435,0.0,0.0
ANTM.JK,2025-10-30,-1,0.20272794582261375,0.021148843763187732,0.0,-0.0
ANTM.JK,2025-10-31,-1,0.1936269206033536,0.030500970351565883,0.0,-0.0
ANTM.JK,2025-11-03,-1,0.18934011697137026,0.06470877914712381,0.0,0.0
ANTM.JK,2025-11-04,-1,0.19372892869111605,0.10967286730802571,0.0,-0.0
ANTM.JK,2025-11-05,-1,0.18914853062381312,0.4173764307851592,0.0,0.0
ANTM.JK,2025-11-06,-1,0.1863772627708403,0.4917685435759988,0.0,-0.0
ANTM.JK,2025-11-07,-1,0.17737705597350656,0.7659150321549999,0.0,-0.0
ANTM.JK,2025-11-10,-1,0.18022670944760194,0.7420562717792571,0.0,0.0
ANTM.JK,2025-11-11,-1,0.17213887912822742,0.8243515328531984,0.0,-0.0
ANTM.JK,2025-11-12,-1,0.16679597997981727,0.8033370049409762,0.0,0.0
ANTM.JK,2025-11-13,-1,0.1657855822970641,0.556808936271695,0.0,0.0
ANTM.JK,2025-11-14,-1,0.23331027337308097,0.3428398415575792,0.0,0.0
ANTM.JK,2025-11-17,-1,0.20696708885438816,0.33441084330573545,0.0,0.0
ANTM.JK,2025-11-18,-1,0.2187335209435571,0.17532296681101425,0.0,-0.0
ANTM.JK,2025-11-19,-1,0.2082678208130315,0.22404380540845112,0.0,-0.0
ANTM.JK,2025-11-20,-1,0.2140319932119238,0.1463061256799499,0.0,-0.0
ANTM.JK,2025-11-21,-1,0.22172635754622835,0.26041775050546595,0.0,-0.0
ANTM.JK,2025-11-24,-1,0.22519028247009298,0.4771123332536928,0.0,0.0
ANTM.JK,2025-11-25,-1,0.2255375427257957,0.5383810922031126,0.0,0.0
ANTM.JK,2025-11-26,-1,0.23800594310181722,0.798164670654238,0.0,0.0
ANTM.JK,2025-11-27,-1,0.2382870802446866,0.4394720483661237,0.0,-0.0
ANTM.JK,2025-11-28,-1,0.23129955656108903,0.7231687525752241,0.0,-0.0
ANTM.JK,2025-12-01,-1,0.254088387536107,0.3767961624590333,0.0,0.0
ANTM.JK,2025-12-02,-1,0.2851167556648057,0.357762429811137,0.0,-0.0
ANTM.JK,2025-12-03,-1,0.285701280946728,0.31614362703145127,0.0,-0.0
ANTM.JK,2025-12-04,-1,0.2774432765328763,0.1853628693493992,0.0,-0.0
ANTM.JK,2025-12-05,-1,0.2677931219458476,0.24737682330864158,0.0,0.0
ANTM.JK,2025-12-08,-1,0.2713223443668484,0.19350501855806543,0.0,0.0
ANTM.JK,2025-12-09,-1,0.2897198519973371,0.2840649870941228,0.0,-0.0
ANTM.JK,2025-12-10,-1,0.2849085524437899,0.39252067493149506,0.0,0.0
ANTM.JK,2025-12-11,-1,0.2670762709369066,0.4684007894181751,0.0,-0.0
ANTM.JK,2025-12-12,-1,0.28337840194164277,0.23333110645879093,0.0,0.0
ANTM.JK,2025-12-15,-1,0.27211502875619925,0.16550110035521282,0.0,-0.0
ANTM.JK,2025-12-16,-1,0.2839114334356948,0.051810543105538266,0.0,-0.0
ANTM.JK,2025-12-17,-1,0.27398611467642336,0.0543275071594405,0.0,0.0
ANTM.JK,2025-12-18,-1,0.27155583395571203,0.10535414349633722,0.0,0.0
ANTM.JK,2025-12-19,-1,0.2644164332583491,0.07886819159580986,0.0,-0.0
ANTM.JK,2025-12-22,-1,0.25815542553377363,0.18853719196205765,0.0,0.0
ANTM.JK,2025-12-23,-1,0.24627256789950366,0.2802329494054418,0.0,0.0
ANTM.JK,2025-12-24,-1,0.24793371683654594,0.37235280182547065,0.0,0.0
ANTM.JK,2025-12-29,-1,0.2559830508155763,0.1039605179153057,0.0,0.0
PTBA.JK,2025-01-02,-1,0.2382379297026323,0.5362064951732194,0.0,0.0
PTBA.JK,2025-01-03,-1,0.2382379297026323,0.6747905853190966,0.0,0.0
PTBA.JK,2025-01-06,-1,0.2382379297026323,0.4403142563630615,0.0,-0.0
PTBA.JK,2025-01-07,-1,0.23487070190528445,0.7696830946605955,0.0,-0.0
PTBA.JK,2025-01-08,-1,0.23487070190528445,0.2341543865109869,0.0,0.0
PTBA.JK,2025-01-09,-1,0.23983759549926328,0.30307140200941435,0.0,-0.0
PTBA.JK,2025-01-10,-1,0.23487070190528445,0.1180290928550103,0.0,0.0
PTBA.JK,2025-01-13,-1,0.23155988384335344,0.2494020472761945,0.0,-0.0
PTBA.JK,2025-01-14,-1,0.23155988384335344,0.09300740562569179,0.0,0.0
PTBA.JK,2025-01-15,-1,0.23518754484093754,0.116100094651135,0.0,0.0
PTBA.JK,2025-01-16,-1,0.2476295036927141,0.11498401890809452,0.0,0.0
PTBA.JK,2025-01-17,-1,0.2365157022097635,0.061594342613539764,0.0,-0.0
PTBA.JK,2025-01-20,-1,0.2462504802004933,0.1159919866796806,0.0,-0.0
PTBA.JK,2025-01-21,-1,0.2476295036927141,0.09119176251879664,0.0,0.0
PTBA.JK,2025-01-22,-1,0.24126735165983473,0.17918458272078844,0.0,0.0
PTBA.JK,2025-01-23,-1,0.23756879298134745,0.08010755130711088,0.0,-0.0
PTBA.JK,2025-01-24,-1,0.23756879298134745,0.07748648301430452,0.0,0.0
PTBA.JK,2025-01-30,-1,0.23889919799430864,0.23621290935618486,0.0,-0.0
PTBA.JK,2025-01-31,-1,0.23914140875462928,0.3714687709426609,0.0,0.0
PTBA.JK,2025-02-03,-1,0.2381717542326945,0.27706586485904205,0.0,-0.0
PTBA.JK,2025-02-04,-1,0.26014427247093924,0.26714885823355816,0.0,0.0
PTBA.JK,2025-02-05,-1,0.2559311941681722,0.1872209388987039,0.0,0.0
PTBA.JK,2025-02-06,-1,0.23729378592525496,0.43980396685693474,0.0,-0.0
PTBA.JK,2025-02-07,-1,0.23543996894773206,0.0853023994140106,0.0,0.0
PTBA.JK,2025-02-10,-1,0.23301262872999964,0.5650358153988226,0.0,-0.0
PTBA.JK,2025-02-11,-1,0.23301262872999964,0.5786007515966692,0.0,0.0
PTBA.JK,2025-02-12,-1,0.24956056669400944,0.2998082457940164,0.0,0.0
PTBA.JK,2025-02-13,-1,0.2594896558207595,0.5172017636657619,0.0,0.0
PTBA.JK,2025-02-14,-1,0.2542568648335575,0.4887857289831652,0.0,0.0
PTBA.JK,2025-02-17,-1,0.2542568648335575,0.4066298279873855,0.0,0.0
PTBA.JK,2025-02-18,-1,0.2542568648335575,0.5239939871998017,0.0,-0.0
PTBA.JK,2025-02-19,-1,0.2527829232110898,0.3725437133450272,0.0,-0.0
PTBA.JK,2025-02-20,-1,0.2527829232110898,0.3449711949173604,0.0,0.0
PTBA.JK,2025-02-21,-1,0.258129613801946,0.36903469898727564,0.0,-0.0
PTBA.JK,2025-02-24,-1,0.258129613801946,0.678693723584842,0.0,-0.0
PTBA.JK,2025-02-25,-1,0.2573201608250568,0.8532512536245019,0.0,-0.0
PTBA.JK,2025-02-26,-1,0.26272270101226447,0.802485969412039,0.0,-0.0
PTBA.JK,2025-02-27,-1,0.26272270101226447,0.7569067950172672,0.0,0.0
PTBA.JK,2025-02-28,-1,0.26272270101226447,0.6377245548927857,0.0,-0.0
PTBA.JK,2025-03-03,-1,0.27287720440015034,0.684924566644006,0.0,-0.0
PTBA.JK,2025-03-04,-1,0.2738950912155233,0.08946015780778382,0.0,-0.0
PTBA.JK,2025-03-05,-1,0.25128532908250445,0.036943441630851614,0.0,0.0
PTBA.JK,2025-03-06,-1,0.2710569681417985,0.07396503737642336,0.0,0.0
PTBA.JK,2025-03-07,-1,0.2735845746203596,0.13313704547844493,0.0,-0.0
PTBA.JK,2025-03-10,-1,0.2654883503368448,0.23823172598342815,0.0,-0.0
PTBA.JK,2025-03-11,-1,0.2654883503368448,0.09610045844337338,0.0,-0.0
PTBA.JK,2025-03-12,-1,0.262035438243599,0.09088422326729592,0.0,-0.0
PTBA.JK,2025-03-13,-1,0.262035438243599,0.12815847558846621,0.0,-0.0
PTBA.JK,2025-03-14,-1,0.262035438243599,0.12589637831642264,0.0,0.0
PTBA.JK,2025-03-17,-1,0.262035438243599,0.07428052083388302,0.0,0.0
PTBA.JK,2025-03-18,-1,0.262035438243599,0.137382528749282,0.0,-0.0
PTBA.JK,2025-03-19,-1,0.262035438243599,0.14320983258431927,0.0,0.0
PTBA.JK,2025-03-20,-1,0.2617785503504977,0.09443239143156937,0.0,-0.0
PTBA.JK,2025-03-21,-1,0.2546691793378089,0.2948810014628615,0.0,-0.0
PTBA.JK,2025-03-24,-1,0.2529968224948971,0.11796337341686713,0.0,-0.0
PTBA.JK,2025-03-25,-1,0.2407147647076637,0.7170979549009029,0.0,0.0
PTBA.JK,2025-03-26,-1,0.2346718070546017,0.7434587322901369,0.0,0.0
PTBA.JK,2025-03-27,-1,0.23040104779040646,0.4514327094704202,0.0,0.0
PTBA.JK,2025-04-08,-1,0.23035576146719314,0.3472389114557036,0.0,-0.0
PTBA.JK,2025-04-09,-1,0.23364617505019325,0.2751397481398368,0.0,0.0
PTBA.JK,2025-04-10,-1,0.23520638143871203,0.5734768887552064,0.0,0.0
PTBA.JK,2025-04-11,-1,0.2520221805356918,0.3131841479191801,0.0,0.0
PTBA.JK,2025-04-14,-1,0.2520221805356918,0.1952212289669995,0.0,0.0
PTBA.JK,2025-04-15,-1,0.2532756943152086,0.40098582792205195,0.0,0.0
PTBA.JK,2025-04-16,-1,0.2532756943152086,0.20084302008157257,0.0,-0.0
PTBA.JK,2025-04-17,-1,0.2520221805356918,0.019087270049734966,0.0,0.0
PTBA.JK,2025-04-21,-1,0.2520221805356918,0.008157329109042379,0.0,0.0
PTBA.JK,2025-04-22,-1,0.2518359085127853,0.006386693538481418,0.0,0.0
PTBA.JK,2025-04-23,-1,0.2530214140656146,0.03152069587871074,0.0,0.0
PTBA.JK,2025-04-24,-1,0.2525176880631392,0.011875797580035418,0.0,0.0
PTBA.JK,2025-04-25,-1,0.2508614146431805,0.0024182843287795,0.0,0.0
PTBA.JK,2025-04-28,-1,0.2462174404227361,0.002170496266966109,0.0,-0.0
PTBA.JK,2025-04-29,-1,0.2444967887536473,0.0020660294990942117,0.0,0.0
PTBA.JK,2025-04-30,-1,0.24236821994201285,0.004772392409008171,0.0,-0.0
PTBA.JK,2025-05-02,-1,0.2283656192178143,0.006577491243084789,0.0,-0.0
PTBA.JK,2025-05-05,-1,0.2283656192178143,0.008815342573464831,0.0,-0.0
PTBA.JK,2025-05-06,-1,0.23781593026987688,0.011663412045268011,0.0,-0.0
PTBA.JK,2025-05-07,-1,0.2326921574831653,0.0035854581529809163,0.0,0.0
PTBA.JK,2025-05-08,-1,0.24226237743250145,0.0076150247103812544,0.0,-0.0
PTBA.JK,2025-05-09,-1,0.2492849132504541,0.16560235699082473,0.0,-0.0
PTBA.JK,2025-05-14,-1,0.2657004817641518,0.12123699062084366,0.0,0.0
PTBA.JK,2025-05-15,-1,0.2570018298951128,0.10323872740350921,0.0,-0.0
PTBA.JK,2025-05-16,-1,0.2361214809118577,0.26095080846928737,0.0,0.0
PTBA.JK,2025-05-19,-1,0.24623612447263835,0.027154099904742022,0.0,0.0
PTBA.JK,2025-05-20,-1,0.24637997765411307,0.287072881395934,0.0,-0.0
PTBA.JK,2025-05-21,-1,0.22499264958136808,0.16354351666392927,0.0,-0.0
PTBA.JK,2025-05-22,-1,0.22339228939603023,0.14597653588138448,0.0,0.0
PTBA.JK,2025-05-23,-1,0.22001398415623463,0.04495325000865949,0.0,0.0
PTBA.JK,2025-05-26,-1,0.21826853732635657,0.018400478350704515,0.0,-0.0
PTBA.JK,2025-05-27,-1,0.21826853732635657,0.026908121324712465,0.0,0.0
PTBA.JK,2025-05-28,-1,0.22849793977861851,0.02427790449966417,0.0,0.0
PTBA.JK,2025-06-02,-1,0.21658339057699819,0.008855355549481423,0.0,-0.0
PTBA.JK,2025-06-03,-1,0.2133562172900523,0.009396420196207832,0.0,0.0
PTBA.JK,2025-06-04,-1,0.22457336518178234,0.010529653000363076,0.0,-0.0
PTBA.JK,2025-06-05,-1,0.22332466166780407,0.008092699780919295,0.0,0.0
PTBA.JK,2025-06-10,-1,0.22849793977861851,0.014125355750560458,0.0,0.0
PTBA.JK,2025-06-11,-1,0.23362747516749144,0.015455257027858238,0.0,0.0
PTBA.JK,2025-06-12,-1,0.23902691757804814,0.04292372420889013,0.0,-0.0
PTBA.JK,2025-06-13,-1,0.22849793977861851,0.021410158649966357,0.0,-0.0
PTBA.JK,2025-06-16,-1,0.2311795620312729,0.019295323213827355,0.0,0.0
PTBA.JK,2025-06-17,-1,0.2434305161435958,0.01709143251829205,0.0,0.0
PTBA.JK,2025-06-18,-1,0.24377694557901913,0.018657313497243762,0.0,-0.0
PTBA.JK,2025-06-19,-1,0.21523830400068145,0.012677147425192077,0.0,-0.0
PTBA.JK,2025-06-20,-1,0.21446527658842113,0.043192721958743685,0.0,-0.0
PTBA.JK,2025-06-23,-1,0.23744238690653474,0.07154506136432952,0.0,-0.0
PTBA.JK,2025-06-24,-1,0.23590532466526365,0.12036764906599193,0.0,-0.0
PTBA.JK,2025-06-25,-1,0.23590532466526365,0.04118523008843971,0.0,-0.0
PTBA.JK,2025-06-26,-1,0.23590532466526365,0.03850428229562641,0.0,-0.0
PTBA.JK,2025-06-30,-1,0.2330929531507402,0.2893040874174638,0.0,0.0
PTBA.JK,2025-07-01,-1,0.23779909040620412,0.13014512805218606,0.0,0.0
PTBA.JK,2025-07-02,-1,0.23779909040620412,0.013525266634891328,0.0,-0.0
PTBA.JK,2025-07-03,-1,0.23590532466526365,0.030690197519698162,0.0,-0.0
PTBA.JK,2025-07-04,-1,0.23779909040620412,0.18762631087379358,0.0,0.0
PTBA.JK,2025-07-07,-1,0.2432304997195589,0.20011972925757593,0.0,0.0
PTBA.JK,2025-07-08,-1,0.233280535708211,0.04709124118394061,0.0,-0.0
PTBA.JK,2025-07-09,-1,0.25225892289627583,0.06834243151671074,0.0,-0.0
PTBA.JK,2025-07-10,-1,0.239431063256249,0.010858195364620536,0.0,0.0
PTBA.JK,2025-07-11,-1,0.23122912553789468,0.01226290328398523,0.0,0.0
PTBA.JK,2025-07-14,-1,0.22319477939698323,0.010357503989126444,0.0,0.0
PTBA.JK,2025-07-15,-1,0.2213605739838321,0.007660876909837063,0.0,-0.0
PTBA.JK,2025-07-16,-1,0.21914012828414703,0.006492041990940803,0.0,-0.0
PTBA.JK,2025-07-17,-1,0.222918827936402,0.016258600341683152,0.0,-0.0
PTBA.JK,2025-07-18,-1,0.2159282852246744,0.029174577684428018,0.0,0.0
PTBA.JK,2025-07-21,-1,0.24010407303071804,0.16354230249597507,0.0,-0.0
PTBA.JK,2025-07-22,-1,0.2573201608250568,0.30470551392889494,0.0,0.0
PTBA.JK,2025-07-23,-1,0.2573201608250568,0.15651091730589078,0.0,0.0
PTBA.JK,2025-07-24,-1,0.26107582316791694,0.3020575456928637,0.0,0.0
PTBA.JK,2025-07-25,-1,0.2520066052493004,0.13277432387365032,0.0,-0.0
PTBA.JK,2025-07-28,-1,0.25496889628261177,0.45054049895369286,0.0,0.0
PTBA.JK,2025-07-29,-1,0.25496889628261177,0.29215180895271736,0.0,0.0
PTBA.JK,2025-07-30,-1,0.2520066052493004,0.21507409922724402,0.0,-0.0
PTBA.JK,2025-07-31,-1,0.2573201608250568,0.7036925057038764,0.0,-0.0
PTBA.JK,2025-08-01,-1,0.2573201608250568,0.7700206370531253,0.0,0.0
PTBA.JK,2025-08-04,-1,0.2743244119995432,0.6930554625076308,0.0,-0.0
PTBA.JK,2025-08-05,-1,0.2743244119995432,0.8602787760672335,0.0,0.0
PTBA.JK,2025-08-06,-1,0.2573201608250568,0.6896636282564265,0.0,0.0
PTBA.JK,2025-08-07,-1,0.2573201608250568,0.829432607728337,0.0,-0.0
PTBA.JK,2025-08-08,-1,0.2573201608250568,0.8154752674798826,0.0,0.0
PTBA.JK,2025-08-11,-1,0.2573201608250568,0.7624479441069034,0.0,0.0
PTBA.JK,2025-08-12,-1,0.2602313398583648,0.5203267834372759,0.0,0.0
PTBA.JK,2025-08-13,-1,0.26107582316791694,0.5481332539281389,0.0,0.0
PTBA.JK,2025-08-14,-1,0.2508159310605044,0.6045326571489226,0.0,-0.0
PTBA.JK,2025-08-15,-1,0.2545328137524,0.6492239916328366,0.0,0.0
PTBA.JK,2025-08-19,-1,0.2573201608250568,0.7867891074155873,0.0,-0.0
PTBA.JK,2025-08-20,-1,0.2545328137524,0.4043365514381204,0.0,0.0
PTBA.JK,2025-08-21,-1,0.2545328137524,0.3816064354181935,0.0,0.0
PTBA.JK,2025-08-22,-1,0.2573201608250568,0.4722989052084955,0.0,-0.0
PTBA.JK,2025-08-25,-1,0.2573201608250568,0.40744288621346125,0.0,0.0
PTBA.JK,2025-08-26,-1,0.25018869441919755,0.4278870548422879,0.0,0.0
PTBA.JK,2025-08-27,-1,0.25012687467887545,0.334298012806063,0.0,-0.0
PTBA.JK,2025-08-28,-1,0.25012687467887545,0.44287042191152315,0.0,-0.0
PTBA.JK,2025-08-29,-1,0.2573201608250568,0.7381869063813481,0.0,-0.0
PTBA.JK,2025-09-01,-1,0.2573201608250568,0.32937755794083245,0.0,0.0
PTBA.JK,2025-09-02,-1,0.258129613801946,0.13244248617452553,0.0,0.0
PTBA.JK,2025-09-03,-1,0.2527829232110898,0.13464929340257792,0.0,0.0
PTBA.JK,2025-09-04,-1,0.2527829232110898,0.197966038771824,0.0,-0.0
PTBA.JK,2025-09-08,-1,0.2527829232110898,0.16930606019689326,0.0,0.0
PTBA.JK,2025-09-09,-1,0.2752445716778611,0.27951923693915615,0.0,-0.0
PTBA.JK,2025-09-10,-1,0.2743244119995432,0.3123917146190306,0.0,-0.0
PTBA.JK,2025-09-11,-1,0.27517796628316443,0.34158695483575524,0.0,-0.0
PTBA.JK,2025-09-12,-1,0.27517796628316443,0.2699379507714021,0.0,0.0
PTBA.JK,2025-09-15,-1,0.27517796628316443,0.29044464541191345,0.0,-0.0
PTBA.JK,2025-09-16,-1,0.27517796628316443,0.3058571147975278,0.0,0.0
PTBA.JK,2025-09-17,-1,0.27517796628316443,0.4305159686332405,0.0,0.0
PTBA.JK,2025-09-18,-1,0.27517796628316443,0.5504391205411848,0.0,-0.0
PTBA.JK,2025-09-19,-1,0.27517796628316443,0.18126239776228312,0.0,0.0
PTBA.JK,2025-09-22,-1,0.27517796628316443,0.6979062910678279,0.0,-0.0
PTBA.JK,2025-09-23,-1,0.27517796628316443,0.6574404139737559,0.0,0.0
PTBA.JK,2025-09-24,-1,0.27517796628316443,0.14483198695742452,0.0,0.0
PTBA.JK,2025-09-25,-1,0.27517796628316443,0.5206930118225822,0.0,-0.0
PTBA.JK,2025-09-26,-1,0.27517796628316443,0.5546715333073697,0.0,0.0
PTBA.JK,2025-09-29,-1,0.27517796628316443,0.5534188267497756,0.0,-0.0
PTBA.JK,2025-09-30,-1,0.27517796628316443,0.42936365542959515,0.0,0.0
PTBA.JK,2025-10-01,-1,0.27517796628316443,0.4072024821573576,0.0,-0.0
PTBA.JK,2025-10-02,1,0.3923959357935058,0.6091984290813703,0.0,-0.0
PTBA.JK,2025-10-03,1,0.39914673815092033,0.5486978900862537,1.0,0.0028290043290042934
PTBA.JK,2025-10-06,1,0.39914673815092033,0.7455950955181706,0.0,-0.0025
PTBA.JK,2025-10-07,1,0.4158825562387953,0.840612287868698,1.0,-0.018816017316017286
PTBA.JK,2025-10-08,1,0.4090413937596567,0.5949220398810695,1.0,0.0
PTBA.JK,2025-10-09,1,0.3908229500919488,0.5133415332409335,0.0,-0.0025
PTBA.JK,2025-10-10,-1,0.3654803729878225,0.646930863920184,0.0,0.0
PTBA.JK,2025-10-13,-1,0.37715767275474754,0.42405428325636035,0.0,-0.0
PTBA.JK,2025-10-14,-1,0.39085639516690646,0.6599836320105296,0.0,-0.0
PTBA.JK,2025-10-15,-1,0.27996196679967805,0.43188874521248827,0.0,-0.0
PTBA.JK,2025-10-16,-1,0.27508845913385765,0.6165000952962046,0.0,0.0
PTBA.JK,2025-10-17,0,0.2789644945939369,0.45469554818623514,0.0,0.0
PTBA.JK,2025-10-20,-1,0.2806565657897538,0.3606069671212289,0.0,0.0
PTBA.JK,2025-10-21,-1,0.2598800790987593,0.508839334905836,0.0,0.0
PTBA.JK,2025-10-22,-1,0.2674579625534841,0.4588462060279368,0.0,-0.0
PTBA.JK,2025-10-23,-1,0.24985218279337132,0.33354169462183014,0.0,0.0
PTBA.JK,2025-10-24,-1,0.25104588793959254,0.12634804334984845,0.0,0.0
PTBA.JK,2025-10-27,-1,0.26415474427959884,0.1494305826907772,0.0,-0.0
PTBA.JK,2025-10-28,-1,0.26589237442416613,0.33331848465414243,0.0,0.0
PTBA.JK,2025-10-29,-1,0.26926673873983265,0.10768654383790902,0.0,0.0
PTBA.JK,2025-10-30,-1,0.2893938572650156,0.14976866572715178,0.0,0.0
PTBA.JK,2025-10-31,-1,0.2720695831815151,0.030140184859354754,0.0,-0.0
PTBA.JK,2025-11-03,-1,0.2660714424194776,0.030484115550321197,0.0,0.0
PTBA.JK,2025-11-04,-1,0.2819513041945931,0.042614811349157886,0.0,0.0
PTBA.JK,2025-11-05,-1,0.27623998275963363,0.03424699976092683,0.0,-0.0
PTBA.JK,2025-11-06,-1,0.2719106348618851,0.03611231293185178,0.0,0.0
PTBA.JK,2025-11-07,-1,0.25832571152432243,0.023886889992911744,0.0,-0.0
PTBA.JK,2025-11-10,-1,0.24834018880116848,0.015790442850702215,0.0,0.0
PTBA.JK,2025-11-11,-1,0.2525358091406929,0.01991314661954127,0.0,0.0
PTBA.JK,2025-11-12,-1,0.2526994643672703,0.016484741228318764,0.0,-0.0
PTBA.JK,2025-11-13,-1,0.2736258686104124,0.029093882202869497,0.0,-0.0
PTBA.JK,2025-11-14,-1,0.3081750989680831,0.4097205075121741,0.0,-0.0
PTBA.JK,2025-11-17,1,0.4020580069421914,0.590277224927378,0.0,0.0
PTBA.JK,2025-11-18,1,0.4136227730918271,0.7057266751357696,0.0,-0.0
PTBA.JK,2025-11-19,1,0.40979699341338954,0.8473689820740399,1.0,0.0028290043290042934
PTBA.JK,2025-11-20,1,0.4217288001104883,0.8643256420495066,1.0,0.004310344827586299
PTBA.JK,2025-11-21,1,0.41793649713205966,0.9109806922038681,1.0,-0.0042918454935622075
PTBA.JK,2025-11-24,1,0.41793649713205966,0.742812089125361,1.0,0.004310344827586299
PTBA.JK,2025-11-25,1,0.41929722142621534,0.6890378575472876,1.0,-0.008583690987124415
PTBA.JK,2025-11-26,1,0.41485977100994836,0.8351295153036097,1.0,0.0043290043290042934
PTBA.JK,2025-11-27,1,0.4204937320977443,0.7030080480083544,1.0,-0.008620689655172376
PTBA.JK,2025-11-28,1,0.41485977100994836,0.7531989964732677,1.0,0.004347826086956497
PTBA.JK,2025-12-01,1,0.4136304304140672,0.8459938040288266,1.0,-0.008658008658008698
PTBA.JK,2025-12-02,1,0.4151482041761475,0.604200092230764,1.0,0.008733624454148492
PTBA.JK,2025-12-03,1,0.4151482041761475,0.6308659481828144,1.0,0.0
PTBA.JK,2025-12-04,1,0.4151482041761475,0.6006988699550362,1.0,-0.0043290043290042934
PTBA.JK,2025-12-05,1,0.4151482041761475,0.7461352156901033,1.0,0.0
PTBA.JK,2025-12-08,1,0.4151482041761475,0.6719698793716159,1.0,0.0
PTBA.JK,2025-12-09,1,0.4139171561128451,0.6817333575419564,1.0,-0.004347826086956497
PTBA.JK,2025-12-10,1,0.4139171561128451,0.6073606870425419,1.0,0.0
PTBA.JK,2025-12-11,1,0.4139171561128451,0.6514279865764031,1.0,-0.013100436681222738
PTBA.JK,2025-12-12,1,0.4139171561128451,0.8640593709619775,1.0,0.0
PTBA.JK,2025-12-15,1,0.4139171561128451,0.7886811979072281,1.0,0.0
PTBA.JK,2025-12-16,1,0.4139171561128451,0.30386045471496836,1.0,0.008849557522123908
PTBA.JK,2025-12-17,1,0.4139171561128451,0.6047934481009821,0.0,-0.0025
PTBA.JK,2025-12-18,1,0.4139171561128451,0.6661329644554814,1.0,-0.005905286343612369
PTBA.JK,2025-12-19,1,0.4139171561128451,0.679438016594236,1.0,0.004424778761061843
PTBA.JK,2025-12-22,1,0.3958886586817343,0.4187879030912248,1.0,0.004405286343612369
PTBA.JK,2025-12-23,1,0.3958886586817343,0.35289364777080423,0.0,-0.0025
PTBA.JK,2025-12-24,-1,0.3674231082323297,0.25797167909850577,0.0,0.0
PTBA.JK,2025-12-29,-1,0.3827881564945438,0.3619696986095701,0.0,0.0
GGRM.JK,2025-01-02,-1,0.33232163542569726,0.025751425048289856,0.0,0.0
GGRM.JK,2025-01-03,1,0.37121485324810954,0.03155014322463359,0.0,-0.0
GGRM.JK,2025-01-06,1,0.3655879278827028,0.09228108645835278,0.0,0.0
GGRM.JK,2025-01-07,1,0.3880277618960147,0.07385251702008648,0.0,-0.0
GGRM.JK,2025-01-08,1,0.3880277618960147,0.03691418472496472,0.0,-0.0
GGRM.JK,2025-01-09,0,0.33527073423604126,0.011527207444513743,0.0,-0.0
GGRM.JK,2025-01-10,1,0.3512392536893542,0.02113224917883136,0.0,-0.0
GGRM.JK,2025-01-13,1,0.43684510657111764,0.036920289483708985,0.0,-0.0
GGRM.JK,2025-01-14,1,0.44048790959533324,0.022513604412335252,0.0,-0.0
GGRM.JK,2025-01-15,1,0.4453360205728463,0.021933463906372592,0.0,0.0
GGRM.JK,2025-01-16,1,0.4406087996792405,0.0074628239552984995,0.0,-0.0
GGRM.JK,2025-01-17,1,0.44982254575999375,0.008871721472472045,0.0,-0.0
GGRM.JK,2025-01-20,1,0.44735763586177035,0.013623979269343691,0.0,-0.0
GGRM.JK,2025-01-21,1,0.4465162165368924,0.031049340582475576,0.0,-0.0
GGRM.JK,2025-01-22,1,0.4462680808717278,0.01196928956133516,0.0,-0.0
GGRM.JK,2025-01-23,1,0.4445565930249195,0.07512049767860902,0.0,-0.0
GGRM.JK,2025-01-24,1,0.43166826166703615,0.038059278268486575,0.0,-0.0
GGRM.JK,2025-01-30,1,0.4166811613250718,0.017513503689229205,0.0,-0.0
GGRM.JK,2025-01-31,1,0.4184739569792686,0.03866082572494403,0.0,-0.0
GGRM.JK,2025-02-03,1,0.40733795642500725,0.0534963895553444,0.0,-0.0
GGRM.JK,2025-02-04,1,0.4069028349675654,0.027263373990448633,0.0,0.0
GGRM.JK,2025-02-05,0,0.3217976580407287,0.03961390939170728,0.0,-0.0
GGRM.JK,2025-02-06,-1,0.28952874793900835,0.06229778802519519,0.0,-0.0
GGRM.JK,2025-02-07,-1,0.2786318719210277,0.039408162265865083,0.0,0.0
GGRM.JK,2025-02-10,0,0.3235143489855779,0.045039665434320544,0.0,-0.0
GGRM.JK,2025-02-11,1,0.3960937318139115,0.08151368586802048,0.0,-0.0
GGRM.JK,2025-02-12,0,0.3370958481679653,0.08334193091811351,0.0,0.0
GGRM.JK,2025-02-13,-1,0.29789114243252673,0.06684385836957607,0.0,0.0
GGRM.JK,2025-02-14,-1,0.3362741100454518,0.36456847184984975,0.0,0.0
GGRM.JK,2025-02-17,-1,0.3608553798886519,0.42279822031432257,0.0,0.0
GGRM.JK,2025-02-18,-1,0.38188214268894,0.3088042603087249,0.0,0.0
GGRM.JK,2025-02-19,-1,0.35956601290061907,0.08475621849174193,0.0,-0.0
GGRM.JK,2025-02-20,-1,0.3623778277135333,0.051441726665774956,0.0,-0.0
GGRM.JK,2025-02-21,-1,0.321461083675534,0.12597149845883113,0.0,-0.0
GGRM.JK,2025-02-24,-1,0.33052110283955005,0.10727361085947007,0.0,-0.0
GGRM.JK,2025-02-25,-1,0.3141831632919343,0.3343307850577546,0.0,-0.0
GGRM.JK,2025-02-26,-1,0.3230821720952125,0.27429743423525516,0.0,-0.0
GGRM.JK,2025-02-27,1,0.45303110608166247,0.26907173352068237,0.0,-0.0
GGRM.JK,2025-02-28,1,0.34496789745928896,0.2872871594876448,0.0,0.0
GGRM.JK,2025-03-03,0,0.3310031452116046,0.2463986047887983,0.0,0.0
GGRM.JK,2025-03-04,0,0.3376581758643907,0.19701111435684132,0.0,-0.0
GGRM.JK,2025-03-05,-1,0.28688645536628854,0.11165160582931613,0.0,-0.0
GGRM.JK,2025-03-06,-1,0.29308168938736207,0.13067786462590167,0.0,0.0
GGRM.JK,2025-03-07,1,0.41273112278141255,0.09160048159912833,0.0,-0.0
GGRM.JK,2025-03-10,1,0.4352408887865756,0.2893874593812483,0.0,-0.0
GGRM.JK,2025-03-11,1,0.4383425706098449,0.16512754781566907,0.0,-0.0
GGRM.JK,2025-03-12,1,0.4410957884475347,0.07994722862083693,0.0,0.0
GGRM.JK,2025-03-13,1,0.48232593244920047,0.09631589676004962,0.0,0.0
GGRM.JK,2025-03-14,1,0.4943085174588469,0.07556629443472974,0.0,0.0
GGRM.JK,2025-03-17,1,0.3841456489637029,0.06823812821198044,0.0,0.0
GGRM.JK,2025-03-18,1,0.45869934917851607,0.09643377758458106,0.0,-0.0
GGRM.JK,2025-03-19,1,0.3957158890776589,0.10017259668847765,0.0,-0.0
GGRM.JK,2025-03-20,0,0.3149231774241051,0.2279842653623099,0.0,-0.0
GGRM.JK,2025-03-21,1,0.44154578178025955,0.06615789728399189,0.0,-0.0
GGRM.JK,2025-03-24,1,0.44439045130057686,0.14552670591340822,0.0,-0.0
GGRM.JK,2025-03-25,1,0.43082745721408194,0.525430268404742,0.0,0.0
GGRM.JK,2025-03-26,1,0.4609607185429121,0.10028429253308697,0.0,0.0
GGRM.JK,2025-03-27,1,0.4510345067731241,0.2621396826676108,0.0,-0.0
GGRM.JK,2025-04-08,1,0.42998724999862376,0.12697151872696927,0.0,-0.0
GGRM.JK,2025-04-09,1,0.43024792632378317,0.05460376993927636,0.0,0.0
GGRM.JK,2025-04-10,1,0.4159873112236471,0.07646160659128844,0.0,0.0
GGRM.JK,2025-04-11,1,0.430448905890208,0.18542226727136019,0.0,-0.0
GGRM.JK,2025-04-14,1,0.41671273494102085,0.40413607758871317,0.0,0.0
GGRM.JK,2025-04-15,1,0.464733244202622,0.35256487246858087,0.0,0.0
GGRM.JK,2025-04-16,1,0.45145648130182303,0.061896549885893215,0.0,-0.0
GGRM.JK,2025-04-17,1,0.4557719587944689,0.08574325685193832,0.0,0.0
GGRM.JK,2025-04-21,1,0.4713225301351489,0.07212684982787049,0.0,0.0
GGRM.JK,2025-04-22,1,0.3586697002562133,0.2101389318899125,0.0,0.0
GGRM.JK,2025-04-23,1,0.3470079268016092,0.577263329721051,0.0,-0.0
GGRM.JK,2025-04-24,1,0.3821936735420728,0.385853414932038,0.0,0.0
GGRM.JK,2025-04-25,-1,0.3522893296897453,0.385207266143523,0.0,0.0
GGRM.JK,2025-04-28,-1,0.3509657991494564,0.22448604497007493,0.0,-0.0
GGRM.JK,2025-04-29,-1,0.32365152753101695,0.7046159933914578,0.0,0.0
GGRM.JK,2025-04-30,-1,0.34732327589206,0.5042611579775471,0.0,-0.0
GGRM.JK,2025-05-02,0,0.3335860720158247,0.2305295711427125,0.0,-0.0
GGRM.JK,2025-05-05,-1,0.30140829752022824,0.5629867095204826,0.0,0.0
GGRM.JK,2025-05-06,-1,0.3020115329965053,0.31284729069262596,0.0,-0.0
GGRM.JK,2025-05-07,-1,0.27350319237385357,0.48664285906929156,0.0,0.0
GGRM.JK,2025-05-08,-1,0.31660773906400486,0.3617996081866271,0.0,-0.0
GGRM.JK,2025-05-09,-1,0.3104056892884806,0.2581124652919782,0.0,-0.0
GGRM.JK,2025-05-14,-1,0.3529086573241328,0.8114491876516304,0.0,0.0
GGRM.JK,2025-05-15,-1,0.35990545391567197,0.529614276980561,0.0,0.0
GGRM.JK,2025-05-16,1,0.3689589369826272,0.8579428618264536,0.0,0.0
GGRM.JK,2025-05-19,1,0.3973622011524763,0.41837123189262926,1.0,0.013728441509677504
GGRM.JK,2025-05-20,1,0.4040479266564192,0.18604598334425176,0.0,-0.0025
GGRM.JK,2025-05-21,1,0.41042746834937943,0.22498714124559657,0.0,0.0
GGRM.JK,2025-05-22,1,0.4118963346675361,0.7199224260715754,0.0,0.0
GGRM.JK,2025-05-23,1,0.4007449440489517,0.30905842992346727,1.0,-0.022827033979999245
GGRM.JK,2025-05-26,-1,0.35384280811460833,0.06930925000326556,0.0,-0.0025
GGRM.JK,2025-05-27,-1,0.34646753614306797,0.4642414060611291,0.0,0.0
GGRM.JK,2025-05-28,1,0.3573211546012771,0.26063041489400557,0.0,-0.0
GGRM.JK,2025-06-02,-1,0.33364199304459197,0.11496200547178775,0.0,-0.0
GGRM.JK,2025-06-03,-1,0.3292885763610885,0.4149984068690229,0.0,-0.0
GGRM.JK,2025-06-04,-1,0.31140314486815074,0.1859651227405961,0.0,0.0
GGRM.JK,2025-06-05,-1,0.3083188311121379,0.4781385532533164,0.0,-0.0
GGRM.JK,2025-06-10,-1,0.33824242294410567,0.8205539421329214,0.0,0.0
GGRM.JK,2025-06-11,-1,0.3255237207145314,0.43995723284490623,0.0,0.0
GGRM.JK,2025-06-12,-1,0.3253330696612414,0.4829788846746742,0.0,0.0
GGRM.JK,2025-06-13,-1,0.3194797460396495,0.34714414361537055,0.0,-0.0
GGRM.JK,2025-06-16,-1,0.3297709033785164,0.2962718829283505,0.0,-0.0
GGRM.JK,2025-06-17,-1,0.29736919250972565,0.31512807884710814,0.0,-0.0
GGRM.JK,2025-06-18,-1,0.2956044541012333,0.3711362181326418,0.0,0.0
GGRM.JK,2025-06-19,-1,0.2875870178090747,0.18903188572025803,0.0,-0.0
GGRM.JK,2025-06-20,-1,0.2779416607147811,0.2605706790639921,0.0,-0.0
GGRM.JK,2025-06-23,-1,0.2831369096871282,0.23177099242603103,0.0,-0.0
GGRM.JK,2025-06-24,-1,0.29048583593272287,0.20711765171607935,0.0,0.0
GGRM.JK,2025-06-25,-1,0.314996368388136,0.11461600587156484,0.0,0.0
GGRM.JK,2025-06-26,-1,0.30761233545845035,0.10839989790860069,0.0,0.0
GGRM.JK,2025-06-30,-1,0.30914760471392855,0.08814339931938481,0.0,0.0
GGRM.JK,2025-07-01,1,0.356073796145238,0.2529403980472316,0.0,-0.0
GGRM.JK,2025-07-02,-1,0.3004781556773847,0.14529593237767494,0.0,0.0
GGRM.JK,2025-07-03,-1,0.29096665574935493,0.2089480332552022,0.0,0.0
GGRM.JK,2025-07-04,-1,0.2804212175172345,0.16990661930400255,0.0,0.0
GGRM.JK,2025-07-07,-1,0.31323811830218184,0.28215390726688216,0.0,0.0
GGRM.JK,2025-07-08,-1,0.33831476141308975,0.4754409989932819,0.0,0.0
GGRM.JK,2025-07-09,-1,0.2967567981438204,0.31915004430838967,0.0,-0.0
GGRM.JK,2025-07-10,-1,0.29275088435526964,0.3523222196462358,0.0,0.0
GGRM.JK,2025-07-11,-1,0.3486909179838628,0.1844458437540029,0.0,0.0
GGRM.JK,2025-07-14,-1,0.331817392271204,0.0960299613448614,0.0,0.0
GGRM.JK,2025-07-15,-1,0.3250692579004642,0.23187032311240252,0.0,-0.0
GGRM.JK,2025-07-16,-1,0.3584685573757607,0.3551504514272513,0.0,0.0
GGRM.JK,2025-07-17,-1,0.36639189234254615,0.3966442699199029,0.0,0.0
GGRM.JK,2025-07-18,-1,0.34197775754910154,0.29173420791153504,0.0,-0.0
GGRM.JK,2025-07-21,-1,0.3290899863330595,0.20254725123738587,0.0,0.0
GGRM.JK,2025-07-22,-1,0.36742971951801273,0.7060516316122097,0.0,0.0
GGRM.JK,2025-07-23,-1,0.3736634271861071,0.40439391529155483,0.0,-0.0
GGRM.JK,2025-07-24,1,0.39883510088903457,0.6892864394270614,0.0,-0.0
GGRM.JK,2025-07-25,1,0.38302397541943495,0.8225812920743458,1.0,-0.014977088948787074
GGRM.JK,2025-07-28,1,0.38682910368814133,0.8492098585476081,1.0,0.010928961748633892
GGRM.JK,2025-07-29,1,0.3858810934121618,0.8687210159512065,1.0,0.0
GGRM.JK,2025-07-30,1,0.3806895368319922,0.8625153019261351,1.0,0.0
GGRM.JK,2025-07-31,1,0.357146980510562,0.35138188663866377,1.0,-0.04594594594594592
GGRM.JK,2025-08-01,-1,0.31879938451725487,0.24696228330724843,0.0,-0.0025
GGRM.JK,2025-08-04,0,0.3051763639363051,0.23890912551613638,0.0,-0.0
GGRM.JK,2025-08-05,0,0.3045790933730461,0.6230229524961438,0.0,0.0
GGRM.JK,2025-08-06,-1,0.30833151957360055,0.1607180902386059,0.0,-0.0
GGRM.JK,2025-08-07,1,0.3432979068801815,0.5846046764063565,0.0,0.0
GGRM.JK,2025-08-08,0,0.29623916759502394,0.27904581803762496,0.0,-0.0
GGRM.JK,2025-08-11,0,0.3294817145961216,0.6173456676394203,0.0,0.0
GGRM.JK,2025-08-12,0,0.3259660460189725,0.6500834127326737,0.0,0.0
GGRM.JK,2025-08-13,1,0.3405701210875564,0.8467020092794587,0.0,-0.0
GGRM.JK,2025-08-14,1,0.35021116313967954,0.5295518349681185,1.0,0.004263688760807018
GGRM.JK,2025-08-15,1,0.3465248227988287,0.8042831270199104,0.0,-0.0025
GGRM.JK,2025-08-19,1,0.3623084872823481,0.49250478451765317,1.0,0.03020028818443793
GGRM.JK,2025-08-20,1,0.38443540194081044,0.20274075734746483,0.0,-0.0025
GGRM.JK,2025-08-21,1,0.38715402551940603,0.305935961878903,0.0,0.0
GGRM.JK,2025-08-22,1,0.3765991461160979,0.11339408700648732,0.0,-0.0
GGRM.JK,2025-08-25,1,0.37833489673373594,0.11930916714950891,0.0,-0.0
GGRM.JK,2025-08-26,-1,0.31515556209290363,0.1539063516337786,0.0,-0.0
GGRM.JK,2025-08-27,-1,0.3104311166818533,0.1783703491777151,0.0,-0.0
GGRM.JK,2025-08-28,-1,0.30924408744131743,0.34320987197848,0.0,-0.0
GGRM.JK,2025-08-29,-1,0.2831394187379321,0.20600172695593832,0.0,-0.0
GGRM.JK,2025-09-01,-1,0.27505950896363124,0.31063641937730685,0.0,-0.0
GGRM.JK,2025-09-02,-1,0.28762906082072354,0.33817907024041816,0.0,0.0
GGRM.JK,2025-09-03,-1,0.3256410508856787,0.21324374163596,0.0,0.0
GGRM.JK,2025-09-04,1,0.3856733944488843,0.24283959921503265,0.0,0.0
GGRM.JK,2025-09-08,-1,0.34823945596079736,0.651815246839975,0.0,0.0
GGRM.JK,2025-09-09,-1,0.35181659364648504,0.11132557601485023,0.0,-0.0
GGRM.JK,2025-09-10,1,0.35746337255718996,0.26751494187431935,0.0,-0.0
GGRM.JK,2025-09-11,-1,0.3129246550998011,0.520222143160271,0.0,-0.0
GGRM.JK,2025-09-12,-1,0.3113162526835875,0.2557792591590203,0.0,0.0
GGRM.JK,2025-09-15,-1,0.3125000308526492,0.5288158001280033,0.0,0.0
GGRM.JK,2025-09-16,-1,0.3619467309515871,0.7199415073021971,0.0,0.0
GGRM.JK,2025-09-17,-1,0.2885744459305676,0.6971710724691635,0.0,0.0
GGRM.JK,2025-09-18,-1,0.3014468381935826,0.9111504257794856,0.0,-0.0
GGRM.JK,2025-09-19,-1,0.3022683258936586,0.8639931240364237,0.0,0.0
GGRM.JK,2025-09-22,-1,0.29714766724353964,0.4807688236806035,0.0,0.0
GGRM.JK,2025-09-23,-1,0.2969463377838734,0.5583370994251251,0.0,0.0
GGRM.JK,2025-09-24,-1,0.29148742468102634,0.5442267935307332,0.0,-0.0
GGRM.JK,2025-09-25,-1,0.2969463377838734,0.4114809078073072,0.0,0.0
GGRM.JK,2025-09-26,-1,0.2969463377838734,0.5372228247025379,0.0,0.0
GGRM.JK,2025-09-29,-1,0.30164877803054224,0.5490254513375654,0.0,-0.0
GGRM.JK,2025-09-30,-1,0.25713284847412365,0.6096755671019547,0.0,0.0
GGRM.JK,2025-10-01,-1,0.25143212230718215,0.37749045904923495,0.0,-0.0
GGRM.JK,2025-10-02,-1,0.25240006431685236,0.4291030919278714,0.0,-0.0
GGRM.JK,2025-10-03,-1,0.242030104356339,0.5316409999966971,0.0,0.0
GGRM.JK,2025-10-06,-1,0.23592957168383585,0.3145673930499293,0.0,-0.0
GGRM.JK,2025-10-07,-1,0.2370745405631022,0.18009870230174607,0.0,-0.0
GGRM.JK,2025-10-08,-1,0.23135797458575122,0.19373496086791755,0.0,-0.0
GGRM.JK,2025-10-09,-1,0.22938934200785582,0.28416365694741336,0.0,0.0
GGRM.JK,2025-10-10,-1,0.2286358497362783,0.185321529723229,0.0,0.0
GGRM.JK,2025-10-13,-1,0.2286358497362783,0.25701419006236775,0.0,0.0
GGRM.JK,2025-10-14,-1,0.2325781575923776,0.27499401080989927,0.0,0.0
GGRM.JK,2025-10-15,-1,0.25739137461116596,0.40853205325542846,0.0,0.0
GGRM.JK,2025-10-16,-1,0.25083664728020333,0.40217440293269363,0.0,-0.0
GGRM.JK,2025-10-17,-1,0.22887644711077137,0.24147093482164345,0.0,-0.0
GGRM.JK,2025-10-20,-1,0.22658463664212558,0.26644090976478924,0.0,0.0
GGRM.JK,2025-10-21,-1,0.21395290820156654,0.5526927666372087,0.0,0.0
GGRM.JK,2025-10-22,-1,0.20787266428751733,0.4740009021687326,0.0,-0.0
GGRM.JK,2025-10-23,-1,0.24914750377999423,0.4957829261846452,0.0,0.0
GGRM.JK,2025-10-24,-1,0.2515350234215053,0.3084472081689619,0.0,-0.0
GGRM.JK,2025-10-27,-1,0.25444290557450683,0.7013553783552515,0.0,0.0
GGRM.JK,2025-10-28,-1,0.30362325291804554,0.7320685075371347,0.0,0.0
GGRM.JK,2025-10-29,-1,0.29421429952302686,0.677976062822428,0.0,0.0
GGRM.JK,2025-10-30,-1,0.29102230484003627,0.818665794750686,0.0,0.0
GGRM.JK,2025-10-31,-1,0.3044447715064307,0.9688828738167752,0.0,0.0
GGRM.JK,2025-11-03,-1,0.2884738302579846,0.8880188422618001,0.0,-0.0
GGRM.JK,2025-11-04,-1,0.29152317064388067,0.918405462293493,0.0,0.0
GGRM.JK,2025-11-05,-1,0.29324342478676096,0.9124847173867427,0.0,-0.0
GGRM.JK,2025-11-06,-1,0.29394917918584085,0.9402215282471689,0.0,0.0
GGRM.JK,2025-11-07,-1,0.2625484276710597,0.854721057059306,0.0,-0.0
GGRM.JK,2025-11-10,-1,0.2524580262665571,0.8150595816820948,0.0,-0.0
GGRM.JK,2025-11-11,-1,0.2502246973514658,0.8629691693753859,0.0,-0.0
GGRM.JK,2025-11-12,-1,0.23919533266231255,0.8776314773692859,0.0,0.0
GGRM.JK,2025-11-13,-1,0.2328118246972274,0.914926471903887,0.0,-0.0
GGRM.JK,2025-11-14,-1,0.22808528198343808,0.9795345216730086,0.0,-0.0
GGRM.JK,2025-11-17,-1,0.22808528198343808,0.9944944512340833,0.0,0.0
GGRM.JK,2025-11-18,-1,0.22196616667937627,0.9510018649952245,0.0,-0.0
GGRM.JK,2025-11-19,-1,0.216907615976441,0.9678391051593329,0.0,0.0
GGRM.JK,2025-11-20,-1,0.20432541753224084,0.919786830827574,0.0,-0.0
GGRM.JK,2025-11-21,-1,0.20847097865711023,0.8691101562168013,0.0,0.0
GGRM.JK,2025-11-24,-1,0.2019029580330164,0.516955290571834,0.0,-0.0
GGRM.JK,2025-11-25,-1,0.1966922712612213,0.3683280145003983,0.0,0.0
GGRM.JK,2025-11-26,-1,0.19969118333711655,0.38545842626624127,0.0,-0.0
GGRM.JK,2025-11-27,-1,0.2068765836278417,0.5614014342256115,0.0,-0.0
GGRM.JK,2025-11-28,-1,0.23006239672899376,0.322483055752619,0.0,-0.0
GGRM.JK,2025-12-01,-1,0.24917327637774006,0.24052562202390798,0.0,-0.0
GGRM.JK,2025-12-02,-1,0.27810612107760385,0.513899280165763,0.0,0.0
GGRM.JK,2025-12-03,0,0.28145886749906723,0.6681793977616228,0.0,0.0
GGRM.JK,2025-12-04,0,0.30790536219000997,0.8783724631644924,0.0,-0.0
GGRM.JK,2025-12-05,-1,0.31059808629680563,0.8292434225927022,0.0,-0.0
GGRM.JK,2025-12-08,-1,0.3008507290683809,0.14621240851464937,0.0,-0.0
GGRM.JK,2025-12-09,-1,0.3181778706230876,0.1691092177491386,0.0,-0.0
GGRM.JK,2025-12-10,-1,0.3136234821409787,0.15760570239858976,0.0,-0.0
GGRM.JK,2025-12-11,-1,0.29729483970102016,0.0442176330504283,0.0,-0.0
GGRM.JK,2025-12-12,-1,0.2803575385627415,0.017795012017535146,0.0,0.0
GGRM.JK,2025-12-15,-1,0.2917539144878724,0.013001687490484215,0.0,-0.0
GGRM.JK,2025-12-16,-1,0.30882291652680777,0.04428375571116489,0.0,-0.0
GGRM.JK,2025-12-17,-1,0.28605738123372243,0.03578558006925033,0.0,0.0
GGRM.JK,2025-12-18,-1,0.3007881617272573,0.05963132901566741,0.0,-0.0
GGRM.JK,2025-12-19,-1,0.28635148999451043,0.01437175424855832,0.0,-0.0
GGRM.JK,2025-12-22,-1,0.27661308845898774,0.02936271406116339,0.0,-0.0
GGRM.JK,2025-12-23,-1,0.2803496332587662,0.02294418148914395,0.0,-0.0
GGRM.JK,2025-12-24,-1,0.27550626345027796,0.023152810835301175,0.0,0.0
GGRM.JK,2025-12-29,-1,0.2762896802683497,0.05613967406886998,0.0,0.0
HMSP.JK,2025-01-02,1,0.35109180623328023,0.42399850821310703,0.0,0.0
HMSP.JK,2025-01-03,1,0.35109180623328023,0.21362890175309582,0.0,0.0
HMSP.JK,2025-01-06,1,0.35109180623328023,0.11532411483200011,0.0,-0.0
HMSP.JK,2025-01-07,1,0.352869315796873,0.3924625220347991,0.0,-0.0
HMSP.JK,2025-01-08,1,0.352869315796873,0.6728512365041165,0.0,-0.0
HMSP.JK,2025-01-09,1,0.35482683793590397,0.6569669995284283,1.0,-0.00956449546829202
HMSP.JK,2025-01-10,1,0.35109180623328023,0.48961172313279544,1.0,0.008130060302760533
HMSP.JK,2025-01-13,1,0.35109180623328023,0.3595869917648446,0.0,-0.0025
HMSP.JK,2025-01-14,1,0.35482683793590397,0.7498317356800642,0.0,-0.0
HMSP.JK,2025-01-15,1,0.35109180623328023,0.5524841555712998,1.0,0.014893399935564546
HMSP.JK,2025-01-16,1,0.35109180623328023,0.34054457304600166,0.0,-0.0025
HMSP.JK,2025-01-17,1,0.35109180623328023,0.6003556123877971,0.0,-0.0
HMSP.JK,2025-01-20,1,0.35109180623328023,0.37664728241032475,1.0,-0.0015
HMSP.JK,2025-01-21,1,0.352869315796873,0.23201734549849262,0.0,-0.0025
HMSP.JK,2025-01-22,1,0.352869315796873,0.09395389177063794,0.0,-0.0
HMSP.JK,2025-01-23,1,0.352869315796873,0.07307061421999163,0.0,0.0
HMSP.JK,2025-01-24,1,0.352869315796873,0.10002736555428109,0.0,0.0
HMSP.JK,2025-01-30,1,0.352869315796873,0.17185151742327898,0.0,-0.0
HMSP.JK,2025-01-31,1,0.352869315796873,0.22779246070389508,0.0,0.0
HMSP.JK,2025-02-03,1,0.35109180623328023,0.14739240700012068,0.0,0.0
HMSP.JK,2025-02-04,1,0.352869315796873,0.19188430846938132,0.0,0.0
HMSP.JK,2025-02-05,1,0.352869315796873,0.4782883065319591,0.0,0.0
HMSP.JK,2025-02-06,1,0.35482683793590397,0.7303348729613806,0.0,-0.0
HMSP.JK,2025-02-07,1,0.35482683793590397,0.7181052320405332,1.0,0.007120666582972892
HMSP.JK,2025-02-10,1,0.35482683793590397,0.7581993240701146,1.0,-0.008546985867519674
HMSP.JK,2025-02-11,1,0.35482683793590397,0.7107934828036363,1.0,-0.008620853306820164
HMSP.JK,2025-02-12,1,0.35482683793590397,0.533779022052611,1.0,0.017391449020592642
HMSP.JK,2025-02-13,1,0.35109180623328023,0.5211421449169612,0.0,-0.0025
HMSP.JK,2025-02-14,1,0.35109180623328023,0.2569219941430523,0.0,0.0
HMSP.JK,2025-02-17,1,0.35109180623328023,0.31361862945639385,0.0,0.0
HMSP.JK,2025-02-18,1,0.352869315796873,0.32028529843664577,0.0,0.0
HMSP.JK,2025-02-19,1,0.35109180623328023,0.2533116047530918,0.0,-0.0
HMSP.JK,2025-02-20,1,0.35758887352646757,0.2396822955498318,0.0,-0.0
HMSP.JK,2025-02-21,1,0.352869315796873,0.1630891357027954,0.0,-0.0
HMSP.JK,2025-02-24,1,0.3566424659358558,0.3890167822495661,0.0,-0.0
HMSP.JK,2025-02-25,1,0.35482683793590397,0.7891424000475074,0.0,-0.0
HMSP.JK,2025-02-26,1,0.35482683793590397,0.8656046980909662,1.0,-0.0015
HMSP.JK,2025-02-27,1,0.35482683793590397,0.858354923406902,1.0,-0.01785709681129166
HMSP.JK,2025-02-28,1,0.35482683793590397,0.8407726495832047,1.0,-0.03636367216523528
HMSP.JK,2025-03-03,1,0.35482683793590397,0.8755000590871327,1.0,0.0
HMSP.JK,2025-03-04,1,0.35482683793590397,0.815888873963416,1.0,0.0
HMSP.JK,2025-03-05,1,0.35482683793590397,0.7539926658128131,1.0,0.009433937846244245
HMSP.JK,2025-03-06,1,0.35482683793590397,0.45602229469487665,1.0,0.028037446239755237
HMSP.JK,2025-03-07,1,0.35482683793590397,0.42971675213193405,0.0,-0.0025
HMSP.JK,2025-03-10,1,0.35482683793590397,0.5746614817717692,0.0,-0.0
HMSP.JK,2025-03-11,1,0.35482683793590397,0.6702955341012425,0.0,-0.0
HMSP.JK,2025-03-12,1,0.35482683793590397,0.671257316620884,1.0,0.008023784638586053
HMSP.JK,2025-03-13,1,0.35482683793590397,0.6752533981309963,1.0,-0.009433937846244578
HMSP.JK,2025-03-14,1,0.3566424659358558,0.593938348012416,1.0,0.0
HMSP.JK,2025-03-17,1,0.3537178517518454,0.6289758654663284,0.0,-0.0025
HMSP.JK,2025-03-18,1,0.3537178517518454,0.6734372337596894,1.0,-0.036587630409482375
HMSP.JK,2025-03-19,1,0.3537178517518454,0.6793349238096493,1.0,0.009090819586911714
HMSP.JK,2025-03-20,1,0.3537178517518454,0.4592578000144312,1.0,0.0
HMSP.JK,2025-03-21,1,0.3566424659358558,0.32818256866821294,0.0,-0.0025
HMSP.JK,2025-03-24,1,0.3566424659358558,0.5226407169381344,0.0,-0.0
HMSP.JK,2025-03-25,1,0.3537178517518454,0.4771506430318998,0.0,0.0
HMSP.JK,2025-03-26,1,0.3537178517518454,0.6444812922424349,0.0,0.0
HMSP.JK,2025-03-27,1,0.3537178517518454,0.3956654446033965,1.0,-0.010508921110424061
HMSP.JK,2025-04-08,1,0.35482683793590397,0.7453864264680118,0.0,-0.0025
HMSP.JK,2025-04-09,1,0.35109180623328023,0.16602955356310312,1.0,0.04751955024422322
HMSP.JK,2025-04-10,1,0.3537178517518454,0.8225824108491011,0.0,-0.0025
HMSP.JK,2025-04-11,1,0.352869315796873,0.7110395201066465,1.0,-0.010428612869837482
HMSP.JK,2025-04-14,1,0.3537178517518454,0.6215395213317942,1.0,0.02702702351108366
HMSP.JK,2025-04-15,1,0.3537178517518454,0.6006626105497832,1.0,0.0
HMSP.JK,2025-04-16,1,0.3537178517518454,0.5216453447255026,1.0,-0.01754381520474113
HMSP.JK,2025-04-17,1,0.3537178517518454,0.2915997577220008,0.0,-0.0025
HMSP.JK,2025-04-21,1,0.3537178517518454,0.5691233195366331,0.0,0.0
HMSP.JK,2025-04-22,1,0.3537178517518454,0.4682496699286383,0.0,0.0
HMSP.JK,2025-04-23,1,0.3537178517518454,0.3823070034912826,0.0,-0.0
HMSP.JK,2025-04-24,1,0.3537178517518454,0.7490604752805147,0.0,0.0
HMSP.JK,2025-04-25,1,0.3537178517518454,0.7040210564482954,1.0,0.04849998796668503
HMSP.JK,2025-04-28,1,0.3537178517518454,0.5922500523131136,1.0,-0.015873088636825905
HMSP.JK,2025-04-29,1,0.3537178517518454,0.5631296516003254,0.0,-0.0025
HMSP.JK,2025-04-30,1,0.34228212312376016,0.334311097340434,0.0,-0.0
HMSP.JK,2025-05-02,1,0.34228212312376016,0.5602561316932442,0.0,0.0
HMSP.JK,2025-05-05,1,0.34228212312376016,0.5079812259112308,0.0,0.0
HMSP.JK,2025-05-06,1,0.34228212312376016,0.7361495729642066,0.0,0.0
HMSP.JK,2025-05-07,1,0.34228212312376016,0.3631825416883831,1.0,-0.0015
HMSP.JK,2025-05-08,1,0.3537178517518454,0.4394529220055312,0.0,-0.0025
HMSP.JK,2025-05-09,1,0.3537178517518454,0.24520237201213127,0.0,0.0
HMSP.JK,2025-05-14,1,0.35196095382509346,0.728789790578907,0.0,0.0
HMSP.JK,2025-05-15,1,0.35196095382509346,0.7359073698259649,1.0,-0.0015
HMSP.JK,2025-05-16,1,0.35487639406582255,0.35312016107772887,1.0,0.0
HMSP.JK,2025-05-19,1,0.35758887352646757,0.5592016542962183,0.0,-0.0025
HMSP.JK,2025-05-20,1,0.35758887352646757,0.5078497627091233,0.0,-0.0
HMSP.JK,2025-05-21,1,0.35758887352646757,0.6725807083530811,0.0,0.0
HMSP.JK,2025-05-22,1,0.3537178517518454,0.42207222160733593,1.0,0.0461190367044762
HMSP.JK,2025-05-23,1,0.3537178517518454,0.6506757275115812,0.0,-0.0025
HMSP.JK,2025-05-26,1,0.3537178517518454,0.5864873344052003,1.0,-0.009133568433102366
HMSP.JK,2025-05-27,1,0.35758887352646757,0.5406934207815577,0.0,-0.0025
HMSP.JK,2025-05-28,1,0.35758887352646757,0.7279537954747397,0.0,0.0
HMSP.JK,2025-06-02,1,0.35758887352646757,0.7820300350061662,1.0,-0.024400705299307213
HMSP.JK,2025-06-03,1,0.35758887352646757,0.4991311239818978,1.0,0.007812479729033761
HMSP.JK,2025-06-04,1,0.35758887352646757,0.6009276667891621,0.0,-0.0025
HMSP.JK,2025-06-05,1,0.35758887352646757,0.7037293947944957,1.0,0.013884687157293575
HMSP.JK,2025-06-10,1,0.34609501462164777,0.7484818043703932,1.0,0.00757573768598041
HMSP.JK,2025-06-11,1,0.34609501462164777,0.767243915945896,1.0,0.018396858381810377
HMSP.JK,2025-06-12,1,0.34609501462164777,0.7004278712639467,1.0,-0.008064511830242815
HMSP.JK,2025-06-13,1,0.34609501462164777,0.5029159265935291,1.0,0.0
HMSP.JK,2025-06-16,1,0.34609501462164777,0.22374817295085112,0.0,-0.0025
HMSP.JK,2025-06-17,1,0.34609501462164777,0.47293257850496556,0.0,0.0
HMSP.JK,2025-06-18,1,0.34609501462164777,0.6861777141154167,0.0,0.0
HMSP.JK,2025-06-19,1,0.34609501462164777,0.6008951607831815,1.0,-0.0015
HMSP.JK,2025-06-20,1,0.34609501462164777,0.6593064594390446,1.0,0.0
HMSP.JK,2025-06-23,1,0.3410300990974997,0.7499382566865859,1.0,-0.04838707098145678
HMSP.JK,2025-06-24,1,0.3405520953020464,0.6563478247879508,1.0,0.02542371457235304
HMSP.JK,2025-06-25,1,0.34165267003195654,0.6883550826067844,1.0,-0.016528916590644593
HMSP.JK,2025-06-26,1,0.34165267003195654,0.6775605446893396,1.0,0.008403356676916607
HMSP.JK,2025-06-30,1,0.34165267003195654,0.6222737124083708,1.0,0.0
HMSP.JK,2025-07-01,1,0.35009642808804065,0.5721935087411186,1.0,-0.0083333287431816
HMSP.JK,2025-07-02,1,0.35196095382509346,0.6471423935536209,0.0,-0.0025
HMSP.JK,2025-07-03,1,0.35196095382509346,0.6592675186690926,1.0,0.015028916590644594
HMSP.JK,2025-07-04,1,0.35487639406582255,0.6303211247338362,1.0,0.0
HMSP.JK,2025-07-07,1,0.35487639406582255,0.6632058674149746,1.0,-0.008130076931840424
HMSP.JK,2025-07-08,1,0.35758887352646757,0.4532763376844145,1.0,0.0
HMSP.JK,2025-07-09,1,0.35196095382509346,0.55543119784109,0.0,-0.0025
HMSP.JK,2025-07-10,1,0.35758887352646757,0.8532168059400025,0.0,0.0
HMSP.JK,2025-07-11,1,0.35758887352646757,0.7806747861071502,1.0,-0.0015
HMSP.JK,2025-07-14,1,0.35758887352646757,0.6260574746276419,1.0,-0.008130076931840424
HMSP.JK,2025-07-15,1,0.35758887352646757,0.5688134038286535,1.0,0.0
HMSP.JK,2025-07-16,1,0.35196095382509346,0.6856575426815793,0.0,-0.0025
HMSP.JK,2025-07-17,1,0.35196095382509346,0.6344035748213851,1.0,0.00683332874318149
HMSP.JK,2025-07-18,1,0.3501925609401925,0.6728055291011422,1.0,-0.016528916590644593
HMSP.JK,2025-07-21,1,0.35196095382509346,0.739222768379721,1.0,0.008403356676916607
HMSP.JK,2025-07-22,1,0.35196095382509346,0.6754606883943158,1.0,0.00833332874318149
HMSP.JK,2025-07-23,1,0.35758887352646757,0.6061499227023457,1.0,0.008264458295322408
HMSP.JK,2025-07-24,1,0.35307865798260774,0.34206267509647775,1.0,-0.016393433741173635
HMSP.JK,2025-07-25,1,0.35307865798260774,0.4338703424520386,0.0,-0.0025
HMSP.JK,2025-07-28,1,0.3501925609401925,0.481364322483377,0.0,0.0
HMSP.JK,2025-07-29,1,0.35196095382509346,0.45537026935786085,0.0,0.0
HMSP.JK,2025-07-30,1,0.35758887352646757,0.5376944468832016,0.0,0.0
HMSP.JK,2025-07-31,1,0.343437274767116,0.8022302403616198,0.0,-0.0
HMSP.JK,2025-08-01,1,0.343437274767116,0.8354968835114924,1.0,-0.0015
HMSP.JK,2025-08-04,1,0.343437274767116,0.8380126368850145,1.0,-0.027522981399303426
HMSP.JK,2025-08-05,1,0.343437274767116,0.6999704439466484,1.0,0.0
HMSP.JK,2025-08-06,1,0.343437274767116,0.7904354638252925,1.0,-0.0094339575579786
HMSP.JK,2025-08-07,1,0.343437274767116,0.6200867937999504,1.0,-0.009523804727569196
HMSP.JK,2025-08-08,1,0.343437274767116,0.6458859662709878,1.0,0.009615379726465534
HMSP.JK,2025-08-11,1,0.343437274767116,0.5400560792518833,1.0,0.028571414182707144
HMSP.JK,2025-08-12,1,0.35307865798260774,0.5029888500219069,0.0,-0.0025
HMSP.JK,2025-08-13,1,0.35307865798260774,0.593421961674357,0.0,-0.0
HMSP.JK,2025-08-14,1,0.35487639406582255,0.3332857272059714,0.0,-0.0
HMSP.JK,2025-08-15,1,0.3477892764580563,0.4075325309860564,0.0,-0.0
HMSP.JK,2025-08-19,1,0.3537178517518454,0.4288619065961638,0.0,0.0
HMSP.JK,2025-08-20,1,0.3537178517518454,0.5715390343921011,0.0,-0.0
HMSP.JK,2025-08-21,1,0.3537178517518454,0.2542437976184362,0.0,0.0
HMSP.JK,2025-08-22,1,0.3537178517518454,0.27023629633206175,0.0,-0.0
HMSP.JK,2025-08-25,1,0.3537178517518454,0.36122034958483085,0.0,0.0
HMSP.JK,2025-08-26,1,0.35487639406582255,0.25048616749372793,0.0,0.0
HMSP.JK,2025-08-27,1,0.3433743049718136,0.3887961225641942,0.0,-0.0
HMSP.JK,2025-08-28,1,0.35482683793590397,0.35101055018629823,0.0,0.0
HMSP.JK,2025-08-29,1,0.35307865798260774,0.6932632962147002,0.0,-0.0
HMSP.JK,2025-09-01,1,0.3566424659358558,0.34479694746650896,1.0,-0.0015
HMSP.JK,2025-09-02,1,0.35482683793590397,0.39448645683973305,0.0,-0.0025
HMSP.JK,2025-09-03,1,0.352869315796873,0.7953492943547344,0.0,0.0
HMSP.JK,2025-09-04,1,0.352869315796873,0.7129912427151328,1.0,-0.0015
HMSP.JK,2025-09-08,1,0.3537178517518454,0.6560541448796028,1.0,0.17757012925222915
HMSP.JK,2025-09-09,1,0.34228212312376016,0.41801438977140226,1.0,-0.10317465396812076
HMSP.JK,2025-09-10,1,0.34228212312376016,0.490871216001531,0.0,-0.0025
HMSP.JK,2025-09-11,1,0.34228212312376016,0.2752571448634131,0.0,-0.0
HMSP.JK,2025-09-12,1,0.34228212312376016,0.2337285207095548,0.0,-0.0
HMSP.JK,2025-09-15,1,0.34228212312376016,0.5309382994963888,0.0,0.0
HMSP.JK,2025-09-16,1,0.34228212312376016,0.7777054249061887,0.0,0.0
HMSP.JK,2025-09-17,1,0.34228212312376016,0.651903531725204,1.0,-0.038813414430221294
HMSP.JK,2025-09-18,1,0.34228212312376016,0.8219504367121439,1.0,-0.031007736049951773
HMSP.JK,2025-09-19,1,0.34228212312376016,0.6520776150056671,1.0,0.04799997461829619
HMSP.JK,2025-09-22,1,0.3391529713497268,0.9187580180587838,1.0,0.2213740350169029
HMSP.JK,2025-09-23,1,0.3391529713497268,0.9189249880879612,1.0,0.0374999814098842
HMSP.JK,2025-09-24,1,0.3391529713497268,0.8989909770859082,1.0,-0.04819274805695206
HMSP.JK,2025-09-25,1,0.3391529713497268,0.8773822888159656,1.0,0.05063288597409832
HMSP.JK,2025-09-26,1,0.3391529713497268,0.9031481539559147,1.0,0.05421692120044508
HMSP.JK,2025-09-29,1,0.3391529713497268,0.9293151935017581,1.0,-0.0399999788485802
HMSP.JK,2025-09-30,1,0.3391529713497268,0.9033359420796778,1.0,-0.02976196705682166
HMSP.JK,2025-10-01,1,0.3391529713497268,0.8224620990677642,1.0,-0.0184048990194029
HMSP.JK,2025-10-02,1,0.3391529713497268,0.8940042319568443,1.0,0.0
HMSP.JK,2025-10-03,1,0.3391529713497268,0.9452418076762422,1.0,0.024999987606589613
HMSP.JK,2025-10-06,0,0.3367376448608418,0.9339900414157272,1.0,-0.07926825434519025
HMSP.JK,2025-10-07,0,0.3367376448608418,0.8837051943163887,0.0,-0.0025
HMSP.JK,2025-10-08,0,0.3367376448608418,0.9096934583982116,0.0,-0.0
HMSP.JK,2025-10-09,0,0.33412400094496075,0.8472281795343507,0.0,0.0
HMSP.JK,2025-10-10,0,0.33412400094496075,0.8380879014190808,0.0,0.0
HMSP.JK,2025-10-13,0,0.33412400094496075,0.7695967179641118,0.0,-0.0
HMSP.JK,2025-10-14,0,0.33412400094496075,0.9146841978344691,0.0,-0.0
HMSP.JK,2025-10-15,0,0.33412400094496075,0.8879020029963296,0.0,-0.0
HMSP.JK,2025-10-16,0,0.33412400094496075,0.8451792331709105,0.0,0.0
HMSP.JK,2025-10-17,0,0.33412400094496075,0.756747338228655,0.0,-0.0
HMSP.JK,2025-10-20,0,0.33412400094496075,0.740376951884301,0.0,0.0
HMSP.JK,2025-10-21,0,0.3308590053979609,0.4634949881319725,0.0,0.0
HMSP.JK,2025-10-22,1,0.3391529713497268,0.7446213545277999,0.0,-0.0
HMSP.JK,2025-10-23,1,0.3391529713497268,0.9354083595209022,1.0,0.10488291887896356
HMSP.JK,2025-10-24,1,0.3391529713497268,0.8774644158117164,1.0,0.0064102531509768745
HMSP.JK,2025-10-27,1,0.3391529713497268,0.8779721407906641,1.0,0.06369431953851512
HMSP.JK,2025-10-28,1,0.3391529713497268,0.8469937606069472,1.0,-0.02994018232966733
HMSP.JK,2025-10-29,1,0.3391529713497268,0.8676659610501725,1.0,0.012345672967700949
HMSP.JK,2025-10-30,1,0.3391529713497268,0.9081934122255372,1.0,0.060975660873079596
HMSP.JK,2025-10-31,1,0.3391529713497268,0.7746208577766442,1.0,0.005747123380319019
HMSP.JK,2025-11-03,1,0.3391529713497268,0.8254468284409674,1.0,-0.005714282692654282
HMSP.JK,2025-11-04,1,0.3391529713497268,0.8388432027083329,1.0,0.04597698704255215
HMSP.JK,2025-11-05,1,0.3391529713497268,0.6739000086264485,1.0,-0.03846151890586147
HMSP.JK,2025-11-06,1,0.3391529713497268,0.7065076122813261,1.0,-0.005714282692654282
HMSP.JK,2025-11-07,1,0.3391529713497268,0.7746102002653438,1.0,-0.017241370140957057
HMSP.JK,2025-11-10,1,0.3391529713497268,0.7313574011843029,1.0,0.0
HMSP.JK,2025-11-11,-1,0.3289405255203852,0.7725452385364491,1.0,-0.02923982756645338
HMSP.JK,2025-11-12,-1,0.33140779798210834,0.8593859350463748,0.0,-0.0025
HMSP.JK,2025-11-13,0,0.3334487597737479,0.8406185098335904,0.0,-0.0
HMSP.JK,2025-11-14,0,0.3334487597737479,0.7999645309727091,0.0,-0.0
HMSP.JK,2025-11-17,1,0.3362942538731105,0.4110754706272771,0.0,0.0
HMSP.JK,2025-11-18,0,0.3333540077251402,0.3054504691772146,0.0,-0.0
HMSP.JK,2025-11-19,-1,0.3251881874744567,0.7385338862554485,0.0,-0.0
HMSP.JK,2025-11-20,-1,0.3251881874744567,0.8602775789389975,0.0,-0.0
HMSP.JK,2025-11-21,-1,0.3251881874744567,0.9033333599839718,0.0,0.0
HMSP.JK,2025-11-24,0,0.32043347212599854,0.8305997318174817,0.0,0.0
HMSP.JK,2025-11-25,0,0.32043347212599854,0.8280706467725866,0.0,-0.0
HMSP.JK,2025-11-26,0,0.32043347212599854,0.9218246504787998,0.0,0.0
HMSP.JK,2025-11-27,0,0.3149606127340191,0.7378945396713498,0.0,-0.0
HMSP.JK,2025-11-28,0,0.32043347212599854,0.8129669216884425,0.0,-0.0
HMSP.JK,2025-12-01,0,0.3188647426874815,0.9184622930136255,0.0,-0.0
HMSP.JK,2025-12-02,0,0.3188647426874815,0.8926591929387968,0.0,0.0
HMSP.JK,2025-12-03,0,0.32043347212599854,0.8549001703496679,0.0,0.0
HMSP.JK,2025-12-04,0,0.32043347212599854,0.8633609210317966,0.0,0.0
HMSP.JK,2025-12-05,0,0.3188647426874815,0.7863308322458362,0.0,0.0
HMSP.JK,2025-12-08,0,0.3188647426874815,0.8941436105686354,0.0,-0.0
HMSP.JK,2025-12-09,0,0.32194670321197283,0.8996902693037561,0.0,-0.0
HMSP.JK,2025-12-10,0,0.3188647426874815,0.9529555810468953,0.0,-0.0
HMSP.JK,2025-12-11,0,0.3188647426874815,0.9572324329342399,0.0,-0.0
HMSP.JK,2025-12-12,0,0.3188647426874815,0.9700110294974805,0.0,-0.0
HMSP.JK,2025-12-15,0,0.3216476824607369,0.9478011403050006,0.0,0.0
HMSP.JK,2025-12-16,-1,0.3370092213094381,0.9659667835201802,0.0,-0.0
HMSP.JK,2025-12-17,0,0.3188647426874815,0.8722266394140535,0.0,0.0
HMSP.JK,2025-12-18,1,0.3425493612385891,0.7478413977441134,0.0,-0.0
HMSP.JK,2025-12-19,1,0.3425493612385891,0.9130502558630543,1.0,-0.015198622694893636
HMSP.JK,2025-12-22,1,0.3425493612385891,0.898139098860572,1.0,0.020833321857953946
HMSP.JK,2025-12-23,0,0.3239887448434264,0.6983044171138708,1.0,-0.006802717417843329
HMSP.JK,2025-12-24,0,0.3188647426874815,0.8970954107210197,0.0,-0.0025
HMSP.JK,2025-12-29,0,0.32043347212599854,0.9025768344205346,0.0,0.0
SMGR.JK,2025-01-02,1,0.3434769152090087,0.04723562181524773,0.0,0.0
SMGR.JK,2025-01-03,1,0.3434769152090087,0.010205967661932292,0.0,-0.0
SMGR.JK,2025-01-06,1,0.3434769152090087,0.0807903864280475,0.0,-0.0
SMGR.JK,2025-01-07,1,0.3434769152090087,0.07304605052590281,0.0,-0.0
SMGR.JK,2025-01-08,1,0.3434769152090087,0.07433961819088995,0.0,-0.0
SMGR.JK,2025-01-09,1,0.3434769152090087,0.043413287468099485,0.0,-0.0
SMGR.JK,2025-01-10,1,0.3434769152090087,0.008552730121590524,0.0,0.0
SMGR.JK,2025-01-13,1,0.3434769152090087,0.009515032051692072,0.0,-0.0
SMGR.JK,2025-01-14,1,0.3434769152090087,0.08391728809579307,0.0,-0.0
SMGR.JK,2025-01-15,1,0.3434769152090087,0.21842418266702548,0.0,0.0
SMGR.JK,2025-01-16,1,0.3434769152090087,0.2087770582991581,0.0,-0.0
SMGR.JK,2025-01-17,1,0.3434769152090087,0.18998049390307006,0.0,0.0
SMGR.JK,2025-01-20,1,0.3434769152090087,0.1549645039325751,0.0,0.0
SMGR.JK,2025-01-21,1,0.3434769152090087,0.013911998514506564,0.0,0.0
SMGR.JK,2025-01-22,1,0.3434769152090087,0.018441671754053663,0.0,-0.0
SMGR.JK,2025-01-23,1,0.3434769152090087,0.018569746786075085,0.0,0.0
SMGR.JK,2025-01-24,1,0.3434769152090087,0.024879221591666313,0.0,-0.0
SMGR.JK,2025-01-30,1,0.3434769152090087,0.025068941405233656,0.0,-0.0
SMGR.JK,2025-01-31,1,0.3434769152090087,0.006263487771182455,0.0,-0.0
SMGR.JK,2025-02-03,1,0.3434769152090087,0.003749388661798384,0.0,-0.0
SMGR.JK,2025-02-04,1,0.3434769152090087,0.009534557666342256,0.0,0.0
SMGR.JK,2025-02-05,1,0.3434769152090087,0.018144756350567785,0.0,0.0
SMGR.JK,2025-02-06,1,0.3434769152090087,0.009217193529788465,0.0,-0.0
SMGR.JK,2025-02-07,1,0.3434769152090087,0.011467881108830432,0.0,-0.0
SMGR.JK,2025-02-10,1,0.3434769152090087,0.010181483000661897,0.0,-0.0
SMGR.JK,2025-02-11,1,0.3434769152090087,0.00968613978615223,0.0,-0.0
SMGR.JK,2025-02-12,1,0.3434769152090087,0.023603190287456857,0.0,-0.0
SMGR.JK,2025-02-13,1,0.3434769152090087,0.07112922284927431,0.0,0.0
SMGR.JK,2025-02-14,1,0.3434769152090087,0.06447442512593808,0.0,0.0
SMGR.JK,2025-02-17,1,0.3434769152090087,0.0769796169823358,0.0,0.0
SMGR.JK,2025-02-18,1,0.3434769152090087,0.05279287497528783,0.0,0.0
SMGR.JK,2025-02-19,1,0.3434769152090087,0.027624026130519022,0.0,0.0
SMGR.JK,2025-02-20,1,0.3434769152090087,0.03201981430671113,0.0,-0.0
SMGR.JK,2025-02-21,1,0.3434769152090087,0.02372614546645988,0.0,0.0
SMGR.JK,2025-02-24,1,0.3434769152090087,0.05678293139889165,0.0,-0.0
SMGR.JK,2025-02-25,1,0.3434769152090087,0.0677877743831126,0.0,0.0
SMGR.JK,2025-02-26,1,0.3434769152090087,0.03533766412787873,0.0,-0.0
SMGR.JK,2025-02-27,1,0.3434769152090087,0.10882048340429908,0.0,-0.0
SMGR.JK,2025-02-28,1,0.3434769152090087,0.32800073277080255,0.0,-0.0
SMGR.JK,2025-03-03,1,0.3434769152090087,0.4244307252273007,0.0,0.0
SMGR.JK,2025-03-04,1,0.3434769152090087,0.4908156901815777,0.0,-0.0
SMGR.JK,2025-03-05,1,0.3434769152090087,0.6702842045793469,0.0,0.0
SMGR.JK,2025-03-06,1,0.3434769152090087,0.5961826601936066,1.0,0.024931670712709686
SMGR.JK,2025-03-07,1,0.34328562403602914,0.4429361893875306,0.0,-0.0025
SMGR.JK,2025-03-10,1,0.34328562403602914,0.5673942967568056,0.0,0.0
SMGR.JK,2025-03-11,1,0.34328562403602914,0.1769040937179556,0.0,-0.0
SMGR.JK,2025-03-12,1,0.34328562403602914,0.27528430331868103,0.0,0.0
SMGR.JK,2025-03-13,1,0.34328562403602914,0.25731176604729866,0.0,-0.0
SMGR.JK,2025-03-14,1,0.3434769152090087,0.517022544010537,0.0,-0.0
SMGR.JK,2025-03-17,1,0.3434769152090087,0.5561223067128384,0.0,0.0
SMGR.JK,2025-03-18,1,0.3434769152090087,0.1508438875754188,0.0,-0.0
SMGR.JK,2025-03-19,1,0.3434769152090087,0.16235897050302495,0.0,0.0
SMGR.JK,2025-03-20,1,0.3434769152090087,0.04031504094599009,0.0,0.0
SMGR.JK,2025-03-21,1,0.3434769152090087,0.2591891447070981,0.0,-0.0
SMGR.JK,2025-03-24,1,0.3434769152090087,0.060466416266209175,0.0,0.0
SMGR.JK,2025-03-25,0,0.33899422961169623,0.06665079292938796,0.0,0.0
SMGR.JK,2025-03-26,1,0.34328562403602914,0.15030309118420931,0.0,0.0
SMGR.JK,2025-03-27,1,0.34328562403602914,0.11437251622159024,0.0,-0.0
SMGR.JK,2025-04-08,1,0.3434769152090087,0.06083327487011859,0.0,-0.0
SMGR.JK,2025-04-09,1,0.3434769152090087,0.18169416841674757,0.0,-0.0
SMGR.JK,2025-04-10,1,0.3434769152090087,0.15486987656156476,0.0,0.0
SMGR.JK,2025-04-11,1,0.3434769152090087,0.19259438455956415,0.0,-0.0
SMGR.JK,2025-04-14,1,0.34328562403602914,0.42860186963715563,0.0,0.0
SMGR.JK,2025-04-15,1,0.34328562403602914,0.3550901760567735,0.0,0.0
SMGR.JK,2025-04-16,1,0.34328562403602914,0.12930971222080787,0.0,-0.0
SMGR.JK,2025-04-17,1,0.34328562403602914,0.2512731471661936,0.0,0.0
SMGR.JK,2025-04-21,1,0.3434769152090087,0.10921285310339378,0.0,-0.0
SMGR.JK,2025-04-22,1,0.34328562403602914,0.2170963209797121,0.0,0.0
SMGR.JK,2025-04-23,1,0.34328562403602914,0.3581859895583441,0.0,0.0
SMGR.JK,2025-04-24,0,0.33899422961169623,0.29343874695434274,0.0,-0.0
SMGR.JK,2025-04-25,1,0.34328562403602914,0.2893599666291196,0.0,0.0
SMGR.JK,2025-04-28,0,0.33899422961169623,0.3315662322765401,0.0,-0.0
SMGR.JK,2025-04-29,0,0.33899422961169623,0.15863507178077405,0.0,-0.0
SMGR.JK,2025-04-30,1,0.34328562403602914,0.12535445914770232,0.0,0.0
SMGR.JK,2025-05-02,0,0.33899422961169623,0.2800215297108704,0.0,-0.0
SMGR.JK,2025-05-05,0,0.33899422961169623,0.03474209401478194,0.0,0.0
SMGR.JK,2025-05-06,0,0.33899422961169623,0.003466950432406947,0.0,0.0
SMGR.JK,2025-05-07,0,0.33899422961169623,0.004741364718884087,0.0,-0.0
SMGR.JK,2025-05-08,0,0.33899422961169623,0.045048321202016677,0.0,-0.0
SMGR.JK,2025-05-09,0,0.3355293717112092,0.011357107780530527,0.0,-0.0
SMGR.JK,2025-05-14,0,0.3355293717112092,0.017053534473899453,0.0,0.0
SMGR.JK,2025-05-15,0,0.3355293717112092,0.032974307920757985,0.0,0.0
SMGR.JK,2025-05-16,0,0.3355293717112092,0.03210351986970592,0.0,0.0
SMGR.JK,2025-05-19,0,0.3355293717112092,0.06436424764659919,0.0,0.0
SMGR.JK,2025-05-20,0,0.3355293717112092,0.030827832800417402,0.0,-0.0
SMGR.JK,2025-05-21,0,0.3355293717112092,0.022042206974147226,0.0,0.0
SMGR.JK,2025-05-22,1,0.34328562403602914,0.05964206044124934,0.0,0.0
SMGR.JK,2025-05-23,1,0.34328562403602914,0.07881523637367997,0.0,0.0
SMGR.JK,2025-05-26,1,0.34328562403602914,0.07912597845926038,0.0,0.0
SMGR.JK,2025-05-27,1,0.34328562403602914,0.09483542327331704,0.0,-0.0
SMGR.JK,2025-05-28,1,0.34328562403602914,0.13386365888202578,0.0,-0.0
SMGR.JK,2025-06-02,0,0.3355293717112092,0.057105322752959736,0.0,-0.0
SMGR.JK,2025-06-03,0,0.3355293717112092,0.06418154238209334,0.0,0.0
SMGR.JK,2025-06-04,0,0.3355293717112092,0.011828581879405676,0.0,-0.0
SMGR.JK,2025-06-05,0,0.3355293717112092,0.017572925051616447,0.0,0.0
SMGR.JK,2025-06-10,1,0.34328562403602914,0.10029070719935822,0.0,0.0
SMGR.JK,2025-06-11,1,0.34328562403602914,0.16050844454920626,0.0,-0.0
SMGR.JK,2025-06-12,1,0.34328562403602914,0.1851305145952447,0.0,0.0
SMGR.JK,2025-06-13,0,0.3355293717112092,0.2507938796413407,0.0,-0.0
SMGR.JK,2025-06-16,0,0.3355293717112092,0.12682708735465506,0.0,-0.0
SMGR.JK,2025-06-17,0,0.3355293717112092,0.02899636069758955,0.0,0.0
SMGR.JK,2025-06-18,0,0.3355293717112092,0.046582482970847085,0.0,-0.0
SMGR.JK,2025-06-19,0,0.3355293717112092,0.21718561686407994,0.0,-0.0
SMGR.JK,2025-06-20,0,0.3355293717112092,0.05428169033330866,0.0,-0.0
SMGR.JK,2025-06-23,0,0.3355293717112092,0.13966882411605852,0.0,-0.0
SMGR.JK,2025-06-24,0,0.3355293717112092,0.14674205023292686,0.0,0.0
SMGR.JK,2025-06-25,0,0.3355293717112092,0.20231509806196604,0.0,0.0
SMGR.JK,2025-06-26,0,0.3355293717112092,0.1468447681316952,0.0,-0.0
SMGR.JK,2025-06-30,0,0.3355293717112092,0.07665957721871262,0.0,0.0
SMGR.JK,2025-07-01,0,0.3355293717112092,0.0711608037504177,0.0,-0.0
SMGR.JK,2025-07-02,0,0.3355293717112092,0.04604753873549129,0.0,-0.0
SMGR.JK,2025-07-03,0,0.3355293717112092,0.04589760058192958,0.0,0.0
SMGR.JK,2025-07-04,0,0.3355293717112092,0.0714823063016708,0.0,-0.0
SMGR.JK,2025-07-07,0,0.3355293717112092,0.03244408245829987,0.0,0.0
SMGR.JK,2025-07-08,0,0.3355293717112092,0.024611171129388675,0.0,0.0
SMGR.JK,2025-07-09,0,0.3355293717112092,0.0324418433795132,0.0,0.0
SMGR.JK,2025-07-10,0,0.3355293717112092,0.014677805318082625,0.0,0.0
SMGR.JK,2025-07-11,0,0.3355293717112092,0.00708411494329095,0.0,0.0
SMGR.JK,2025-07-14,0,0.3355293717112092,0.005925331463284044,0.0,-0.0
SMGR.JK,2025-07-15,0,0.3355293717112092,0.006716726785235664,0.0,-0.0
SMGR.JK,2025-07-16,0,0.3355293717112092,0.008135312923912282,0.0,0.0
SMGR.JK,2025-07-17,0,0.3355293717112092,0.03200872914410449,0.0,-0.0
SMGR.JK,2025-07-18,1,0.3434769152090087,0.06599356241774992,0.0,-0.0
SMGR.JK,2025-07-21,1,0.3434769152090087,0.06784899889521648,0.0,-0.0
SMGR.JK,2025-07-22,1,0.3434769152090087,0.027429483351878763,0.0,-0.0
SMGR.JK,2025-07-23,1,0.3434769152090087,0.15046675365991394,0.0,0.0
SMGR.JK,2025-07-24,1,0.3434769152090087,0.09277853415701112,0.0,0.0
SMGR.JK,2025-07-25,1,0.3434769152090087,0.07585787545099691,0.0,-0.0
SMGR.JK,2025-07-28,1,0.3434769152090087,0.021299504064095982,0.0,0.0
SMGR.JK,2025-07-29,1,0.3434769152090087,0.006706325058112681,0.0,0.0
SMGR.JK,2025-07-30,1,0.3434769152090087,0.004196854967126548,0.0,-0.0
SMGR.JK,2025-07-31,1,0.3434769152090087,0.014059232503331525,0.0,-0.0
SMGR.JK,2025-08-01,1,0.3434769152090087,0.04642827161642468,0.0,0.0
SMGR.JK,2025-08-04,1,0.3434769152090087,0.06518785291069654,0.0,-0.0
SMGR.JK,2025-08-05,0,0.3355293717112092,0.07274895064268959,0.0,0.0
SMGR.JK,2025-08-06,0,0.3355293717112092,0.06843324298686182,0.0,0.0
SMGR.JK,2025-08-07,0,0.3355293717112092,0.011792665630107767,0.0,-0.0
SMGR.JK,2025-08-08,0,0.3355293717112092,0.016582772451184127,0.0,-0.0
SMGR.JK,2025-08-11,0,0.3355293717112092,0.05098809705204826,0.0,0.0
SMGR.JK,2025-08-12,0,0.3355293717112092,0.053303237437405074,0.0,-0.0
SMGR.JK,2025-08-13,0,0.3355293717112092,0.06600715672716974,0.0,0.0
SMGR.JK,2025-08-14,0,0.3355293717112092,0.07597168282945094,0.0,0.0
SMGR.JK,2025-08-15,0,0.3355293717112092,0.030491258916109546,0.0,-0.0
SMGR.JK,2025-08-19,0,0.3355293717112092,0.09096043664915496,0.0,0.0
SMGR.JK,2025-08-20,1,0.34328562403602914,0.05850332763861656,0.0,0.0
SMGR.JK,2025-08-21,0,0.3355293717112092,0.06679371729412453,0.0,-0.0
SMGR.JK,2025-08-22,0,0.3355293717112092,0.08277214154267991,0.0,-0.0
SMGR.JK,2025-08-25,0,0.3355293717112092,0.08096115576689789,0.0,0.0
SMGR.JK,2025-08-26,0,0.3355293717112092,0.09482070165869533,0.0,-0.0
SMGR.JK,2025-08-27,0,0.3355293717112092,0.011883141343542718,0.0,-0.0
SMGR.JK,2025-08-28,0,0.3355293717112092,0.0198255438844747,0.0,0.0
SMGR.JK,2025-08-29,0,0.3355293717112092,0.018833758918007766,0.0,-0.0
SMGR.JK,2025-09-01,0,0.3355293717112092,0.057383180904869095,0.0,0.0
SMGR.JK,2025-09-02,0,0.3355293717112092,0.028453496221967963,0.0,-0.0
SMGR.JK,2025-09-03,0,0.3355293717112092,0.034590845951102324,0.0,0.0
SMGR.JK,2025-09-04,0,0.3355293717112092,0.03698917305487532,0.0,-0.0
SMGR.JK,2025-09-08,0,0.3355293717112092,0.012019275110330742,0.0,0.0
SMGR.JK,2025-09-09,0,0.3355293717112092,0.01516760499603696,0.0,-0.0
SMGR.JK,2025-09-10,0,0.3355293717112092,0.02204314702272475,0.0,-0.0
SMGR.JK,2025-09-11,0,0.3355293717112092,0.007019914263738416,0.0,0.0
SMGR.JK,2025-09-12,0,0.3355293717112092,0.08475561776443527,0.0,0.0
SMGR.JK,2025-09-15,0,0.3355293717112092,0.08009940468856842,0.0,0.0
SMGR.JK,2025-09-16,0,0.3355293717112092,0.033940328959499735,0.0,0.0
SMGR.JK,2025-09-17,1,0.34328562403602914,0.036123777095917485,0.0,0.0
SMGR.JK,2025-09-18,0,0.3355293717112092,0.003543956956182679,0.0,-0.0
SMGR.JK,2025-09-19,0,0.3355293717112092,0.00786416598945867,0.0,-0.0
SMGR.JK,2025-09-22,1,0.34328562403602914,0.005654396774270154,0.0,0.0
SMGR.JK,2025-09-23,1,0.34328562403602914,0.009545271453548955,0.0,0.0
SMGR.JK,2025-09-24,0,0.3355293717112092,0.006433975435729504,0.0,-0.0
SMGR.JK,2025-09-25,0,0.3355293717112092,0.012339545785232728,0.0,-0.0
SMGR.JK,2025-09-26,0,0.3355293717112092,0.006741158033178707,0.0,-0.0
SMGR.JK,2025-09-29,0,0.3355293717112092,0.009538216997677831,0.0,0.0
SMGR.JK,2025-09-30,0,0.3355293717112092,0.03170675277545733,0.0,-0.0
SMGR.JK,2025-10-01,0,0.3355293717112092,0.01751616356750191,0.0,-0.0
SMGR.JK,2025-10-02,0,0.3355293717112092,0.075815827513977,0.0,-0.0
SMGR.JK,2025-10-03,0,0.3355293717112092,0.05253664077662707,0.0,-0.0
SMGR.JK,2025-10-06,0,0.3355293717112092,0.11905074563340037,0.0,0.0
SMGR.JK,2025-10-07,1,0.3434769152090087,0.012024914391069872,0.0,-0.0
SMGR.JK,2025-10-08,1,0.3434769152090087,0.004383705270951356,0.0,-0.0
SMGR.JK,2025-10-09,1,0.3434769152090087,0.013282665255791576,0.0,0.0
SMGR.JK,2025-10-10,1,0.3434769152090087,0.04136759263478564,0.0,0.0
SMGR.JK,2025-10-13,1,0.3434769152090087,0.02931988770385155,0.0,-0.0
SMGR.JK,2025-10-14,1,0.3434769152090087,0.07072184359795251,0.0,-0.0
SMGR.JK,2025-10-15,1,0.3434769152090087,0.09255840792202176,0.0,0.0
SMGR.JK,2025-10-16,1,0.3434769152090087,0.17139247812346214,0.0,-0.0
SMGR.JK,2025-10-17,1,0.3434769152090087,0.33645332014275475,0.0,-0.0
SMGR.JK,2025-10-20,1,0.3434769152090087,0.011713943717854816,0.0,0.0
SMGR.JK,2025-10-21,1,0.3434769152090087,0.016503585712036438,0.0,0.0
SMGR.JK,2025-10-22,1,0.3434769152090087,0.010630988368088607,0.0,0.0
SMGR.JK,2025-10-23,1,0.3434769152090087,0.008910099193010772,0.0,0.0
SMGR.JK,2025-10-24,1,0.3434769152090087,0.012693975348891835,0.0,0.0
SMGR.JK,2025-10-27,1,0.3434769152090087,0.003630831977147336,0.0,0.0
SMGR.JK,2025-10-28,1,0.3434769152090087,0.02568936494811546,0.0,-0.0
SMGR.JK,2025-10-29,1,0.3434769152090087,0.018158519921538524,0.0,0.0
SMGR.JK,2025-10-30,1,0.3434769152090087,0.012491624113103384,0.0,0.0
SMGR.JK,2025-10-31,1,0.3434769152090087,0.012614023011932443,0.0,0.0
SMGR.JK,2025-11-03,1,0.3434769152090087,0.022751963257652354,0.0,0.0
SMGR.JK,2025-11-04,1,0.3434769152090087,0.0367232339450985,0.0,-0.0
SMGR.JK,2025-11-05,0,0.3355293717112092,0.028629464458076587,0.0,0.0
SMGR.JK,2025-11-06,1,0.34328562403602914,0.01715780792421713,0.0,0.0
SMGR.JK,2025-11-07,0,0.3355293717112092,0.026562594651529492,0.0,-0.0
SMGR.JK,2025-11-10,1,0.3434769152090087,0.06082148693350018,0.0,-0.0
SMGR.JK,2025-11-11,1,0.3434769152090087,0.03692912217755688,0.0,-0.0
SMGR.JK,2025-11-12,1,0.3434769152090087,0.06550153679492775,0.0,0.0
SMGR.JK,2025-11-13,0,0.3355293717112092,0.02420741171640293,0.0,-0.0
SMGR.JK,2025-11-14,0,0.3355293717112092,0.015373612017599328,0.0,-0.0
SMGR.JK,2025-11-17,0,0.3355293717112092,0.0301503372598101,0.0,0.0
SMGR.JK,2025-11-18,0,0.3355293717112092,0.013378208562446588,0.0,-0.0
SMGR.JK,2025-11-19,0,0.3355293717112092,0.024593747346812814,0.0,0.0
SMGR.JK,2025-11-20,0,0.3355293717112092,0.014203179703620023,0.0,-0.0
SMGR.JK,2025-11-21,0,0.3355293717112092,0.00819435513266711,0.0,0.0
SMGR.JK,2025-11-24,0,0.3355293717112092,0.04761241645979471,0.0,-0.0
SMGR.JK,2025-11-25,0,0.3355293717112092,0.08242466575957619,0.0,-0.0
SMGR.JK,2025-11-26,1,0.34328562403602914,0.0611042574053218,0.0,0.0
SMGR.JK,2025-11-27,1,0.34328562403602914,0.08709588571827646,0.0,-0.0
SMGR.JK,2025-11-28,1,0.34328562403602914,0.11071047012521316,0.0,0.0
SMGR.JK,2025-12-01,1,0.34328562403602914,0.029019742454619767,0.0,-0.0
SMGR.JK,2025-12-02,0,0.33899422961169623,0.046161928281891196,0.0,-0.0
SMGR.JK,2025-12-03,0,0.33899422961169623,0.04907300365185934,0.0,0.0
SMGR.JK,2025-12-04,0,0.33899422961169623,0.0057302554580630225,0.0,-0.0
SMGR.JK,2025-12-05,0,0.33899422961169623,0.021040463163457916,0.0,0.0
SMGR.JK,2025-12-08,0,0.33899422961169623,0.08718678323689248,0.0,-0.0
SMGR.JK,2025-12-09,1,0.34328562403602914,0.08830571012578384,0.0,0.0
SMGR.JK,2025-12-10,0,0.33899422961169623,0.12891257854615246,0.0,-0.0
SMGR.JK,2025-12-11,1,0.34328562403602914,0.18711955372509004,0.0,0.0
SMGR.JK,2025-12-12,0,0.33899422961169623,0.030198457882733905,0.0,-0.0
SMGR.JK,2025-12-15,0,0.3355293717112092,0.07101270332579025,0.0,-0.0
SMGR.JK,2025-12-16,0,0.3355293717112092,0.02239439929172767,0.0,0.0
SMGR.JK,2025-12-17,0,0.3355293717112092,0.008886012186260648,0.0,-0.0
SMGR.JK,2025-12-18,1,0.3434769152090087,0.007076912623816432,0.0,-0.0
SMGR.JK,2025-12-19,1,0.3434769152090087,0.002507508115603493,0.0,0.0
SMGR.JK,2025-12-22,0,0.3355293717112092,0.005510338107072675,0.0,0.0
SMGR.JK,2025-12-23,0,0.3355293717112092,0.006307478691343066,0.0,-0.0
SMGR.JK,2025-12-24,0,0.3355293717112092,0.04326889542093202,0.0,0.0
SMGR.JK,2025-12-29,0,0.3355293717112092,0.00763965146176019,0.0,-0.0
JSMR.JK,2025-01-02,0,0.1968215196830178,0.38698072515554915,0.0,0.0
JSMR.JK,2025-01-03,0,0.15390667031727379,0.712889351260204,0.0,0.0
JSMR.JK,2025-01-06,-1,0.18427560010667488,0.6979613846659853,0.0,0.0
JSMR.JK,2025-01-07,0,0.16149400096948727,0.17572178864420365,0.0,-0.0
JSMR.JK,2025-01-08,0,0.18671145652831508,0.26200216079406474,0.0,-0.0
JSMR.JK,2025-01-09,0,0.18354613999438338,0.14311023109522716,0.0,0.0
JSMR.JK,2025-01-10,-1,0.1314794097595039,0.1359567868027255,0.0,0.0
JSMR.JK,2025-01-13,0,0.2004297744519061,0.32952565181209886,0.0,-0.0
JSMR.JK,2025-01-14,0,0.21507143533336612,0.5925538463451121,0.0,-0.0
JSMR.JK,2025-01-15,0,0.18612700031329296,0.7696532999921823,0.0,0.0
JSMR.JK,2025-01-16,0,0.19735335062120943,0.7954546231040377,0.0,0.0
JSMR.JK,2025-01-17,0,0.22289941687074147,0.9103866184712285,0.0,0.0
JSMR.JK,2025-01-20,0,0.2113270467130579,0.8807365209352326,0.0,-0.0
JSMR.JK,2025-01-21,0,0.15816709402049905,0.9028488137659781,0.0,0.0
JSMR.JK,2025-01-22,0,0.1657535384137309,0.8524862607710608,0.0,-0.0
JSMR.JK,2025-01-23,0,0.13941801659270756,0.5967219956036653,0.0,0.0
JSMR.JK,2025-01-24,0,0.1415742519752233,0.4747221962847272,0.0,-0.0
JSMR.JK,2025-01-30,0,0.21066302823296004,0.8550925568858254,0.0,-0.0
JSMR.JK,2025-01-31,0,0.252215132803567,0.9669125002579071,0.0,-0.0
JSMR.JK,2025-02-03,0,0.2655787209301081,0.58943583458865,0.0,-0.0
JSMR.JK,2025-02-04,0,0.22553719366708666,0.6477724361463016,0.0,0.0
JSMR.JK,2025-02-05,0,0.2163531700837868,0.8458230021993188,0.0,0.0
JSMR.JK,2025-02-06,0,0.23338178481315702,0.8080151185780177,0.0,-0.0
JSMR.JK,2025-02-07,0,0.33838404958130675,0.3723783062251505,0.0,-0.0
JSMR.JK,2025-02-10,0,0.3044983882568971,0.7250354812483083,0.0,-0.0
JSMR.JK,2025-02-11,1,0.4220088309740907,0.26204117807370664,0.0,-0.0
JSMR.JK,2025-02-12,0,0.24686368035058098,0.3404320052511846,0.0,0.0
JSMR.JK,2025-02-13,0,0.27676676896263536,0.4028750229536971,0.0,-0.0
JSMR.JK,2025-02-14,0,0.15491959764354782,0.6639589622996194,0.0,0.0
JSMR.JK,2025-02-17,0,0.20813996493000136,0.921911675217127,0.0,0.0
JSMR.JK,2025-02-18,0,0.15172460644263203,0.6600088721270477,0.0,0.0
JSMR.JK,2025-02-19,-1,0.15736042799848754,0.9777564348259017,0.0,-0.0
JSMR.JK,2025-02-20,-1,0.13036328714434994,0.9022355707867274,0.0,0.0
JSMR.JK,2025-02-21,-1,0.16866190920386273,0.7458996869075444,0.0,0.0
JSMR.JK,2025-02-24,-1,0.15676490531863563,0.7170108814586739,0.0,-0.0
JSMR.JK,2025-02-25,0,0.23472746809963063,0.5958939458223224,0.0,-0.0
JSMR.JK,2025-02-26,0,0.32487159818911754,0.5723282252071432,0.0,-0.0
JSMR.JK,2025-02-27,0,0.30713785971011165,0.5270008413255491,0.0,0.0
JSMR.JK,2025-02-28,1,0.466383479638574,0.5844396309274538,0.0,-0.0
JSMR.JK,2025-03-03,0,0.2304449359800896,0.47173195430364845,0.0,0.0
JSMR.JK,2025-03-04,0,0.2188746965542722,0.46051757258946263,0.0,-0.0
JSMR.JK,2025-03-05,0,0.3174158031855092,0.6034726083559713,0.0,0.0
JSMR.JK,2025-03-06,0,0.1503455798946518,0.43839713265214697,0.0,0.0
JSMR.JK,2025-03-07,0,0.10117192546341625,0.5079944784564263,0.0,0.0
JSMR.JK,2025-03-10,0,0.0844348365395141,0.38164261216015005,0.0,-0.0
JSMR.JK,2025-03-11,0,0.1100228773023087,0.5579221896821804,0.0,-0.0
JSMR.JK,2025-03-12,0,0.15613399885073379,0.4117674775995442,0.0,0.0
JSMR.JK,2025-03-13,0,0.11012712799760031,0.38691122528684824,0.0,-0.0
JSMR.JK,2025-03-14,0,0.1377049294313738,0.4557751616695714,0.0,0.0
JSMR.JK,2025-03-17,0,0.15723863177415345,0.16330973789393619,0.0,0.0
JSMR.JK,2025-03-18,0,0.14066947198376387,0.29980935458769475,0.0,-0.0
JSMR.JK,2025-03-19,0,0.2139121019262095,0.42919920824138386,0.0,0.0
JSMR.JK,2025-03-20,0,0.19758345652503553,0.16836011399728434,0.0,0.0
JSMR.JK,2025-03-21,0,0.32234876579121774,0.416648321948768,0.0,-0.0
JSMR.JK,2025-03-24,0,0.2120964726510409,0.4318087965255139,0.0,0.0
JSMR.JK,2025-03-25,0,0.1591392087269824,0.059795047258121486,0.0,0.0
JSMR.JK,2025-03-26,0,0.17772725645326412,0.10198215668683934,0.0,0.0
JSMR.JK,2025-03-27,0,0.14749742788764525,0.09364319194473171,0.0,-0.0
JSMR.JK,2025-04-08,0,0.18100214724384112,0.5306073036518072,0.0,-0.0
JSMR.JK,2025-04-09,0,0.12391337569543799,0.4620772140804874,0.0,0.0
JSMR.JK,2025-04-10,0,0.15494004224099733,0.64425114035524,0.0,-0.0
JSMR.JK,2025-04-11,0,0.16497468865178833,0.6184004480382743,0.0,0.0
JSMR.JK,2025-04-14,0,0.08751999570663313,0.22888817459371394,0.0,0.0
JSMR.JK,2025-04-15,0,0.09063802332807544,0.11186339707510388,0.0,0.0
JSMR.JK,2025-04-16,0,0.06741428159162234,0.37739916144497715,0.0,-0.0
JSMR.JK,2025-04-17,0,0.07499385205407776,0.16829595130835298,0.0,0.0
JSMR.JK,2025-04-21,0,0.07786633377563525,0.156582744873922,0.0,0.0
JSMR.JK,2025-04-22,0,0.054499712103450934,0.26609246356445004,0.0,0.0
JSMR.JK,2025-04-23,0,0.06711806697084981,0.23602894712352612,0.0,-0.0
JSMR.JK,2025-04-24,0,0.06376675531410975,0.13116293609918933,0.0,0.0
JSMR.JK,2025-04-25,0,0.06866101630419072,0.5435012679245471,0.0,0.0
JSMR.JK,2025-04-28,0,0.05245788058568486,0.24223029488328562,0.0,0.0
JSMR.JK,2025-04-29,0,0.06399754232923148,0.19797957436989463,0.0,-0.0
JSMR.JK,2025-04-30,0,0.08006757769380259,0.48556199410010575,0.0,-0.0
JSMR.JK,2025-05-02,0,0.14831823036716663,0.4290013800443142,0.0,-0.0
JSMR.JK,2025-05-05,0,0.15286884480381674,0.9086503453178966,0.0,0.0
JSMR.JK,2025-05-06,0,0.3185657206035242,0.9601509210546888,0.0,-0.0
JSMR.JK,2025-05-07,0,0.3345168039002951,0.9732575170703873,0.0,-0.0
JSMR.JK,2025-05-08,0,0.3412901015589855,0.29410948496050765,0.0,-0.0
JSMR.JK,2025-05-09,1,0.461246859689036,0.3394636530425245,0.0,0.0
JSMR.JK,2025-05-14,0,0.42702677967598995,0.7489509460914459,0.0,0.0
JSMR.JK,2025-05-15,1,0.4870077780230119,0.779362542537551,0.0,-0.0
JSMR.JK,2025-05-16,0,0.36228356317379223,0.8382618505975635,1.0,0.0009569819571238493
JSMR.JK,2025-05-19,0,0.2604809950055762,0.9123494926639749,0.0,-0.0025
JSMR.JK,2025-05-20,0,0.33874533254098826,0.9062432140566136,0.0,-0.0
JSMR.JK,2025-05-21,0,0.2966042362731213,0.9086798746948144,0.0,0.0
JSMR.JK,2025-05-22,-1,0.31450956213974357,0.951098275034765,0.0,-0.0
JSMR.JK,2025-05-23,-1,0.3149911606720034,0.8458581557479717,0.0,-0.0
JSMR.JK,2025-05-26,1,0.5320988517617526,0.12581688360038115,0.0,-0.0
JSMR.JK,2025-05-27,1,0.5181844981410784,0.12503170654607704,0.0,-0.0
JSMR.JK,2025-05-28,1,0.5236980871112739,0.1138043309108353,0.0,0.0
JSMR.JK,2025-06-02,1,0.36239442911639846,0.5852844335318894,0.0,0.0
JSMR.JK,2025-06-03,1,0.4011710061644255,0.35326355014073285,0.0,-0.0
JSMR.JK,2025-06-04,-1,0.27222056474005873,0.5622537472374318,0.0,-0.0
JSMR.JK,2025-06-05,-1,0.35319280195066394,0.4025599544607869,0.0,-0.0
JSMR.JK,2025-06-10,-1,0.30499429121409277,0.8163546213679415,0.0,0.0
JSMR.JK,2025-06-11,-1,0.21346853689990977,0.8644007064842482,0.0,0.0
JSMR.JK,2025-06-12,0,0.22962763111672052,0.7415148723219211,0.0,-0.0
JSMR.JK,2025-06-13,-1,0.19478408685313628,0.932622114868316,0.0,-0.0
JSMR.JK,2025-06-16,-1,0.24909599204528102,0.9557036665619992,0.0,-0.0
JSMR.JK,2025-06-17,-1,0.17268576452276202,0.9805003123008224,0.0,0.0
JSMR.JK,2025-06-18,-1,0.1721245442576078,0.9873606425973414,0.0,-0.0
JSMR.JK,2025-06-19,-1,0.29066117490803023,0.8293573256582812,0.0,-0.0
JSMR.JK,2025-06-20,-1,0.2550013863559745,0.6683812074384748,0.0,-0.0
JSMR.JK,2025-06-23,0,0.32265207307274113,0.1545089253732051,0.0,-0.0
JSMR.JK,2025-06-24,0,0.28520895095461957,0.22134986651890048,0.0,0.0
JSMR.JK,2025-06-25,0,0.3269916572327369,0.100260734010636,0.0,-0.0
JSMR.JK,2025-06-26,0,0.3121947204261141,0.10665535175871464,0.0,-0.0
JSMR.JK,2025-06-30,0,0.2043546470968748,0.08172428699638615,0.0,0.0
JSMR.JK,2025-07-01,0,0.20422922263203205,0.08368599935406881,0.0,-0.0
JSMR.JK,2025-07-02,0,0.2921016885386552,0.1918162594236341,0.0,-0.0
JSMR.JK,2025-07-03,0,0.2321124441283424,0.1600210113103326,0.0,0.0
JSMR.JK,2025-07-04,0,0.2094479440654043,0.5010689994015517,0.0,0.0
JSMR.JK,2025-07-07,0,0.21196179966786524,0.9159882711708256,0.0,0.0
JSMR.JK,2025-07-08,-1,0.2126168816794457,0.9500452773053017,0.0,0.0
JSMR.JK,2025-07-09,-1,0.17435488425476134,0.8771662041463325,0.0,0.0
JSMR.JK,2025-07-10,-1,0.1304986150387885,0.870216137707048,0.0,0.0
JSMR.JK,2025-07-11,-1,0.16425974585596725,0.7677560276354529,0.0,-0.0
JSMR.JK,2025-07-14,-1,0.18620682558578028,0.5219315597277803,0.0,-0.0
JSMR.JK,2025-07-15,-1,0.197061942939328,0.6302589631166837,0.0,-0.0
JSMR.JK,2025-07-16,-1,0.17460962563774188,0.774240276320118,0.0,0.0
JSMR.JK,2025-07-17,-1,0.14084601655780069,0.9035022172875127,0.0,0.0
JSMR.JK,2025-07-18,-1,0.1280950610438287,0.8891228960151261,0.0,0.0
JSMR.JK,2025-07-21,-1,0.15990099840189337,0.8478450521630807,0.0,-0.0
JSMR.JK,2025-07-22,-1,0.1328827204526796,0.7259270724095603,0.0,0.0
JSMR.JK,2025-07-23,-1,0.18918682089920963,0.72378446084934,0.0,0.0
JSMR.JK,2025-07-24,-1,0.1941931710873502,0.8250709403689432,0.0,0.0
JSMR.JK,2025-07-25,-1,0.2032533989519307,0.9139928868023545,0.0,-0.0
JSMR.JK,2025-07-28,-1,0.11605151121757966,0.960899961781948,0.0,0.0
JSMR.JK,2025-07-29,-1,0.1096679949374761,0.8849890482032087,0.0,-0.0
JSMR.JK,2025-07-30,-1,0.12340791522613542,0.9452999087712646,0.0,-0.0
JSMR.JK,2025-07-31,-1,0.12848645902010192,0.8908655212190196,0.0,-0.0
JSMR.JK,2025-08-01,-1,0.11536507260847538,0.7307077464281665,0.0,0.0
JSMR.JK,2025-08-04,-1,0.15982366329852915,0.7666043762928934,0.0,-0.0
JSMR.JK,2025-08-05,-1,0.1654176078304606,0.9569439166771215,0.0,0.0
JSMR.JK,2025-08-06,-1,0.16752471908571565,0.9652487834654921,0.0,0.0
JSMR.JK,2025-08-07,-1,0.21880249881064243,0.9494899864744709,0.0,-0.0
JSMR.JK,2025-08-08,-1,0.24241500208995606,0.9317192749498374,0.0,-0.0
JSMR.JK,2025-08-11,-1,0.2265876199628644,0.9330988453369933,0.0,0.0
JSMR.JK,2025-08-12,-1,0.1980969084158534,0.45284969133904396,0.0,0.0
JSMR.JK,2025-08-13,-1,0.24817168584697155,0.7263858016261084,0.0,-0.0
JSMR.JK,2025-08-14,-1,0.28101572140920267,0.2252278458004019,0.0,-0.0
JSMR.JK,2025-08-15,-1,0.26274438049900134,0.1678918846925956,0.0,-0.0
JSMR.JK,2025-08-19,-1,0.1885630437812247,0.4087867085472627,0.0,-0.0
JSMR.JK,2025-08-20,-1,0.24586109971915496,0.6910846568295099,0.0,-0.0
JSMR.JK,2025-08-21,0,0.364068724432284,0.5047291137604595,0.0,-0.0
JSMR.JK,2025-08-22,1,0.44770660275305013,0.5029333181888369,0.0,-0.0
JSMR.JK,2025-08-25,1,0.45671886352013724,0.4063399364991465,0.0,0.0
JSMR.JK,2025-08-26,1,0.4131144293241953,0.3452896274813549,0.0,-0.0
JSMR.JK,2025-08-27,1,0.43835484095432914,0.13161718663697336,0.0,-0.0
JSMR.JK,2025-08-28,0,0.3909891011951194,0.16962795187031995,0.0,-0.0
JSMR.JK,2025-08-29,0,0.3828140258995705,0.14129525965185274,0.0,-0.0
JSMR.JK,2025-09-01,1,0.4270384380827626,0.765434077281506,0.0,-0.0
JSMR.JK,2025-09-02,0,0.3107797927914713,0.7462561257722071,1.0,0.010621206449211775
JSMR.JK,2025-09-03,0,0.30783283155584784,0.26724892889278284,0.0,-0.0025
JSMR.JK,2025-09-04,0,0.33657504587876136,0.40660523307938856,0.0,0.0
JSMR.JK,2025-09-08,1,0.4319466987455932,0.2914091026901528,0.0,-0.0
JSMR.JK,2025-09-09,1,0.43599582805662424,0.6391077691487552,0.0,-0.0
JSMR.JK,2025-09-10,0,0.3611281860731935,0.3577246436946919,1.0,0.010334314119946399
JSMR.JK,2025-09-11,-1,0.29405896187627417,0.16909739533951892,0.0,-0.0025
JSMR.JK,2025-09-12,-1,0.17269923660822753,0.10379521154206459,0.0,0.0
JSMR.JK,2025-09-15,-1,0.14150311751171324,0.041691510516990424,0.0,0.0
JSMR.JK,2025-09-16,-1,0.1313698829020633,0.12146174031102103,0.0,0.0
JSMR.JK,2025-09-17,-1,0.10024980182193642,0.22982105442765954,0.0,0.0
JSMR.JK,2025-09-18,-1,0.11549501071345314,0.26116946573234057,0.0,0.0
JSMR.JK,2025-09-19,-1,0.19517220668269034,0.14369120925312587,0.0,-0.0
JSMR.JK,2025-09-22,-1,0.1508896253538594,0.14515885719442137,0.0,0.0
JSMR.JK,2025-09-23,-1,0.13279950743890118,0.020559688179560522,0.0,0.0
JSMR.JK,2025-09-24,-1,0.12224383115227183,0.18576292151508203,0.0,0.0
JSMR.JK,2025-09-25,-1,0.14017947508805925,0.12281751363173046,0.0,-0.0
JSMR.JK,2025-09-26,-1,0.13669130974748922,0.11456167834377586,0.0,0.0
JSMR.JK,2025-09-29,-1,0.10785035030094757,0.11415739841090698,0.0,0.0
JSMR.JK,2025-09-30,1,0.4434425115151341,0.19179431748175496,0.0,-0.0
JSMR.JK,2025-10-01,1,0.3959057342910049,0.5900795981422706,0.0,-0.0
JSMR.JK,2025-10-02,1,0.41543172479359236,0.6099323370129252,0.0,0.0
JSMR.JK,2025-10-03,0,0.28120761086938506,0.04605274819096917,1.0,0.131447991927304
JSMR.JK,2025-10-06,0,0.2592034643040357,0.06643758717757868,0.0,-0.0025
JSMR.JK,2025-10-07,0,0.288898105287735,0.036338283776923344,0.0,-0.0
JSMR.JK,2025-10-08,0,0.19758678361245674,0.0545726797227707,0.0,-0.0
JSMR.JK,2025-10-09,0,0.12102786986445466,0.07726160246685224,0.0,0.0
JSMR.JK,2025-10-10,0,0.23925829443586055,0.5303879861592482,0.0,-0.0
JSMR.JK,2025-10-13,0,0.12698868919307435,0.23209384641289293,0.0,0.0
JSMR.JK,2025-10-14,0,0.16623382561312763,0.4355055390752208,0.0,-0.0
JSMR.JK,2025-10-15,0,0.10767120477319288,0.15816075428093626,0.0,0.0
JSMR.JK,2025-10-16,0,0.11125537652503864,0.20616049549315707,0.0,-0.0
JSMR.JK,2025-10-17,0,0.12178273712491165,0.4269811488892379,0.0,-0.0
JSMR.JK,2025-10-20,0,0.10501808940971279,0.3481332206599854,0.0,0.0
JSMR.JK,2025-10-21,0,0.07457565952875594,0.16902746220149392,0.0,0.0
JSMR.JK,2025-10-22,0,0.08004506503096148,0.2313695789195559,0.0,0.0
JSMR.JK,2025-10-23,0,0.06655165090168173,0.13704392907023802,0.0,-0.0
JSMR.JK,2025-10-24,0,0.11603227584640532,0.42185559528331495,0.0,-0.0
JSMR.JK,2025-10-27,0,0.09704690101248202,0.5980292066070226,0.0,0.0
JSMR.JK,2025-10-28,0,0.17990559502995207,0.562242935630538,0.0,-0.0
JSMR.JK,2025-10-29,0,0.31990741829527086,0.5634569690076404,0.0,-0.0
JSMR.JK,2025-10-30,0,0.422297543282949,0.13229982321432002,0.0,-0.0
JSMR.JK,2025-10-31,0,0.41501557822497004,0.04822561611425044,0.0,-0.0
JSMR.JK,2025-11-03,1,0.41191757829167086,0.03584809003584992,0.0,0.0
JSMR.JK,2025-11-04,0,0.32241335093500006,0.048406311008819626,0.0,-0.0
JSMR.JK,2025-11-05,0,0.2754691329157419,0.0560234587342074,0.0,0.0
JSMR.JK,2025-11-06,0,0.24226044673977304,0.14016925082242618,0.0,0.0
JSMR.JK,2025-11-07,0,0.22985953538759804,0.3568826395233238,0.0,0.0
JSMR.JK,2025-11-10,0,0.31841966705677976,0.17902665585593794,0.0,-0.0
JSMR.JK,2025-11-11,-1,0.2792341041301191,0.38549280213253617,0.0,-0.0
JSMR.JK,2025-11-12,-1,0.2807355185129837,0.2738237372104601,0.0,0.0
JSMR.JK,2025-11-13,-1,0.27785396894636344,0.5065432496290994,0.0,0.0
JSMR.JK,2025-11-14,-1,0.3503305021083984,0.5833574576900148,0.0,-0.0
JSMR.JK,2025-11-17,-1,0.354661929251993,0.6293834416405134,0.0,0.0
JSMR.JK,2025-11-18,-1,0.37921971103556107,0.7425852893950572,0.0,0.0
JSMR.JK,2025-11-19,-1,0.29370334125786307,0.7259955876678549,0.0,0.0
JSMR.JK,2025-11-20,-1,0.28858684183522904,0.8175695837272393,0.0,0.0
JSMR.JK,2025-11-21,-1,0.29457331372137796,0.8913703094394775,0.0,-0.0
JSMR.JK,2025-11-24,-1,0.3920057091036409,0.7980654085810336,0.0,0.0
JSMR.JK,2025-11-25,-1,0.33824978469292194,0.6772187475432309,0.0,0.0
JSMR.JK,2025-11-26,-1,0.4025133800661848,0.7056986572963178,0.0,-0.0
JSMR.JK,2025-11-27,-1,0.41307737448936754,0.7485625870838205,0.0,-0.0
JSMR.JK,2025-11-28,-1,0.41060229998438286,0.5845105773760169,0.0,-0.0
JSMR.JK,2025-12-01,1,0.39199839011732857,0.5143994649271372,0.0,-0.0
JSMR.JK,2025-12-02,-1,0.31230622651545853,0.6520548481092125,0.0,0.0
JSMR.JK,2025-12-03,-1,0.28874442710912196,0.48702157730399487,0.0,0.0
JSMR.JK,2025-12-04,-1,0.3725711686702885,0.47107707524396597,0.0,-0.0
JSMR.JK,2025-12-05,-1,0.2885083818656816,0.5810964440256324,0.0,0.0
JSMR.JK,2025-12-08,-1,0.2759330475539227,0.7802233557995417,0.0,0.0
JSMR.JK,2025-12-09,-1,0.3133927315721951,0.4457098838402005,0.0,-0.0
JSMR.JK,2025-12-10,-1,0.35725216174155794,0.5818824358714938,0.0,0.0
JSMR.JK,2025-12-11,-1,0.33964461805100793,0.4882969401455168,0.0,-0.0
JSMR.JK,2025-12-12,-1,0.33718440409588213,0.5105298779435675,0.0,0.0
JSMR.JK,2025-12-15,-1,0.3726738152112521,0.4323082731395079,0.0,-0.0
JSMR.JK,2025-12-16,-1,0.3120709183187316,0.6524392694071748,0.0,0.0
JSMR.JK,2025-12-17,1,0.40375154835927224,0.5313676349215307,0.0,0.0
JSMR.JK,2025-12-18,-1,0.2818311197160321,0.5547729728513991,0.0,0.0
JSMR.JK,2025-12-19,-1,0.28839462030105684,0.32119563367316967,0.0,0.0
JSMR.JK,2025-12-22,0,0.24095109829967892,0.2578837894891389,0.0,-0.0
JSMR.JK,2025-12-23,-1,0.22000169866688926,0.12294223685922444,0.0,-0.0
JSMR.JK,2025-12-24,-1,0.2228259568459764,0.04684465564661559,0.0,-0.0
JSMR.JK,2025-12-29,-1,0.2777484569040238,0.21111938306677014,0.0,0.0
