ticker,date,pred,prob_up,meta_bet_size,position,net_return
BBCA.JK,2025-01-02,-1,0.20228098257595875,0.013226929435162217,0.0,0.0
BBCA.JK,2025-01-03,-1,0.19778854873769075,0.11426817139787936,0.0,-0.0
BBCA.JK,2025-01-06,-1,0.20002899979997066,0.08484065433798685,0.0,-0.0
BBCA.JK,2025-01-07,-1,0.22468772284358918,0.17689052646651146,0.0,-0.0
BBCA.JK,2025-01-08,-1,0.21340904093877894,0.04901665068422239,0.0,0.0
BBCA.JK,2025-01-09,0,0.1712292522364431,0.016830748908924557,0.0,0.0
BBCA.JK,2025-01-10,-1,0.18633643678659598,0.10909328945943768,0.0,-0.0
BBCA.JK,2025-01-13,-1,0.22672611193894895,0.36069613132805695,0.0,-0.0
BBCA.JK,2025-01-14,-1,0.23506957060084713,0.14129702988593115,0.0,-0.0
BBCA.JK,2025-01-15,-1,0.18290316036907706,0.024414144885986217,0.0,0.0
BBCA.JK,2025-01-16,-1,0.21943913048494573,0.0806264287289448,0.0,-0.0
BBCA.JK,2025-01-17,-1,0.19020079071917456,0.017525158535467524,0.0,0.0
BBCA.JK,2025-01-20,0,0.1810676397002631,0.08550422333338033,0.0,-0.0
BBCA.JK,2025-01-21,-1,0.19330880646635692,0.2975838861950256,0.0,-0.0
BBCA.JK,2025-01-22,-1,0.19585727183423957,0.30202282373351474,0.0,0.0
BBCA.JK,2025-01-23,-1,0.20029196555916864,0.46813115650379306,0.0,0.0
BBCA.JK,2025-01-24,-1,0.2019012587355475,0.1539251963265472,0.0,-0.0
BBCA.JK,2025-01-30,0,0.20164062759187878,0.09525248959391383,0.0,-0.0
BBCA.JK,2025-01-31,-1,0.17248039259262948,0.040520995571015975,0.0,0.0
BBCA.JK,2025-02-03,-1,0.18837454263519737,0.06513396357752617,0.0,-0.0
BBCA.JK,2025-02-04,0,0.19754474969471322,0.09276711743731599,0.0,-0.0
BBCA.JK,2025-02-05,0,0.2058602831332763,0.3406383789767463,0.0,-0.0
BBCA.JK,2025-02-06,0,0.1728356684894791,0.10282193385486618,0.0,-0.0
BBCA.JK,2025-02-07,-1,0.14939578874619133,0.036951470000037845,0.0,0.0
BBCA.JK,2025-02-10,-1,0.14775147430279084,0.015517839595141714,0.0,-0.0
BBCA.JK,2025-02-11,-1,0.15328080767989083,0.1010916586373297,0.0,-0.0
BBCA.JK,2025-02-12,-1,0.14939578874619133,0.035903086745243604,0.0,0.0
BBCA.JK,2025-02-13,-1,0.15328080767989083,0.12410184644299982,0.0,-0.0
BBCA.JK,2025-02-14,-1,0.15192124222545256,0.296257535256405,0.0,-0.0
BBCA.JK,2025-02-17,-1,0.1407903586833544,0.01681578607938306,0.0,0.0
BBCA.JK,2025-02-18,-1,0.14193791646463072,0.016994252228138978,0.0,-0.0
BBCA.JK,2025-02-19,-1,0.17757262298960236,0.13484315996337706,0.0,-0.0
BBCA.JK,2025-02-20,-1,0.17039835296627256,0.19707408188855957,0.0,0.0
BBCA.JK,2025-02-21,-1,0.17140030915023766,0.23010883016132047,0.0,0.0
BBCA.JK,2025-02-24,-1,0.16247976320590615,0.3827050780627197,0.0,-0.0
BBCA.JK,2025-02-25,-1,0.17276523057980034,0.3464743282857396,0.0,-0.0
BBCA.JK,2025-02-26,-1,0.17418090020180133,0.5054682350838406,0.0,-0.0
BBCA.JK,2025-02-27,-1,0.16899739038320866,0.12103302453273836,0.0,-0.0
BBCA.JK,2025-02-28,0,0.16074717441294742,0.1527537405028943,0.0,-0.0
BBCA.JK,2025-03-03,-1,0.17392980010015033,0.062034717761386526,0.0,0.0
BBCA.JK,2025-03-04,-1,0.16918312966814655,0.018692768840446405,0.0,0.0
BBCA.JK,2025-03-05,-1,0.16805888197989177,0.03973435400698033,0.0,0.0
BBCA.JK,2025-03-06,-1,0.14927459237579338,0.017590661318786067,0.0,-0.0
BBCA.JK,2025-03-07,0,0.14882129778379677,0.05373615380279321,0.0,-0.0
BBCA.JK,2025-03-10,0,0.14633429754512053,0.015275211658980043,0.0,0.0
BBCA.JK,2025-03-11,-1,0.1525365872867331,0.05417990315258833,0.0,0.0
BBCA.JK,2025-03-12,-1,0.14747413353974317,0.005227054525730947,0.0,0.0
BBCA.JK,2025-03-13,-1,0.1592487758449103,0.012049357085995433,0.0,-0.0
BBCA.JK,2025-03-14,0,0.1465093305741787,0.04519730341476465,0.0,-0.0
BBCA.JK,2025-03-17,0,0.1623693557073278,0.09942821324509198,0.0,-0.0
BBCA.JK,2025-03-18,-1,0.15973982973750625,0.06173608530886019,0.0,-0.0
BBCA.JK,2025-03-19,0,0.16517639777435592,0.10750070094275099,0.0,0.0
BBCA.JK,2025-03-20,0,0.16267011518944222,0.08433508603279805,0.0,0.0
BBCA.JK,2025-03-21,0,0.17584116554049345,0.046604942952493886,0.0,-0.0
BBCA.JK,2025-03-24,0,0.18855898102402768,0.03675557294072719,0.0,0.0
BBCA.JK,2025-03-25,0,0.18311321712818412,0.03625874657156272,0.0,0.0
BBCA.JK,2025-03-26,-1,0.18355569358775772,0.011298215163532336,0.0,0.0
BBCA.JK,2025-03-27,-1,0.1814279046912387,0.012558669873361813,0.0,-0.0
BBCA.JK,2025-04-08,0,0.18996042938249497,0.03354118543731541,0.0,-0.0
BBCA.JK,2025-04-09,0,0.18994920966217016,0.0301751881652428,0.0,0.0
BBCA.JK,2025-04-10,0,0.18815442667549648,0.004610510521517838,0.0,0.0
BBCA.JK,2025-04-11,0,0.18621533106869984,0.011020413995128412,0.0,0.0
BBCA.JK,2025-04-14,0,0.19086807680127885,0.014493351592202424,0.0,0.0
BBCA.JK,2025-04-15,0,0.1850769973650371,0.014055910884352043,0.0,0.0
BBCA.JK,2025-04-16,0,0.1805937906936224,0.012286737322801718,0.0,-0.0
BBCA.JK,2025-04-17,0,0.18182719648005385,0.023905489069820523,0.0,0.0
BBCA.JK,2025-04-21,0,0.18226818558460084,0.02102899234597198,0.0,-0.0
BBCA.JK,2025-04-22,0,0.17851692708324435,0.026435716131963202,0.0,0.0
BBCA.JK,2025-04-23,0,0.17991843625900647,0.028878168128440917,0.0,0.0
BBCA.JK,2025-04-24,0,0.19248666492515734,0.008576019112194863,0.0,-0.0
BBCA.JK,2025-04-25,0,0.2045421658789306,0.02677318623802484,0.0,0.0
BBCA.JK,2025-04-28,0,0.19864997006511342,0.0313292256138966,0.0,0.0
BBCA.JK,2025-04-29,0,0.20809290746095768,0.020441733902296044,0.0,-0.0
BBCA.JK,2025-04-30,0,0.19847264266251918,0.023684707516093632,0.0,0.0
BBCA.JK,2025-05-02,0,0.16391590535958395,0.011260080068220204,0.0,0.0
BBCA.JK,2025-05-05,0,0.1633674053690074,0.021558860422086393,0.0,0.0
BBCA.JK,2025-05-06,0,0.1716740953270912,0.021088796030430543,0.0,0.0
BBCA.JK,2025-05-07,0,0.19026995121663393,0.046015014602704386,0.0,0.0
BBCA.JK,2025-05-08,0,0.18886374800220984,0.24404805197097004,0.0,-0.0
BBCA.JK,2025-05-09,-1,0.16865958994288988,0.1455466594950062,0.0,0.0
BBCA.JK,2025-05-14,-1,0.17751510999855263,0.4008868256198222,0.0,0.0
BBCA.JK,2025-05-15,-1,0.18584003683550435,0.3895555461925972,0.0,0.0
BBCA.JK,2025-05-16,-1,0.1866739917404879,0.12322702022533212,0.0,0.0
BBCA.JK,2025-05-19,-1,0.20731994844883275,0.5665635797721813,0.0,0.0
BBCA.JK,2025-05-20,-1,0.2121888813486429,0.34860051248862717,0.0,-0.0
BBCA.JK,2025-05-21,-1,0.17934536105756577,0.6527559810934122,0.0,0.0
BBCA.JK,2025-05-22,0,0.18178045215914265,0.5106571182903381,0.0,-0.0
BBCA.JK,2025-05-23,-1,0.19759378596907473,0.2835648218088276,0.0,0.0
BBCA.JK,2025-05-26,0,0.20086352825982023,0.2254082802037807,0.0,-0.0
BBCA.JK,2025-05-27,-1,0.22009348429007,0.273357401127209,0.0,-0.0
BBCA.JK,2025-05-28,-1,0.20593948369933682,0.4556028768522662,0.0,-0.0
BBCA.JK,2025-06-02,0,0.17971279336931342,0.5420372817057306,0.0,-0.0
BBCA.JK,2025-06-03,0,0.17971279336931342,0.6611841274804388,0.0,-0.0
BBCA.JK,2025-06-04,0,0.17971279336931342,0.46884740628806537,0.0,-0.0
BBCA.JK,2025-06-05,0,0.1819559459248562,0.5526615403952553,0.0,-0.0
BBCA.JK,2025-06-10,0,0.18222539109082422,0.13849462922061198,0.0,0.0
BBCA.JK,2025-06-11,0,0.18261004520297164,0.2586027050750928,0.0,-0.0
BBCA.JK,2025-06-12,0,0.21301451099660182,0.11271505079322378,0.0,0.0
BBCA.JK,2025-06-13,0,0.21131188605754908,0.09762779420441993,0.0,-0.0
BBCA.JK,2025-06-16,0,0.2345711584204635,0.14312525225748984,0.0,-0.0
BBCA.JK,2025-06-17,0,0.22436262497141116,0.026161263071414642,0.0,0.0
BBCA.JK,2025-06-18,0,0.20505659302782714,0.09944612249482299,0.0,-0.0
BBCA.JK,2025-06-19,0,0.21730158359110696,0.059551760399870875,0.0,-0.0
BBCA.JK,2025-06-20,0,0.22212459086409286,0.0802817431677729,0.0,-0.0
BBCA.JK,2025-06-23,0,0.2426381927251341,0.02863366643944642,0.0,-0.0
BBCA.JK,2025-06-24,0,0.24516026520715137,0.020038359044048642,0.0,0.0
BBCA.JK,2025-06-25,0,0.24089816247225354,0.04844334045404034,0.0,-0.0
BBCA.JK,2025-06-26,0,0.24900088292920983,0.1393316440574725,0.0,0.0
BBCA.JK,2025-06-30,0,0.19812077744867115,0.03131795450504181,0.0,0.0
BBCA.JK,2025-07-01,0,0.20182999320945716,0.01138062686678307,0.0,0.0
BBCA.JK,2025-07-02,0,0.19970758023912752,0.05379333728073652,0.0,-0.0
BBCA.JK,2025-07-03,0,0.18772400720123483,0.07007310490214567,0.0,-0.0
BBCA.JK,2025-07-04,0,0.1816615501208224,0.0441607048000733,0.0,0.0
BBCA.JK,2025-07-07,0,0.18272518032314528,0.09309685125430754,0.0,-0.0
BBCA.JK,2025-07-08,0,0.18720794434977808,0.12518013280056048,0.0,-0.0
BBCA.JK,2025-07-09,0,0.19127409807461815,0.1413557404055023,0.0,0.0
BBCA.JK,2025-07-10,-1,0.1805384914296869,0.10864761455900744,0.0,0.0
BBCA.JK,2025-07-11,-1,0.21119281525087688,0.10199486573624818,0.0,0.0
BBCA.JK,2025-07-14,-1,0.18914996139448167,0.06467055015398561,0.0,-0.0
BBCA.JK,2025-07-15,-1,0.1970122603814321,0.033521285884088536,0.0,0.0
BBCA.JK,2025-07-16,-1,0.24516055189231237,0.07596457537101071,0.0,-0.0
BBCA.JK,2025-07-17,-1,0.2583384197378945,0.044408534962688644,0.0,0.0
BBCA.JK,2025-07-18,-1,0.2947439216561876,0.019410689788623117,0.0,-0.0
BBCA.JK,2025-07-21,-1,0.3014435930621974,0.08137824116378858,0.0,0.0
BBCA.JK,2025-07-22,-1,0.292735639735802,0.09000917741793635,0.0,-0.0
BBCA.JK,2025-07-23,-1,0.30390996478514726,0.09919178523502946,0.0,0.0
BBCA.JK,2025-07-24,-1,0.292567402841057,0.031360309808324785,0.0,0.0
BBCA.JK,2025-07-25,-1,0.27922034906845583,0.04422359106792289,0.0,-0.0
BBCA.JK,2025-07-28,-1,0.29181880353993783,0.014575112835970697,0.0,0.0
BBCA.JK,2025-07-29,-1,0.2900600035468039,0.021345193146667052,0.0,-0.0
BBCA.JK,2025-07-30,-1,0.30501367201057444,0.05546242320945983,0.0,-0.0
BBCA.JK,2025-07-31,-1,0.3071827478397137,0.060897508593029975,0.0,-0.0
BBCA.JK,2025-08-01,-1,0.32737873922575467,0.03473359527215177,0.0,0.0
BBCA.JK,2025-08-04,1,0.3911340807702524,0.052583648117989754,0.0,-0.0
BBCA.JK,2025-08-05,-1,0.3572936124154964,0.0032709344455727216,0.0,0.0
BBCA.JK,2025-08-06,1,0.3822419455863314,0.008051982708991092,0.0,-0.0
BBCA.JK,2025-08-07,-1,0.3812268975230093,0.01895275211050538,0.0,0.0
BBCA.JK,2025-08-08,1,0.4081361448895968,0.009121644553571376,0.0,0.0
BBCA.JK,2025-08-11,-1,0.2901430881679293,0.0023338720328022386,0.0,0.0
BBCA.JK,2025-08-12,-1,0.2594472022686788,0.029651612567415976,0.0,0.0
BBCA.JK,2025-08-13,-1,0.25144948051060095,0.07187014886011994,0.0,0.0
BBCA.JK,2025-08-14,-1,0.23348471937387966,0.03514551887842067,0.0,-0.0
BBCA.JK,2025-08-15,-1,0.23666422752663405,0.007379998683523308,0.0,-0.0
BBCA.JK,2025-08-19,-1,0.21179309724225356,0.052550744735585915,0.0,-0.0
BBCA.JK,2025-08-20,-1,0.20811506928442838,0.06764246652272349,0.0,0.0
BBCA.JK,2025-08-21,-1,0.21493291328347233,0.024471018993317648,0.0,0.0
BBCA.JK,2025-08-22,-1,0.215039005145122,0.03602730298042304,0.0,-0.0
BBCA.JK,2025-08-25,-1,0.2158876095055296,0.04988835535255587,0.0,0.0
BBCA.JK,2025-08-26,-1,0.21948449182810775,0.09868483722015288,0.0,-0.0
BBCA.JK,2025-08-27,-1,0.238230981421818,0.1157282913199518,0.0,0.0
BBCA.JK,2025-08-28,0,0.2131402313676271,0.08109055968913399,0.0,0.0
BBCA.JK,2025-08-29,0,0.21211337117005172,0.055268458707502216,0.0,-0.0
BBCA.JK,2025-09-01,0,0.21636121849736759,0.035839159242641604,0.0,-0.0
BBCA.JK,2025-09-02,0,0.21501226553931713,0.028847121741311085,0.0,0.0
BBCA.JK,2025-09-03,0,0.2159262197541177,0.10383968038119605,0.0,-0.0
BBCA.JK,2025-09-04,0,0.25599732835731487,0.03111506468534211,0.0,0.0
BBCA.JK,2025-09-08,0,0.21853794782694144,0.04785926757645342,0.0,-0.0
BBCA.JK,2025-09-09,0,0.22048365474077555,0.08186629171849501,0.0,-0.0
BBCA.JK,2025-09-10,0,0.20927324331834918,0.04098972312833547,0.0,0.0
BBCA.JK,2025-09-11,0,0.21561785883547072,0.038569113292336886,0.0,0.0
BBCA.JK,2025-09-12,0,0.21868812188717263,0.025254755873321585,0.0,0.0
BBCA.JK,2025-09-15,0,0.21110938395843387,0.008984624022652262,0.0,0.0
BBCA.JK,2025-09-16,0,0.21637661293612315,0.00899448240611094,0.0,-0.0
BBCA.JK,2025-09-17,0,0.21232471205195838,0.11642804133380463,0.0,-0.0
BBCA.JK,2025-09-18,0,0.21161891323512988,0.04086141883666719,0.0,-0.0
BBCA.JK,2025-09-19,0,0.20765434379253978,0.016044048167018134,0.0,0.0
BBCA.JK,2025-09-22,0,0.25704747036882375,0.036347336084300616,0.0,-0.0
BBCA.JK,2025-09-23,0,0.2530017519849656,0.003630800549065119,0.0,0.0
BBCA.JK,2025-09-24,0,0.22183533001527525,0.008798731878592855,0.0,-0.0
BBCA.JK,2025-09-25,0,0.22207770854408448,0.04375112421657905,0.0,-0.0
BBCA.JK,2025-09-26,0,0.26513674465597664,0.0564046623537816,0.0,-0.0
BBCA.JK,2025-09-29,0,0.25304178467350563,0.007042039117117222,0.0,0.0
BBCA.JK,2025-09-30,0,0.3502472313971371,0.06040391005726887,0.0,-0.0
BBCA.JK,2025-10-01,1,0.3703306873667694,0.08150377403362169,0.0,-0.0
BBCA.JK,2025-10-02,1,0.41697652815218755,0.07619213015781913,0.0,0.0
BBCA.JK,2025-10-03,1,0.41697652815218755,0.05342493083485053,0.0,0.0
BBCA.JK,2025-10-06,1,0.4261388376315057,0.11287891316191072,0.0,-0.0
BBCA.JK,2025-10-07,1,0.401941485605611,0.07231314355406268,0.0,0.0
BBCA.JK,2025-10-08,1,0.420427664510468,0.031144181016969422,0.0,-0.0
BBCA.JK,2025-10-09,1,0.3844241570441204,0.05803476109335047,0.0,0.0
BBCA.JK,2025-10-10,0,0.32590771321687223,0.020797012306005877,0.0,-0.0
BBCA.JK,2025-10-13,1,0.40097034523068414,0.12554988208364806,0.0,-0.0
BBCA.JK,2025-10-14,1,0.4108868990546918,0.2361831344624501,0.0,-0.0
BBCA.JK,2025-10-15,1,0.4157994834229492,0.1759732466629451,0.0,0.0
BBCA.JK,2025-10-16,1,0.38486628580662724,0.27293975964803163,0.0,0.0
BBCA.JK,2025-10-17,1,0.3847161160599257,0.020585257999827376,0.0,0.0
BBCA.JK,2025-10-20,0,0.24313124028642358,0.014504380759862222,0.0,0.0
BBCA.JK,2025-10-21,0,0.21465578915260738,0.04488820722459738,0.0,0.0
BBCA.JK,2025-10-22,0,0.22045759515409602,0.03670330113276741,0.0,-0.0
BBCA.JK,2025-10-23,0,0.21638131769443322,0.08289110712500541,0.0,0.0
BBCA.JK,2025-10-24,0,0.21980633313803208,0.023779477904550192,0.0,-0.0
BBCA.JK,2025-10-27,0,0.21655334486617858,0.02195118879442549,0.0,0.0
BBCA.JK,2025-10-28,0,0.21850324077147845,0.10065164746650351,0.0,-0.0
BBCA.JK,2025-10-29,0,0.21906665879569456,0.09876364384650467,0.0,0.0
BBCA.JK,2025-10-30,0,0.22175010904354117,0.04921464725584659,0.0,-0.0
BBCA.JK,2025-10-31,0,0.2220543167547198,0.04556316718675492,0.0,0.0
BBCA.JK,2025-11-03,0,0.2208251294129461,0.030956928945968038,0.0,0.0
BBCA.JK,2025-11-04,0,0.2306991493905953,0.06863869638088224,0.0,0.0
BBCA.JK,2025-11-05,0,0.22781731212584805,0.05341146839132959,0.0,0.0
BBCA.JK,2025-11-06,0,0.23483886850353133,0.10135079542009225,0.0,-0.0
BBCA.JK,2025-11-07,0,0.2256729719475569,0.07163783013444021,0.0,0.0
BBCA.JK,2025-11-10,0,0.23483886850353133,0.08367171523425362,0.0,-0.0
BBCA.JK,2025-11-11,0,0.30249825237539474,0.06388463435479665,0.0,-0.0
BBCA.JK,2025-11-12,0,0.32620595270235014,0.05602163848715025,0.0,0.0
BBCA.JK,2025-11-13,0,0.27119050694265506,0.1226873930311741,0.0,-0.0
BBCA.JK,2025-11-14,1,0.35868361381070263,0.11317505457549261,0.0,0.0
BBCA.JK,2025-11-17,-1,0.31069513222064765,0.040264184222652044,0.0,0.0
BBCA.JK,2025-11-18,0,0.3440807961284354,0.03993112539459874,0.0,-0.0
BBCA.JK,2025-11-19,0,0.3289608487787956,0.03989127419123955,0.0,0.0
BBCA.JK,2025-11-20,0,0.3387240360813701,0.046423949464648784,0.0,-0.0
BBCA.JK,2025-11-21,0,0.3424278999133802,0.10184768783610984,0.0,-0.0
BBCA.JK,2025-11-24,0,0.3190677523971083,0.04983388137136184,0.0,0.0
BBCA.JK,2025-11-25,0,0.3207996987451506,0.015247940771717339,0.0,0.0
BBCA.JK,2025-11-26,0,0.3242894173967912,0.007827182848674495,0.0,-0.0
BBCA.JK,2025-11-27,0,0.3258835850621921,0.011612306583476843,0.0,-0.0
BBCA.JK,2025-11-28,0,0.3234826733701187,0.042490507272382745,0.0,-0.0
BBCA.JK,2025-12-01,0,0.3093008201483369,0.010072291223200344,0.0,0.0
BBCA.JK,2025-12-02,0,0.3218012962658186,0.04405663657398363,0.0,-0.0
BBCA.JK,2025-12-03,0,0.3185025844263425,0.04985742578003677,0.0,-0.0
BBCA.JK,2025-12-04,0,0.34366962413225977,0.008102516642087047,0.0,-0.0
BBCA.JK,2025-12-05,0,0.3424033867743837,0.019693858406107937,0.0,0.0
BBCA.JK,2025-12-08,-1,0.3382592624944768,0.02444465571521817,0.0,0.0
BBCA.JK,2025-12-09,0,0.347215243336393,0.02888638240961776,0.0,-0.0
BBCA.JK,2025-12-10,0,0.34645935136677214,0.036959517815833474,0.0,-0.0
BBCA.JK,2025-12-11,0,0.34122020638026745,0.02833148991612587,0.0,-0.0
BBCA.JK,2025-12-12,0,0.3594696951902197,0.00950483509537333,0.0,0.0
BBCA.JK,2025-12-15,1,0.3664063781904253,0.007845245143251207,0.0,0.0
BBCA.JK,2025-12-16,0,0.27972719208025126,0.017371302849247188,0.0,-0.0
BBCA.JK,2025-12-17,0,0.28203204184680397,0.009637628965549927,0.0,-0.0
BBCA.JK,2025-12-18,0,0.22375312356418015,0.0031170683119073127,0.0,0.0
BBCA.JK,2025-12-19,0,0.2264066440164173,0.0391702948959554,0.0,-0.0
BBCA.JK,2025-12-22,0,0.2273048452194321,0.024318704548947204,0.0,0.0
BBCA.JK,2025-12-23,0,0.22890438512052239,0.01946882086571478,0.0,-0.0
BBCA.JK,2025-12-24,0,0.22977250541444616,0.03195518865976241,0.0,0.0
BBCA.JK,2025-12-29,0,0.22611864726982905,0.06762308580164869,0.0,0.0
BMRI.JK,2025-01-02,0,0.29356662099529635,0.5980427663168281,0.0,0.0
BMRI.JK,2025-01-03,0,0.2935363766454982,0.6179696573668844,0.0,-0.0
BMRI.JK,2025-01-06,0,0.30006650495363,0.3990799992128819,0.0,-0.0
BMRI.JK,2025-01-07,0,0.30871100309284766,0.4790333045397089,0.0,-0.0
BMRI.JK,2025-01-08,0,0.2970152105540313,0.2472413486712195,0.0,0.0
BMRI.JK,2025-01-09,0,0.29356662099529635,0.7205819694517147,0.0,0.0
BMRI.JK,2025-01-10,0,0.3028394149336387,0.18700304987339178,0.0,-0.0
BMRI.JK,2025-01-13,0,0.30871100309284766,0.24786325180921065,0.0,-0.0
BMRI.JK,2025-01-14,0,0.3042212178362433,0.2812795735548041,0.0,-0.0
BMRI.JK,2025-01-15,0,0.2955456249001065,0.5143313327206172,0.0,0.0
BMRI.JK,2025-01-16,0,0.2888253554713975,0.722141088595906,0.0,0.0
BMRI.JK,2025-01-17,0,0.2841396168622642,0.5316212338661871,0.0,0.0
BMRI.JK,2025-01-20,0,0.2888253554713975,0.7532043406718173,0.0,0.0
BMRI.JK,2025-01-21,0,0.2888253554713975,0.7469979057799454,0.0,0.0
BMRI.JK,2025-01-22,0,0.2879311303180974,0.8978632672927878,0.0,0.0
BMRI.JK,2025-01-23,0,0.29248360802549755,0.8706227322723671,0.0,0.0
BMRI.JK,2025-01-24,0,0.2958018931307617,0.8168772797465798,0.0,-0.0
BMRI.JK,2025-01-30,0,0.29046897641551583,0.785032457296461,0.0,-0.0
BMRI.JK,2025-01-31,0,0.2996640663545331,0.7117013540146987,0.0,-0.0
BMRI.JK,2025-02-03,0,0.30973468695498496,0.6356883653146419,0.0,-0.0
BMRI.JK,2025-02-04,0,0.31047499670850964,0.2976697848512035,0.0,-0.0
BMRI.JK,2025-02-05,0,0.30871100309284766,0.5897800657653162,0.0,-0.0
BMRI.JK,2025-02-06,0,0.2981475748097667,0.6168825805659219,0.0,-0.0
BMRI.JK,2025-02-07,0,0.2968576569596147,0.6148260887892213,0.0,0.0
BMRI.JK,2025-02-10,0,0.29913963915552205,0.5136306068310237,0.0,-0.0
BMRI.JK,2025-02-11,0,0.29913963915552205,0.6264589988326076,0.0,-0.0
BMRI.JK,2025-02-12,0,0.2968576569596147,0.6282167572144619,0.0,0.0
BMRI.JK,2025-02-13,0,0.28461224434103405,0.6408349814877037,0.0,0.0
BMRI.JK,2025-02-14,0,0.2868723939313922,0.9049606683902123,0.0,0.0
BMRI.JK,2025-02-17,0,0.2877785922828036,0.8067579972864347,0.0,0.0
BMRI.JK,2025-02-18,0,0.28396702708205995,0.6857414248202238,0.0,0.0
BMRI.JK,2025-02-19,0,0.29236910853470305,0.4223582145609796,0.0,-0.0
BMRI.JK,2025-02-20,0,0.3008623236299517,0.6321812931450184,0.0,-0.0
BMRI.JK,2025-02-21,0,0.3008623236299517,0.7381995769861022,0.0,-0.0
BMRI.JK,2025-02-24,0,0.3008623236299517,0.7825659997903338,0.0,-0.0
BMRI.JK,2025-02-25,0,0.29913963915552205,0.7903966877187955,0.0,-0.0
BMRI.JK,2025-02-26,0,0.2985966226675815,0.8869822227114574,0.0,0.0
BMRI.JK,2025-02-27,0,0.29913963915552205,0.5580094524781929,0.0,-0.0
BMRI.JK,2025-02-28,0,0.29913963915552205,0.6673191446477618,0.0,-0.0
BMRI.JK,2025-03-03,0,0.28794976460086324,0.5113343351487121,0.0,0.0
BMRI.JK,2025-03-04,0,0.2908823088192306,0.6143139688951702,0.0,-0.0
BMRI.JK,2025-03-05,0,0.2886131645237677,0.7028287976532228,0.0,0.0
BMRI.JK,2025-03-06,0,0.28794976460086324,0.6943568387868957,0.0,0.0
BMRI.JK,2025-03-07,0,0.29510333195044597,0.5569748515484458,0.0,-0.0
BMRI.JK,2025-03-10,0,0.29913963915552205,0.7507276560783137,0.0,-0.0
BMRI.JK,2025-03-11,0,0.2968576569596147,0.8003137443925944,0.0,0.0
BMRI.JK,2025-03-12,0,0.28830326421383295,0.6810563355701592,0.0,0.0
BMRI.JK,2025-03-13,0,0.29510333195044597,0.7534670891337344,0.0,-0.0
BMRI.JK,2025-03-14,0,0.2928403539274236,0.7462077813411845,0.0,0.0
BMRI.JK,2025-03-17,0,0.3035871515294636,0.6544627802387238,0.0,-0.0
BMRI.JK,2025-03-18,0,0.29913963915552205,0.5717625013434182,0.0,-0.0
BMRI.JK,2025-03-19,0,0.29402347631961745,0.1984624536173277,0.0,0.0
BMRI.JK,2025-03-20,0,0.30119006443447716,0.38566450502499805,0.0,-0.0
BMRI.JK,2025-03-21,0,0.29913963915552205,0.4693153640913987,0.0,-0.0
BMRI.JK,2025-03-24,0,0.2968576569596147,0.6868529657924004,0.0,0.0
BMRI.JK,2025-03-25,0,0.2829925418728181,0.7723823014803958,0.0,0.0
BMRI.JK,2025-03-26,0,0.2869542159039251,0.764090931857246,0.0,0.0
BMRI.JK,2025-03-27,0,0.2869542159039251,0.7506297571733412,0.0,0.0
BMRI.JK,2025-04-08,0,0.2985657475750877,0.43763246719542115,0.0,-0.0
BMRI.JK,2025-04-09,0,0.2962286248195158,0.3800498030346629,0.0,0.0
BMRI.JK,2025-04-10,0,0.2896693809695599,0.5754583674869692,0.0,0.0
BMRI.JK,2025-04-11,0,0.2869542159039251,0.7062670441418974,0.0,0.0
BMRI.JK,2025-04-14,0,0.2869542159039251,0.843454131709624,0.0,0.0
BMRI.JK,2025-04-15,0,0.28926325530157904,0.8750042725155008,0.0,-0.0
BMRI.JK,2025-04-16,0,0.28950273742990634,0.7190820097520804,0.0,-0.0
BMRI.JK,2025-04-17,0,0.2935725327469938,0.8557171143061234,0.0,-0.0
BMRI.JK,2025-04-21,0,0.2900634629332545,0.8393225619457069,0.0,0.0
BMRI.JK,2025-04-22,0,0.28186260451127193,0.9350947187403805,0.0,0.0
BMRI.JK,2025-04-23,0,0.2798753921083618,0.8705346217970652,0.0,0.0
BMRI.JK,2025-04-24,0,0.2798753921083618,0.9499253022086885,0.0,-0.0
BMRI.JK,2025-04-25,0,0.28415261206234765,0.9136516998088972,0.0,0.0
BMRI.JK,2025-04-28,0,0.27819759795841215,0.7519410850163603,0.0,0.0
BMRI.JK,2025-04-29,0,0.28039069757244484,0.7605012741465482,0.0,0.0
BMRI.JK,2025-04-30,0,0.2776217253776585,0.5446966824638635,0.0,-0.0
BMRI.JK,2025-05-02,0,0.2742014783612378,0.598989278263043,0.0,0.0
BMRI.JK,2025-05-05,0,0.27819759795841215,0.35689524133884504,0.0,0.0
BMRI.JK,2025-05-06,0,0.276411974030599,0.8251091943018037,0.0,0.0
BMRI.JK,2025-05-07,0,0.2742014783612378,0.35774959090022035,0.0,-0.0
BMRI.JK,2025-05-08,0,0.29387383316171095,0.10992212239817002,0.0,-0.0
BMRI.JK,2025-05-09,0,0.29576989749632715,0.3088625012320341,0.0,-0.0
BMRI.JK,2025-05-14,0,0.27596484001572547,0.278377612846253,0.0,0.0
BMRI.JK,2025-05-15,0,0.2746603780047528,0.3718830665757449,0.0,0.0
BMRI.JK,2025-05-16,0,0.2807500967683978,0.7244663195891305,0.0,0.0
BMRI.JK,2025-05-19,0,0.2797041718596403,0.5720534219757115,0.0,0.0
BMRI.JK,2025-05-20,0,0.2797041718596403,0.5715064164918837,0.0,-0.0
BMRI.JK,2025-05-21,0,0.277596146032999,0.381164872256804,0.0,0.0
BMRI.JK,2025-05-22,0,0.2815648919459535,0.7390166596371159,0.0,0.0
BMRI.JK,2025-05-23,0,0.2802757564569026,0.7212323156597498,0.0,-0.0
BMRI.JK,2025-05-26,0,0.27393225717684144,0.5930076457336603,0.0,0.0
BMRI.JK,2025-05-27,0,0.28030259230160465,0.8502948952475706,0.0,-0.0
BMRI.JK,2025-05-28,0,0.2780027967917836,0.5056946881065821,0.0,-0.0
BMRI.JK,2025-06-02,0,0.2890645206066857,0.3805948296742901,0.0,-0.0
BMRI.JK,2025-06-03,0,0.2934249525364766,0.32095526171487704,0.0,-0.0
BMRI.JK,2025-06-04,0,0.29743200715615303,0.4849535375339184,0.0,-0.0
BMRI.JK,2025-06-05,0,0.28962572636527223,0.48645866477568045,0.0,0.0
BMRI.JK,2025-06-10,0,0.2798311920518847,0.5823576874063988,0.0,0.0
BMRI.JK,2025-06-11,0,0.2778738847414766,0.9585452538349786,0.0,-0.0
BMRI.JK,2025-06-12,0,0.28191124353406577,0.9515049773151988,0.0,-0.0
BMRI.JK,2025-06-13,0,0.2915960798585679,0.7757746605036924,0.0,-0.0
BMRI.JK,2025-06-16,0,0.2894444965893841,0.8775816284669872,0.0,0.0
BMRI.JK,2025-06-17,0,0.2943285723080298,0.8308574564698835,0.0,-0.0
BMRI.JK,2025-06-18,0,0.2957929031926939,0.8065442537424625,0.0,-0.0
BMRI.JK,2025-06-19,0,0.29782341112377136,0.532946287293519,0.0,-0.0
BMRI.JK,2025-06-20,0,0.2967330464849411,0.5847238458367255,0.0,-0.0
BMRI.JK,2025-06-23,0,0.2945700771313486,0.6216423445692609,0.0,-0.0
BMRI.JK,2025-06-24,0,0.2904850491270272,0.5590338619518165,0.0,0.0
BMRI.JK,2025-06-25,0,0.302790305345754,0.482183216555009,0.0,-0.0
BMRI.JK,2025-06-26,0,0.2869987931459838,0.4363091559825597,0.0,0.0
BMRI.JK,2025-06-30,0,0.2908984638464796,0.42224221486068025,0.0,-0.0
BMRI.JK,2025-07-01,0,0.2965374981167026,0.36566176948810764,0.0,-0.0
BMRI.JK,2025-07-02,0,0.2992944437417986,0.42618659174965096,0.0,0.0
BMRI.JK,2025-07-03,0,0.3016141898514122,0.36340324008922564,0.0,-0.0
BMRI.JK,2025-07-04,0,0.29517847038205297,0.6071605575830212,0.0,0.0
BMRI.JK,2025-07-07,0,0.29063458541651266,0.5389912946274915,0.0,0.0
BMRI.JK,2025-07-08,0,0.2974798584227147,0.5110688225190901,0.0,-0.0
BMRI.JK,2025-07-09,0,0.30568251940841584,0.43328882716654765,0.0,-0.0
BMRI.JK,2025-07-10,0,0.2929695936463921,0.8886729489938393,0.0,0.0
BMRI.JK,2025-07-11,0,0.29495593474677445,0.4114121626712124,0.0,0.0
BMRI.JK,2025-07-14,0,0.2974798584227147,0.5693548318424551,0.0,-0.0
BMRI.JK,2025-07-15,0,0.2992944437417986,0.577348888186636,0.0,0.0
BMRI.JK,2025-07-16,0,0.2968576569596147,0.603609352473856,0.0,-0.0
BMRI.JK,2025-07-17,0,0.2928403539274236,0.6124083217246522,0.0,0.0
BMRI.JK,2025-07-18,0,0.2863256114431194,0.7208093827008275,0.0,0.0
BMRI.JK,2025-07-21,0,0.321042369791247,0.6192657429267601,0.0,-0.0
BMRI.JK,2025-07-22,0,0.32535251176983093,0.6834043121003246,0.0,-0.0
BMRI.JK,2025-07-23,0,0.33901336806611254,0.6484059296180675,0.0,0.0
BMRI.JK,2025-07-24,0,0.3280978770941098,0.4436657299425074,0.0,0.0
BMRI.JK,2025-07-25,1,0.35798360002251906,0.2688529160496265,0.0,-0.0
BMRI.JK,2025-07-28,0,0.2895588627764286,0.36105584168599436,0.0,0.0
BMRI.JK,2025-07-29,1,0.3419933167954793,0.1438039822675698,0.0,0.0
BMRI.JK,2025-07-30,1,0.3519478623524662,0.2887709724380897,0.0,-0.0
BMRI.JK,2025-07-31,1,0.3728901660633149,0.5302283989091423,0.0,-0.0
BMRI.JK,2025-08-01,1,0.36103859564092833,0.6439912012601368,0.0,0.0
BMRI.JK,2025-08-04,0,0.33001941159091963,0.6858363320682603,1.0,0.018367573820076866
BMRI.JK,2025-08-05,-1,0.3251917510943493,0.44027630409838003,0.0,-0.0025
BMRI.JK,2025-08-06,1,0.33683930389117267,0.4730418718365372,0.0,-0.0
BMRI.JK,2025-08-07,0,0.3266950245205117,0.6065787702894765,0.0,-0.0
BMRI.JK,2025-08-08,-1,0.3429908154036368,0.3097283979688201,0.0,-0.0
BMRI.JK,2025-08-11,1,0.34984876898924205,0.12094273431491769,0.0,0.0
BMRI.JK,2025-08-12,1,0.3581913621146774,0.5751433302856392,0.0,0.0
BMRI.JK,2025-08-13,-1,0.34101554793437117,0.5251574802517788,0.0,-0.0
BMRI.JK,2025-08-14,-1,0.33881718275289924,0.6894730981193845,0.0,-0.0
BMRI.JK,2025-08-15,-1,0.32482937272999984,0.310932380703345,0.0,0.0
BMRI.JK,2025-08-19,-1,0.33031854876253824,0.11477181329220776,0.0,-0.0
BMRI.JK,2025-08-20,0,0.29129585785941847,0.5008247094661071,0.0,0.0
BMRI.JK,2025-08-21,0,0.28411453088970856,0.6871332985969908,0.0,-0.0
BMRI.JK,2025-08-22,0,0.30932862172050524,0.8812355502451773,0.0,-0.0
BMRI.JK,2025-08-25,0,0.3112980632083054,0.7049495310679457,0.0,0.0
BMRI.JK,2025-08-26,0,0.31553822194294895,0.6841569832284015,0.0,-0.0
BMRI.JK,2025-08-27,0,0.30983244986657055,0.43202850375084384,0.0,-0.0
BMRI.JK,2025-08-28,0,0.3109122713103566,0.27197998028643056,0.0,-0.0
BMRI.JK,2025-08-29,0,0.3250935893885975,0.2874836140887155,0.0,-0.0
BMRI.JK,2025-09-01,0,0.2979247961385875,0.7547731340645012,0.0,-0.0
BMRI.JK,2025-09-02,0,0.2927332993897343,0.6502545034128991,0.0,-0.0
BMRI.JK,2025-09-03,0,0.29204037719588716,0.8089988600171427,0.0,0.0
BMRI.JK,2025-09-04,0,0.2860243159403445,0.8921365114811713,0.0,0.0
BMRI.JK,2025-09-08,0,0.3035871515294636,0.6085893827014617,0.0,-0.0
BMRI.JK,2025-09-09,0,0.3035871515294636,0.6117331018851467,0.0,-0.0
BMRI.JK,2025-09-10,0,0.2968576569596147,0.6639221279437241,0.0,0.0
BMRI.JK,2025-09-11,0,0.2862474993040572,0.6944192858099463,0.0,0.0
BMRI.JK,2025-09-12,0,0.2820336552199428,0.8024088462322005,0.0,0.0
BMRI.JK,2025-09-15,0,0.28112853143546573,0.751542072519215,0.0,0.0
BMRI.JK,2025-09-16,0,0.28095907954222377,0.6793975211925424,0.0,-0.0
BMRI.JK,2025-09-17,0,0.27886249719884737,0.6821878970113043,0.0,0.0
BMRI.JK,2025-09-18,0,0.29655077846987343,0.6861182526053271,0.0,-0.0
BMRI.JK,2025-09-19,0,0.29913963915552205,0.7386322698825908,0.0,-0.0
BMRI.JK,2025-09-22,0,0.2986507229377792,0.7817461738706379,0.0,0.0
BMRI.JK,2025-09-23,0,0.29612914920461914,0.6713426498836907,0.0,-0.0
BMRI.JK,2025-09-24,0,0.29272169829699907,0.6086431161300753,0.0,-0.0
BMRI.JK,2025-09-25,0,0.3051285823512563,0.5913476146770913,0.0,-0.0
BMRI.JK,2025-09-26,1,0.33814374809977626,0.36512450790555667,0.0,0.0
BMRI.JK,2025-09-29,1,0.3542337462324564,0.14295175024191933,0.0,-0.0
BMRI.JK,2025-09-30,1,0.35519277965742024,0.12215729470748449,0.0,0.0
BMRI.JK,2025-10-01,1,0.3501673290787107,0.7506168296388831,0.0,-0.0
BMRI.JK,2025-10-02,1,0.3576387821119332,0.7948194244899157,1.0,-0.0060661733043749205
BMRI.JK,2025-10-03,1,0.3599654074806129,0.6765660611764157,1.0,-0.01146798666162474
BMRI.JK,2025-10-06,1,0.3565012936923107,0.5816582789166137,1.0,-0.011600963202491155
BMRI.JK,2025-10-07,1,0.3587495816728767,0.46054443919066246,0.0,-0.0025
BMRI.JK,2025-10-08,1,0.38551954080347506,0.426219976949913,0.0,-0.0
BMRI.JK,2025-10-09,1,0.35899707487176236,0.19481160003898443,0.0,0.0
BMRI.JK,2025-10-10,1,0.3686704261096372,0.38049006376620975,0.0,-0.0
BMRI.JK,2025-10-13,1,0.3643858907445048,0.3712628790707163,0.0,-0.0
BMRI.JK,2025-10-14,1,0.37824155728698816,0.41029729604037135,0.0,-0.0
BMRI.JK,2025-10-15,1,0.3767666162752304,0.3728287113055943,0.0,-0.0
BMRI.JK,2025-10-16,1,0.3801916323845446,0.6224515345800499,0.0,0.0
BMRI.JK,2025-10-17,1,0.3492989420055629,0.6192152863136487,1.0,-0.011279940072395132
BMRI.JK,2025-10-20,0,0.29058210820074437,0.8159474574807561,1.0,0.061728375757589715
BMRI.JK,2025-10-21,0,0.2857031434139792,0.7729863929793886,0.0,-0.0025
BMRI.JK,2025-10-22,0,0.28792658360181733,0.48874189859889444,0.0,-0.0
BMRI.JK,2025-10-23,0,0.2857031434139792,0.687487956337793,0.0,0.0
BMRI.JK,2025-10-24,0,0.2869542159039251,0.7414532989412086,0.0,0.0
BMRI.JK,2025-10-27,0,0.28926325530157904,0.9488765383123531,0.0,-0.0
BMRI.JK,2025-10-28,0,0.2869542159039251,0.8976367944279156,0.0,0.0
BMRI.JK,2025-10-29,0,0.2869542159039251,0.7541980803257076,0.0,0.0
BMRI.JK,2025-10-30,0,0.28493795470271793,0.7702069360823305,0.0,0.0
BMRI.JK,2025-10-31,0,0.2880362383261278,0.8215435406135947,0.0,-0.0
BMRI.JK,2025-11-03,0,0.29007747343144286,0.7976107879987188,0.0,0.0
BMRI.JK,2025-11-04,0,0.2897925058113118,0.4415124871231142,0.0,-0.0
BMRI.JK,2025-11-05,0,0.29007747343144286,0.718462815558864,0.0,0.0
BMRI.JK,2025-11-06,0,0.2860861895614021,0.6851832880631429,0.0,-0.0
BMRI.JK,2025-11-07,0,0.2838742451679079,0.5465009729995289,0.0,0.0
BMRI.JK,2025-11-10,0,0.29366609128420285,0.7349498195496224,0.0,-0.0
BMRI.JK,2025-11-11,0,0.29237613847595817,0.44624531253794714,0.0,-0.0
BMRI.JK,2025-11-12,0,0.27971459856447023,0.3421360751811157,0.0,0.0
BMRI.JK,2025-11-13,0,0.2950186893031549,0.3800240272844541,0.0,-0.0
BMRI.JK,2025-11-14,0,0.2950186893031549,0.4859362831851957,0.0,0.0
BMRI.JK,2025-11-17,0,0.3184375121719802,0.049907278004593145,0.0,0.0
BMRI.JK,2025-11-18,0,0.3168845646925658,0.2624141032522577,0.0,-0.0
BMRI.JK,2025-11-19,0,0.3124293978600606,0.3103977081250335,0.0,0.0
BMRI.JK,2025-11-20,0,0.3209797496134821,0.48199063529133035,0.0,0.0
BMRI.JK,2025-11-21,0,0.3251047695695908,0.2959006410513142,0.0,0.0
BMRI.JK,2025-11-24,0,0.31386988645253117,0.25877428027141863,0.0,0.0
BMRI.JK,2025-11-25,0,0.3251047695695908,0.22511446079549738,0.0,-0.0
BMRI.JK,2025-11-26,0,0.3251047695695908,0.2771272846331695,0.0,0.0
BMRI.JK,2025-11-27,0,0.2887125967109216,0.011798618317218797,0.0,-0.0
BMRI.JK,2025-11-28,0,0.2887125967109216,0.025737085066428293,0.0,-0.0
BMRI.JK,2025-12-01,0,0.29488467399734924,0.09892506863452784,0.0,0.0
BMRI.JK,2025-12-02,0,0.28639166246418246,0.325040981379198,0.0,-0.0
BMRI.JK,2025-12-03,0,0.28510996092571067,0.1911542418241796,0.0,0.0
BMRI.JK,2025-12-04,0,0.2890248926188872,0.3175587680081834,0.0,0.0
BMRI.JK,2025-12-05,0,0.28221172551264534,0.1927532953263519,0.0,-0.0
BMRI.JK,2025-12-08,0,0.2890248926188872,0.3965877943849554,0.0,0.0
BMRI.JK,2025-12-09,0,0.3032368713412443,0.07931626796388537,0.0,-0.0
BMRI.JK,2025-12-10,0,0.2972790936642836,0.3997973924989131,0.0,0.0
BMRI.JK,2025-12-11,0,0.30268279268693804,0.14096822052885782,0.0,-0.0
BMRI.JK,2025-12-12,0,0.31836068554071567,0.7261642275141827,0.0,-0.0
BMRI.JK,2025-12-15,0,0.3100843762720551,0.11489622690759463,0.0,0.0
BMRI.JK,2025-12-16,0,0.305323672946817,0.08256261175975571,0.0,0.0
BMRI.JK,2025-12-17,0,0.31268446102850916,0.27043674809269475,0.0,0.0
BMRI.JK,2025-12-18,0,0.2982268571592386,0.22472817651612662,0.0,0.0
BMRI.JK,2025-12-19,0,0.2982268571592386,0.6941321311148739,0.0,0.0
BMRI.JK,2025-12-22,0,0.3018057086043278,0.3758660092345133,0.0,-0.0
BMRI.JK,2025-12-23,0,0.30587491186784016,0.15600772399705248,0.0,-0.0
BMRI.JK,2025-12-24,0,0.3034371733338462,0.11814560915893405,0.0,0.0
BMRI.JK,2025-12-29,0,0.29268974198631464,0.05244633220081772,0.0,0.0
BBRI.JK,2025-01-02,-1,0.2853886058292343,0.2774719114237347,0.0,0.0
BBRI.JK,2025-01-03,-1,0.303812292349629,0.10441123776376268,0.0,-0.0
BBRI.JK,2025-01-06,-1,0.303812292349629,0.139518741169015,0.0,-0.0
BBRI.JK,2025-01-07,-1,0.32816204333520627,0.15598639338847672,0.0,-0.0
BBRI.JK,2025-01-08,-1,0.3072296961525833,0.06267251333393924,0.0,0.0
BBRI.JK,2025-01-09,-1,0.31118984155362023,0.02990826314136108,0.0,-0.0
BBRI.JK,2025-01-10,-1,0.3099631923027186,0.019617575824742575,0.0,-0.0
BBRI.JK,2025-01-13,-1,0.32953361856838687,0.2234050905199843,0.0,-0.0
BBRI.JK,2025-01-14,0,0.32290599958922844,0.31120385453277677,0.0,-0.0
BBRI.JK,2025-01-15,-1,0.3148990383762737,0.04291103898666136,0.0,0.0
BBRI.JK,2025-01-16,0,0.31935686914192124,0.05005674648891867,0.0,0.0
BBRI.JK,2025-01-17,-1,0.30451353612956034,0.04822893404385624,0.0,-0.0
BBRI.JK,2025-01-20,-1,0.2863321397083476,0.11023314085776816,0.0,0.0
BBRI.JK,2025-01-21,-1,0.2902909239827096,0.05634000510254941,0.0,0.0
BBRI.JK,2025-01-22,-1,0.2828210368163167,0.025783868034669914,0.0,0.0
BBRI.JK,2025-01-23,-1,0.28584142534798984,0.06417311604255162,0.0,0.0
BBRI.JK,2025-01-24,-1,0.286979972047597,0.21298435272877247,0.0,-0.0
BBRI.JK,2025-01-30,-1,0.28201703851677234,0.09230299824512432,0.0,-0.0
BBRI.JK,2025-01-31,-1,0.27418849014158087,0.224030813392189,0.0,0.0
BBRI.JK,2025-02-03,-1,0.2710391693235609,0.084458296965355,0.0,0.0
BBRI.JK,2025-02-04,-1,0.2683774139799216,0.022684704657210737,0.0,0.0
BBRI.JK,2025-02-05,0,0.26798305155584623,0.019402172034592817,0.0,-0.0
BBRI.JK,2025-02-06,0,0.2777094018061423,0.08253951954896739,0.0,-0.0
BBRI.JK,2025-02-07,-1,0.2692392901499467,0.012881565021006918,0.0,0.0
BBRI.JK,2025-02-10,0,0.2654817442902037,0.04872887014910043,0.0,-0.0
BBRI.JK,2025-02-11,0,0.2772253682949595,0.03714758585692001,0.0,0.0
BBRI.JK,2025-02-12,0,0.28450188480309335,0.04640865624352496,0.0,0.0
BBRI.JK,2025-02-13,0,0.2886882708677942,0.020169784502754372,0.0,-0.0
BBRI.JK,2025-02-14,0,0.304743690486137,0.08243295295901464,0.0,-0.0
BBRI.JK,2025-02-17,0,0.29717075929778364,0.02352551841387172,0.0,0.0
BBRI.JK,2025-02-18,0,0.30197978602092923,0.004741398181003218,0.0,0.0
BBRI.JK,2025-02-19,0,0.2870240602300397,0.014418474520288983,0.0,-0.0
BBRI.JK,2025-02-20,0,0.29086855292947333,0.08727911192937142,0.0,-0.0
BBRI.JK,2025-02-21,0,0.28239627552934626,0.09575916370808382,0.0,-0.0
BBRI.JK,2025-02-24,0,0.2889165857878963,0.07225453604908624,0.0,0.0
BBRI.JK,2025-02-25,0,0.2868861211810027,0.19296173202344896,0.0,-0.0
BBRI.JK,2025-02-26,0,0.29002648504136763,0.1304344813709249,0.0,0.0
BBRI.JK,2025-02-27,0,0.28541334271234753,0.4126588261444415,0.0,-0.0
BBRI.JK,2025-02-28,0,0.2839143241226669,0.4126588261444415,0.0,-0.0
BBRI.JK,2025-03-03,0,0.28788101570618285,0.2667065919560194,0.0,0.0
BBRI.JK,2025-03-04,0,0.27664702483093173,0.12339446861447426,0.0,0.0
BBRI.JK,2025-03-05,0,0.2841547926934269,0.06479741934361871,0.0,0.0
BBRI.JK,2025-03-06,0,0.28585944094711835,0.0052909323728217335,0.0,0.0
BBRI.JK,2025-03-07,0,0.2766959490721608,0.022425167213585062,0.0,-0.0
BBRI.JK,2025-03-10,0,0.2766959490721608,0.14771162677799932,0.0,-0.0
BBRI.JK,2025-03-11,0,0.2766959490721608,0.054475131002503854,0.0,0.0
BBRI.JK,2025-03-12,0,0.2766959490721608,0.017776608890247923,0.0,0.0
BBRI.JK,2025-03-13,0,0.2867556526033575,0.12870597230788663,0.0,-0.0
BBRI.JK,2025-03-14,0,0.28279830942055617,0.15679805706737432,0.0,-0.0
BBRI.JK,2025-03-17,0,0.28664505449955874,0.09700864225826397,0.0,0.0
BBRI.JK,2025-03-18,0,0.2820177142310847,0.07267556677189586,0.0,-0.0
BBRI.JK,2025-03-19,0,0.2859684895572957,0.02164629252132501,0.0,0.0
BBRI.JK,2025-03-20,0,0.2825538650179362,0.012828469770657481,0.0,-0.0
BBRI.JK,2025-03-21,0,0.2961025428370431,0.02504347443055534,0.0,0.0
BBRI.JK,2025-03-24,0,0.2852056660811125,0.047519857657750894,0.0,-0.0
BBRI.JK,2025-03-25,0,0.2863996927813613,0.007080822068348118,0.0,0.0
BBRI.JK,2025-03-26,0,0.298930221094471,0.052936872356552915,0.0,0.0
BBRI.JK,2025-03-27,0,0.29405849842681075,0.05189460506246274,0.0,0.0
BBRI.JK,2025-04-08,0,0.2961025428370431,0.1072780683214407,0.0,-0.0
BBRI.JK,2025-04-09,0,0.2885357397371801,0.03104476025467583,0.0,-0.0
BBRI.JK,2025-04-10,0,0.28988793031841076,0.02462222340630992,0.0,0.0
BBRI.JK,2025-04-11,0,0.28197522942076747,0.009991993677076386,0.0,0.0
BBRI.JK,2025-04-14,0,0.2828651135140708,0.03815790960470087,0.0,0.0
BBRI.JK,2025-04-15,0,0.2840604738894672,0.04754946128215511,0.0,0.0
BBRI.JK,2025-04-16,0,0.2801257171485786,0.12664618396621988,0.0,-0.0
BBRI.JK,2025-04-17,0,0.2801257171485786,0.01716489337303213,0.0,-0.0
BBRI.JK,2025-04-21,0,0.28275469038481155,0.01734048406328596,0.0,-0.0
BBRI.JK,2025-04-22,0,0.28432515417773774,0.015167171891950479,0.0,0.0
BBRI.JK,2025-04-23,0,0.3004717368418817,0.10106242688902102,0.0,0.0
BBRI.JK,2025-04-24,0,0.2862079839769804,0.029312490812231914,0.0,-0.0
BBRI.JK,2025-04-25,0,0.2802711775423508,0.027708447743028067,0.0,0.0
BBRI.JK,2025-04-28,0,0.2837041953479093,0.08501725423434704,0.0,0.0
BBRI.JK,2025-04-29,0,0.2897037658478832,0.12008882780218703,0.0,0.0
BBRI.JK,2025-04-30,0,0.2897037658478832,0.08915124894094088,0.0,0.0
BBRI.JK,2025-05-02,-1,0.27704595350059397,0.17448082058771563,0.0,0.0
BBRI.JK,2025-05-05,-1,0.27704595350059397,0.1818286315345556,0.0,-0.0
BBRI.JK,2025-05-06,-1,0.2786986094091054,0.4715644464051165,0.0,0.0
BBRI.JK,2025-05-07,-1,0.2774138269965496,0.3951316651902282,0.0,0.0
BBRI.JK,2025-05-08,-1,0.2957563116853899,0.016153811044724613,0.0,-0.0
BBRI.JK,2025-05-09,-1,0.2941932543312841,0.013798917345228789,0.0,0.0
BBRI.JK,2025-05-14,-1,0.3059020603174446,0.14712548369045625,0.0,0.0
BBRI.JK,2025-05-15,-1,0.29559809703710477,0.17170001724248282,0.0,0.0
BBRI.JK,2025-05-16,-1,0.2948241960591054,0.13525433428353753,0.0,-0.0
BBRI.JK,2025-05-19,-1,0.29303610279820524,0.11952219163829529,0.0,-0.0
BBRI.JK,2025-05-20,-1,0.2996757556189463,0.7307113984852834,0.0,-0.0
BBRI.JK,2025-05-21,-1,0.2963064380778341,0.6321123975204865,0.0,0.0
BBRI.JK,2025-05-22,-1,0.2963064380778341,0.6045908740836465,0.0,0.0
BBRI.JK,2025-05-23,-1,0.29451310960805976,0.32062674229491894,0.0,0.0
BBRI.JK,2025-05-26,-1,0.29451310960805976,0.4701003870052811,0.0,-0.0
BBRI.JK,2025-05-27,-1,0.2963064380778341,0.4996628467738779,0.0,0.0
BBRI.JK,2025-05-28,-1,0.2850215354934921,0.49538344836510106,0.0,0.0
BBRI.JK,2025-06-02,-1,0.283081266982215,0.21258055985855953,0.0,-0.0
BBRI.JK,2025-06-03,-1,0.28232700173749536,0.09013192844632892,0.0,0.0
BBRI.JK,2025-06-04,0,0.27777363734179544,0.036372305442712215,0.0,-0.0
BBRI.JK,2025-06-05,0,0.27777363734179544,0.05397956046475895,0.0,0.0
BBRI.JK,2025-06-10,0,0.27674327191897363,0.048018591911341856,0.0,0.0
BBRI.JK,2025-06-11,0,0.26853503911330273,0.07480055010020811,0.0,-0.0
BBRI.JK,2025-06-12,0,0.2717104995355381,0.0354953585527822,0.0,0.0
BBRI.JK,2025-06-13,-1,0.2829797924066058,0.01551567653966163,0.0,-0.0
BBRI.JK,2025-06-16,0,0.27994852487679134,0.016496955447205683,0.0,-0.0
BBRI.JK,2025-06-17,0,0.28725550907971936,0.011377593104986445,0.0,-0.0
BBRI.JK,2025-06-18,0,0.28766160531081925,0.036368770010026225,0.0,-0.0
BBRI.JK,2025-06-19,0,0.29432710947922236,0.10583016817185821,0.0,-0.0
BBRI.JK,2025-06-20,0,0.29432710947922236,0.0650537683660347,0.0,-0.0
BBRI.JK,2025-06-23,0,0.2935551493173841,0.11448790813288696,0.0,-0.0
BBRI.JK,2025-06-24,0,0.30463415042281455,0.06865967428733845,0.0,0.0
BBRI.JK,2025-06-25,0,0.30146964368160106,0.04440541698458094,0.0,-0.0
BBRI.JK,2025-06-26,0,0.30050967657988903,0.00825883073490755,0.0,0.0
BBRI.JK,2025-06-30,0,0.3101707266757083,0.03859843029719632,0.0,-0.0
BBRI.JK,2025-07-01,0,0.3059935680146611,0.07555466797211538,0.0,-0.0
BBRI.JK,2025-07-02,0,0.31289721824614275,0.08023526127422972,0.0,-0.0
BBRI.JK,2025-07-03,0,0.32259220697169017,0.031046238343420473,0.0,0.0
BBRI.JK,2025-07-04,0,0.30486530858493255,0.029165300661876038,0.0,-0.0
BBRI.JK,2025-07-07,0,0.30605013109472823,0.17920142340721995,0.0,0.0
BBRI.JK,2025-07-08,0,0.30266299453424816,0.27560683441638656,0.0,-0.0
BBRI.JK,2025-07-09,0,0.2946371476796021,0.5081527517288874,0.0,0.0
BBRI.JK,2025-07-10,0,0.33504852129893314,0.06322889110312242,0.0,0.0
BBRI.JK,2025-07-11,1,0.3405032242247549,0.05391376182146597,0.0,0.0
BBRI.JK,2025-07-14,1,0.3409259102874272,0.10623827174742315,0.0,-0.0
BBRI.JK,2025-07-15,-1,0.3217273214576643,0.12342356683182137,0.0,0.0
BBRI.JK,2025-07-16,-1,0.31684258781834024,0.10080809920487069,0.0,0.0
BBRI.JK,2025-07-17,-1,0.2984039420230105,0.06759176099191132,0.0,0.0
BBRI.JK,2025-07-18,-1,0.31537021900838696,0.19864508425508737,0.0,-0.0
BBRI.JK,2025-07-21,-1,0.3145876570059923,0.04244851925542686,0.0,-0.0
BBRI.JK,2025-07-22,-1,0.3145876570059923,0.14457933319244679,0.0,0.0
BBRI.JK,2025-07-23,-1,0.3318068990004826,0.009482979666698085,0.0,-0.0
BBRI.JK,2025-07-24,-1,0.31560544547877145,0.057184158444695175,0.0,0.0
BBRI.JK,2025-07-25,-1,0.3206229242240366,0.05413248460848583,0.0,-0.0
BBRI.JK,2025-07-28,-1,0.3245310276096515,0.09053149121416232,0.0,0.0
BBRI.JK,2025-07-29,-1,0.31956162576376196,0.08138562505793569,0.0,-0.0
BBRI.JK,2025-07-30,-1,0.3206811320002987,0.04656065628236827,0.0,-0.0
BBRI.JK,2025-07-31,-1,0.3241273942276342,0.04008827276887098,0.0,-0.0
BBRI.JK,2025-08-01,-1,0.3279972172047604,0.04376196646654267,0.0,0.0
BBRI.JK,2025-08-04,-1,0.33267027376912933,0.08223500069468695,0.0,-0.0
BBRI.JK,2025-08-05,-1,0.32301053156075443,0.044416166488919225,0.0,0.0
BBRI.JK,2025-08-06,0,0.32524323170519376,0.024241013195571846,0.0,-0.0
BBRI.JK,2025-08-07,1,0.34280215102524886,0.05438727333265783,0.0,0.0
BBRI.JK,2025-08-08,1,0.34479639123226674,0.09684021639512302,0.0,-0.0
BBRI.JK,2025-08-11,1,0.3613111182145672,0.02629811657792107,0.0,0.0
BBRI.JK,2025-08-12,0,0.32267508683451657,0.03326364770909659,0.0,0.0
BBRI.JK,2025-08-13,-1,0.3114113973513581,0.07750841902944146,0.0,0.0
BBRI.JK,2025-08-14,-1,0.2956445220644453,0.061550487788022384,0.0,-0.0
BBRI.JK,2025-08-15,-1,0.3001330509673111,0.18688322820941128,0.0,0.0
BBRI.JK,2025-08-19,-1,0.293156057721371,0.27026818111366063,0.0,-0.0
BBRI.JK,2025-08-20,-1,0.2943312581759679,0.14227694799333596,0.0,0.0
BBRI.JK,2025-08-21,-1,0.28563142086312465,0.22044159587704085,0.0,0.0
BBRI.JK,2025-08-22,-1,0.28563142086312465,0.27745597142618444,0.0,-0.0
BBRI.JK,2025-08-25,-1,0.2926202494274042,0.31404919507949036,0.0,0.0
BBRI.JK,2025-08-26,-1,0.3001330509673111,0.2513067941800189,0.0,-0.0
BBRI.JK,2025-08-27,-1,0.27970188764010084,0.1134958801431173,0.0,-0.0
BBRI.JK,2025-08-28,-1,0.2829583157474273,0.048605504299569086,0.0,0.0
BBRI.JK,2025-08-29,-1,0.3048698955088269,0.11026070156010223,0.0,-0.0
BBRI.JK,2025-09-01,-1,0.29425127977776766,0.1070283426356768,0.0,-0.0
BBRI.JK,2025-09-02,0,0.28363235974334816,0.029072676370600587,0.0,-0.0
BBRI.JK,2025-09-03,0,0.2770801508173546,0.06506464273046533,0.0,0.0
BBRI.JK,2025-09-04,-1,0.27550395842233344,0.09208158495484818,0.0,-0.0
BBRI.JK,2025-09-08,0,0.28757137750076806,0.1034362110432053,0.0,-0.0
BBRI.JK,2025-09-09,-1,0.3031856719888005,0.25019373357758007,0.0,-0.0
BBRI.JK,2025-09-10,-1,0.29565446699258385,0.12129832452062034,0.0,0.0
BBRI.JK,2025-09-11,0,0.3000797569988729,0.05998114454193809,0.0,0.0
BBRI.JK,2025-09-12,-1,0.2893277339816068,0.022788912388419784,0.0,0.0
BBRI.JK,2025-09-15,-1,0.2967681429515222,0.03527062925348199,0.0,-0.0
BBRI.JK,2025-09-16,-1,0.2980258152065087,0.09564991778045484,0.0,-0.0
BBRI.JK,2025-09-17,-1,0.2934891073214743,0.22597440111189754,0.0,0.0
BBRI.JK,2025-09-18,-1,0.2934891073214743,0.01936342477033254,0.0,0.0
BBRI.JK,2025-09-19,-1,0.2963064380778341,0.05982213253218924,0.0,0.0
BBRI.JK,2025-09-22,-1,0.3026640717983116,0.13118753746416292,0.0,-0.0
BBRI.JK,2025-09-23,-1,0.3008487156620171,0.0349950570093368,0.0,-0.0
BBRI.JK,2025-09-24,-1,0.3008487156620171,0.017907603766216428,0.0,0.0
BBRI.JK,2025-09-25,-1,0.298150323766003,0.005698905593999074,0.0,-0.0
BBRI.JK,2025-09-26,-1,0.29001652170267767,0.018573703832110933,0.0,-0.0
BBRI.JK,2025-09-29,-1,0.2915974722355421,0.031230195109320874,0.0,-0.0
BBRI.JK,2025-09-30,0,0.29482027920019577,0.05347206641422827,0.0,-0.0
BBRI.JK,2025-10-01,0,0.29219388267542157,0.5086576863551452,0.0,-0.0
BBRI.JK,2025-10-02,0,0.2997003754120032,0.30370193733449147,0.0,-0.0
BBRI.JK,2025-10-03,0,0.3003046517002474,0.09918107288667934,0.0,-0.0
BBRI.JK,2025-10-06,0,0.29606120518705936,0.1410467267227224,0.0,-0.0
BBRI.JK,2025-10-07,0,0.2886092299043941,0.08542055193302242,0.0,0.0
BBRI.JK,2025-10-08,0,0.2950490312729294,0.1154214211175068,0.0,0.0
BBRI.JK,2025-10-09,0,0.33094907319770256,0.15592061100554075,0.0,0.0
BBRI.JK,2025-10-10,0,0.3265275380261372,0.4667948890553707,0.0,-0.0
BBRI.JK,2025-10-13,0,0.3221619610401634,0.2880070145768524,0.0,-0.0
BBRI.JK,2025-10-14,0,0.31905733331833586,0.39417483672120346,0.0,-0.0
BBRI.JK,2025-10-15,0,0.3169643787005249,0.22513565762830573,0.0,-0.0
BBRI.JK,2025-10-16,0,0.3112815179748089,0.10864649593777127,0.0,0.0
BBRI.JK,2025-10-17,0,0.31321099593253054,0.08759071717488977,0.0,-0.0
BBRI.JK,2025-10-20,0,0.30057416094645817,0.1731818615568432,0.0,0.0
BBRI.JK,2025-10-21,0,0.2947805288339042,0.008682102197483919,0.0,0.0
BBRI.JK,2025-10-22,0,0.3023250894950031,0.037261501445502165,0.0,-0.0
BBRI.JK,2025-10-23,0,0.28339693884190154,0.01457280315873607,0.0,0.0
BBRI.JK,2025-10-24,0,0.29510654267229003,0.034916728333868156,0.0,0.0
BBRI.JK,2025-10-27,0,0.2997698046426429,0.08318719715257579,0.0,0.0
BBRI.JK,2025-10-28,0,0.29815230324795816,0.11848595402175345,0.0,-0.0
BBRI.JK,2025-10-29,0,0.29132392180017164,0.11773190550092728,0.0,0.0
BBRI.JK,2025-10-30,0,0.2924641422818178,0.2008503119498547,0.0,0.0
BBRI.JK,2025-10-31,0,0.2851794528160575,0.07036007785073595,0.0,0.0
BBRI.JK,2025-11-03,-1,0.2811124906033994,0.11141344310305051,0.0,0.0
BBRI.JK,2025-11-04,-1,0.29408893364825983,0.239290648960965,0.0,-0.0
BBRI.JK,2025-11-05,-1,0.2937156998732695,0.3231269092671398,0.0,0.0
BBRI.JK,2025-11-06,-1,0.29036600313441113,0.35110169381917716,0.0,0.0
BBRI.JK,2025-11-07,-1,0.28378506607280984,0.08417520575330217,0.0,-0.0
BBRI.JK,2025-11-10,-1,0.28947291854613955,0.06218460879117754,0.0,-0.0
BBRI.JK,2025-11-11,-1,0.2948442898261341,0.034352967902518426,0.0,-0.0
BBRI.JK,2025-11-12,-1,0.2948442898261341,0.0037893469294235462,0.0,0.0
BBRI.JK,2025-11-13,-1,0.2919891289246391,0.005383809381231682,0.0,-0.0
BBRI.JK,2025-11-14,-1,0.29454507628987037,0.0033627843449264513,0.0,0.0
BBRI.JK,2025-11-17,-1,0.2933259148310296,0.009782661988566766,0.0,0.0
BBRI.JK,2025-11-18,-1,0.32841221444859015,0.007830953329336799,0.0,0.0
BBRI.JK,2025-11-19,-1,0.33913705405782685,0.012991459352654815,0.0,0.0
BBRI.JK,2025-11-20,-1,0.3410706045415711,0.13424503144069738,0.0,-0.0
BBRI.JK,2025-11-21,-1,0.34749930980196436,0.13768471333495505,0.0,-0.0
BBRI.JK,2025-11-24,-1,0.34545932127918266,0.2180783528457067,0.0,0.0
BBRI.JK,2025-11-25,1,0.3596487951609487,0.03919907935463186,0.0,-0.0
BBRI.JK,2025-11-26,1,0.35616046177289284,0.13237272709911382,0.0,-0.0
BBRI.JK,2025-11-27,-1,0.3384323156879713,0.11151203774383062,0.0,-0.0
BBRI.JK,2025-11-28,1,0.3704908512592872,0.170077812470371,0.0,-0.0
BBRI.JK,2025-12-01,1,0.3793573655101074,0.0698359676587393,0.0,-0.0
BBRI.JK,2025-12-02,1,0.3698962519441691,0.11641925491133387,0.0,0.0
BBRI.JK,2025-12-03,1,0.3793573655101074,0.15898440335462835,0.0,-0.0
BBRI.JK,2025-12-04,1,0.3818515753019605,0.1001958171665153,0.0,0.0
BBRI.JK,2025-12-05,1,0.3631808606470908,0.09185800068900325,0.0,-0.0
BBRI.JK,2025-12-08,1,0.3605598791168303,0.2074073437493811,0.0,0.0
BBRI.JK,2025-12-09,1,0.3634806220502948,0.12729104629621102,0.0,0.0
BBRI.JK,2025-12-10,1,0.36402777576334605,0.12177185942970073,0.0,-0.0
BBRI.JK,2025-12-11,1,0.3634806220502948,0.17901302925243645,0.0,-0.0
BBRI.JK,2025-12-12,1,0.3656786441634992,0.1759219490302229,0.0,0.0
BBRI.JK,2025-12-15,1,0.3627738691074523,0.01893441279155755,0.0,0.0
BBRI.JK,2025-12-16,1,0.3540738295470536,0.09745887032214542,0.0,-0.0
BBRI.JK,2025-12-17,1,0.3663242201516697,0.009359008414833458,0.0,0.0
BBRI.JK,2025-12-18,1,0.36011194553267,0.02561434058232337,0.0,0.0
BBRI.JK,2025-12-19,1,0.3565426011060144,0.018651786886000554,0.0,-0.0
BBRI.JK,2025-12-22,1,0.36849968540883477,0.05628308518531683,0.0,-0.0
BBRI.JK,2025-12-23,1,0.3596984718517857,0.051298512388198686,0.0,0.0
BBRI.JK,2025-12-24,1,0.3645819166369594,0.08229691451723424,0.0,0.0
BBRI.JK,2025-12-29,1,0.36140738373781656,0.2724515172908472,0.0,0.0
BBNI.JK,2025-01-02,0,0.31236991270381415,0.42987646206818086,0.0,0.0
BBNI.JK,2025-01-03,0,0.31027077950227583,0.34145795574859533,0.0,-0.0
BBNI.JK,2025-01-06,-1,0.3021884851545291,0.39197090240506754,0.0,-0.0
BBNI.JK,2025-01-07,0,0.30460505499521473,0.44861323105605144,0.0,-0.0
BBNI.JK,2025-01-08,-1,0.3041793305553361,0.4894684823755398,0.0,0.0
BBNI.JK,2025-01-09,-1,0.3041793305553361,0.34299865808506347,0.0,0.0
BBNI.JK,2025-01-10,-1,0.3026433125918325,0.2974204553656538,0.0,-0.0
BBNI.JK,2025-01-13,0,0.3026973306874639,0.28313356701519904,0.0,-0.0
BBNI.JK,2025-01-14,0,0.3026973306874639,0.2828792447453326,0.0,-0.0
BBNI.JK,2025-01-15,0,0.2910314678253725,0.41049605391680394,0.0,0.0
BBNI.JK,2025-01-16,0,0.2880445069253721,0.2501227659159913,0.0,0.0
BBNI.JK,2025-01-17,0,0.2880445069253721,0.5109024788629971,0.0,-0.0
BBNI.JK,2025-01-20,0,0.30211059962586134,0.10306608328500945,0.0,0.0
BBNI.JK,2025-01-21,0,0.30518089877858473,0.11836790512692039,0.0,0.0
BBNI.JK,2025-01-22,0,0.30491091792743596,0.07727245216669494,0.0,0.0
BBNI.JK,2025-01-23,0,0.2997157886498124,0.09219958786276318,0.0,-0.0
BBNI.JK,2025-01-24,0,0.2997157886498124,0.19715410508865952,0.0,-0.0
BBNI.JK,2025-01-30,0,0.30176484835985684,0.2907505740724093,0.0,0.0
BBNI.JK,2025-01-31,0,0.2969784028087643,0.23598443531973276,0.0,0.0
BBNI.JK,2025-02-03,0,0.2969784028087643,0.14010427201156483,0.0,0.0
BBNI.JK,2025-02-04,0,0.2940521777840672,0.32781753715427586,0.0,-0.0
BBNI.JK,2025-02-05,0,0.29391832495344083,0.4440767207234505,0.0,-0.0
BBNI.JK,2025-02-06,0,0.2906035650743271,0.3646303047792687,0.0,-0.0
BBNI.JK,2025-02-07,0,0.2895321943842682,0.508768768800198,0.0,-0.0
BBNI.JK,2025-02-10,0,0.2859208530478965,0.4563803279081567,0.0,-0.0
BBNI.JK,2025-02-11,0,0.2859208530478965,0.24942003584944916,0.0,-0.0
BBNI.JK,2025-02-12,0,0.28379979134467254,0.5308631577938687,0.0,0.0
BBNI.JK,2025-02-13,0,0.2932883209650763,0.21579455554007398,0.0,-0.0
BBNI.JK,2025-02-14,0,0.28763822027281777,0.23977370902888923,0.0,0.0
BBNI.JK,2025-02-17,0,0.30491091792743596,0.18707409347646498,0.0,0.0
BBNI.JK,2025-02-18,0,0.30491091792743596,0.030084374638366017,0.0,0.0
BBNI.JK,2025-02-19,0,0.29078593137129705,0.17885906254931694,0.0,-0.0
BBNI.JK,2025-02-20,0,0.28670114704695243,0.4084379805699177,0.0,-0.0
BBNI.JK,2025-02-21,0,0.2815195147358266,0.17525451905661202,0.0,-0.0
BBNI.JK,2025-02-24,-1,0.29278309362861293,0.23960406797100658,0.0,-0.0
BBNI.JK,2025-02-25,-1,0.2947381473171313,0.30824310267207433,0.0,0.0
BBNI.JK,2025-02-26,0,0.30491091792743596,0.2260264327109019,0.0,0.0
BBNI.JK,2025-02-27,0,0.30491091792743596,0.1957846922667601,0.0,-0.0
BBNI.JK,2025-02-28,0,0.28198144340456927,0.1828075402330472,0.0,-0.0
BBNI.JK,2025-03-03,0,0.2817776899520319,0.32329900841567977,0.0,0.0
BBNI.JK,2025-03-04,0,0.27786085644934033,0.2763167765506303,0.0,-0.0
BBNI.JK,2025-03-05,0,0.28361783516203337,0.08306981010826803,0.0,0.0
BBNI.JK,2025-03-06,0,0.28361783516203337,0.022392890068378326,0.0,0.0
BBNI.JK,2025-03-07,0,0.2893225969147075,0.07883337188032741,0.0,-0.0
BBNI.JK,2025-03-10,0,0.28956719230385997,0.2965245549176177,0.0,-0.0
BBNI.JK,2025-03-11,0,0.2916039598482265,0.3060271616749065,0.0,0.0
BBNI.JK,2025-03-12,0,0.2969784028087643,0.28614446383954284,0.0,0.0
BBNI.JK,2025-03-13,0,0.2969784028087643,0.18782729341048626,0.0,0.0
BBNI.JK,2025-03-14,0,0.29059918971770604,0.3817653017048578,0.0,-0.0
BBNI.JK,2025-03-17,0,0.29059918971770604,0.3372673318178925,0.0,-0.0
BBNI.JK,2025-03-18,0,0.2826003919368194,0.5582701466857785,0.0,-0.0
BBNI.JK,2025-03-19,0,0.27847346838080417,0.4501976047853299,0.0,-0.0
BBNI.JK,2025-03-20,0,0.28072197277049155,0.12675162207259344,0.0,-0.0
BBNI.JK,2025-03-21,0,0.281043738146038,0.2804607221126158,0.0,-0.0
BBNI.JK,2025-03-24,0,0.2865450341703249,0.15587822276338442,0.0,-0.0
BBNI.JK,2025-03-25,0,0.2799158426912559,0.22988410262400522,0.0,0.0
BBNI.JK,2025-03-26,0,0.28287432168916005,0.48568848545988347,0.0,0.0
BBNI.JK,2025-03-27,0,0.2848651258076993,0.3123569462244079,0.0,-0.0
BBNI.JK,2025-04-08,0,0.28046940664948317,0.3803733205996266,0.0,-0.0
BBNI.JK,2025-04-09,0,0.2791989060762876,0.4168621354761701,0.0,0.0
BBNI.JK,2025-04-10,0,0.286058547620932,0.20204623882066014,0.0,0.0
BBNI.JK,2025-04-11,0,0.286058547620932,0.19604823538237293,0.0,0.0
BBNI.JK,2025-04-14,0,0.27658111456205753,0.040638573146589876,0.0,0.0
BBNI.JK,2025-04-15,0,0.28467694439737484,0.03425916835606313,0.0,0.0
BBNI.JK,2025-04-16,0,0.27571748810304947,0.04884740035036474,0.0,-0.0
BBNI.JK,2025-04-17,0,0.2854953811290898,0.13032261676479626,0.0,-0.0
BBNI.JK,2025-04-21,0,0.2854953811290898,0.17630384905783886,0.0,-0.0
BBNI.JK,2025-04-22,0,0.2849289143374191,0.31304693047702503,0.0,0.0
BBNI.JK,2025-04-23,0,0.28178841291176304,0.15109259253480578,0.0,0.0
BBNI.JK,2025-04-24,0,0.2835706958177092,0.16037490438092328,0.0,0.0
BBNI.JK,2025-04-25,0,0.2862266667299679,0.08251412700903041,0.0,0.0
BBNI.JK,2025-04-28,0,0.2862266667299679,0.0593459450642432,0.0,-0.0
BBNI.JK,2025-04-29,0,0.29028282798039934,0.09775942712067057,0.0,-0.0
BBNI.JK,2025-04-30,0,0.29380814618123624,0.4886882329590032,0.0,0.0
BBNI.JK,2025-05-02,0,0.30206067473993053,0.37503438688625035,0.0,0.0
BBNI.JK,2025-05-05,0,0.30206067473993053,0.25831066505972095,0.0,0.0
BBNI.JK,2025-05-06,0,0.29116395753907964,0.26368938476872233,0.0,-0.0
BBNI.JK,2025-05-07,0,0.29116395753907964,0.2275653157521006,0.0,-0.0
BBNI.JK,2025-05-08,-1,0.3031795100025233,0.12489002107304888,0.0,-0.0
BBNI.JK,2025-05-09,-1,0.3024270072664992,0.11881308606720219,0.0,-0.0
BBNI.JK,2025-05-14,-1,0.2962006150772411,0.08520676146067985,0.0,0.0
BBNI.JK,2025-05-15,-1,0.29197030860907036,0.1369720445837944,0.0,0.0
BBNI.JK,2025-05-16,-1,0.29115590826576976,0.10966865381117107,0.0,0.0
BBNI.JK,2025-05-19,0,0.29155621840626644,0.13454349968911763,0.0,-0.0
BBNI.JK,2025-05-20,0,0.29464833716925903,0.19906909211017954,0.0,-0.0
BBNI.JK,2025-05-21,-1,0.2984016589622801,0.22841775796708377,0.0,0.0
BBNI.JK,2025-05-22,-1,0.2927108027846567,0.3464099791555141,0.0,-0.0
BBNI.JK,2025-05-23,-1,0.29434953903037175,0.7226226674274966,0.0,0.0
BBNI.JK,2025-05-26,0,0.29905791023685374,0.6787630041874645,0.0,-0.0
BBNI.JK,2025-05-27,0,0.3010444283159445,0.6928107655105196,0.0,0.0
BBNI.JK,2025-05-28,0,0.28899064470846086,0.4211632958704041,0.0,-0.0
BBNI.JK,2025-06-02,0,0.2917240344410849,0.36922408334650547,0.0,-0.0
BBNI.JK,2025-06-03,0,0.28754011784031813,0.4734018625380937,0.0,0.0
BBNI.JK,2025-06-04,0,0.28296663299417996,0.10082523464805175,0.0,-0.0
BBNI.JK,2025-06-05,-1,0.28929150970817813,0.05382720446564864,0.0,0.0
BBNI.JK,2025-06-10,-1,0.28929150970817813,0.17035525771081267,0.0,0.0
BBNI.JK,2025-06-11,-1,0.28929150970817813,0.11436772855287917,0.0,0.0
BBNI.JK,2025-06-12,-1,0.29172311387970123,0.11895389131760366,0.0,0.0
BBNI.JK,2025-06-13,-1,0.3143676100204815,0.34077869114682047,0.0,0.0
BBNI.JK,2025-06-16,-1,0.29731186821861083,0.5249871373403419,0.0,-0.0
BBNI.JK,2025-06-17,-1,0.3014801587034443,0.31486017659419024,0.0,-0.0
BBNI.JK,2025-06-18,0,0.2968631087224062,0.3559714728734201,0.0,-0.0
BBNI.JK,2025-06-19,0,0.2894082848499714,0.17509407973813856,0.0,-0.0
BBNI.JK,2025-06-20,0,0.29506972708873536,0.2650869357660332,0.0,-0.0
BBNI.JK,2025-06-23,0,0.28791100707136774,0.5578229398894683,0.0,-0.0
BBNI.JK,2025-06-24,0,0.2833746217355391,0.44825146336847294,0.0,0.0
BBNI.JK,2025-06-25,0,0.29051477166133116,0.5387599210713697,0.0,-0.0
BBNI.JK,2025-06-26,0,0.2948086815638579,0.48951986042648865,0.0,0.0
BBNI.JK,2025-06-30,0,0.2824862854428307,0.5009204380432489,0.0,0.0
BBNI.JK,2025-07-01,0,0.28821212409618907,0.211999743904403,0.0,-0.0
BBNI.JK,2025-07-02,0,0.2959064146054667,0.18893657198575167,0.0,0.0
BBNI.JK,2025-07-03,0,0.29360017562340845,0.16347892665920774,0.0,-0.0
BBNI.JK,2025-07-04,0,0.2954289937568451,0.23860840340075776,0.0,0.0
BBNI.JK,2025-07-07,0,0.2949366776723918,0.3709504333082942,0.0,0.0
BBNI.JK,2025-07-08,0,0.2972871652682641,0.07432454222341998,0.0,-0.0
BBNI.JK,2025-07-09,0,0.2953559666558276,0.2584608039711824,0.0,0.0
BBNI.JK,2025-07-10,0,0.3292675936110836,0.5692522453350132,0.0,0.0
BBNI.JK,2025-07-11,0,0.3108970811117552,0.13145014198125538,0.0,0.0
BBNI.JK,2025-07-14,0,0.3106111745587575,0.6473565171002308,0.0,-0.0
BBNI.JK,2025-07-15,1,0.34814808764181754,0.581018707535123,0.0,0.0
BBNI.JK,2025-07-16,1,0.3584098933198856,0.2149700935771985,0.0,0.0
BBNI.JK,2025-07-17,1,0.3480253001565283,0.5902808444957768,0.0,-0.0
BBNI.JK,2025-07-18,1,0.3476902587442964,0.48032809267635457,0.0,0.0
BBNI.JK,2025-07-21,1,0.3427502185470532,0.6628724438704701,0.0,-0.0
BBNI.JK,2025-07-22,1,0.3427502185470532,0.5786161405432171,1.0,-0.006413956715027256
BBNI.JK,2025-07-23,1,0.35302452985542826,0.39885787328092037,0.0,-0.0025
BBNI.JK,2025-07-24,1,0.3559845768329641,0.09756925632944942,0.0,0.0
BBNI.JK,2025-07-25,0,0.3373358461202651,0.5640178312316398,0.0,-0.0
BBNI.JK,2025-07-28,0,0.320053336852157,0.21444635932630463,0.0,0.0
BBNI.JK,2025-07-29,0,0.3223027658024271,0.6002066454673494,0.0,-0.0
BBNI.JK,2025-07-30,0,0.3398347011372367,0.9048858607780135,0.0,-0.0
BBNI.JK,2025-07-31,0,0.31478471578639566,0.6733889942115864,0.0,-0.0
BBNI.JK,2025-08-01,0,0.32937770221863866,0.6053840864865049,0.0,0.0
BBNI.JK,2025-08-04,0,0.32937770221863866,0.6043025953319088,0.0,0.0
BBNI.JK,2025-08-05,1,0.36096660362589655,0.2462313044346693,0.0,0.0
BBNI.JK,2025-08-06,0,0.31786061028248974,0.3800404252813622,0.0,-0.0
BBNI.JK,2025-08-07,0,0.3216630461890198,0.20952633931344472,0.0,0.0
BBNI.JK,2025-08-08,0,0.3124263241110629,0.5898072083731141,0.0,-0.0
BBNI.JK,2025-08-11,0,0.3216630461890198,0.06296722975233097,0.0,0.0
BBNI.JK,2025-08-12,0,0.31938618937957286,0.06627301094745562,0.0,0.0
BBNI.JK,2025-08-13,0,0.3293739612750253,0.10416822926398744,0.0,0.0
BBNI.JK,2025-08-14,0,0.3225509129052358,0.1372110561008471,0.0,0.0
BBNI.JK,2025-08-15,0,0.3178467795119814,0.12073317240758985,0.0,-0.0
BBNI.JK,2025-08-19,0,0.31686166839821517,0.20424762049802156,0.0,-0.0
BBNI.JK,2025-08-20,0,0.3129158761709371,0.5742591971728899,0.0,0.0
BBNI.JK,2025-08-21,-1,0.2957361737562409,0.3424188640175833,0.0,0.0
BBNI.JK,2025-08-22,0,0.30064237151750794,0.419365568799228,0.0,-0.0
BBNI.JK,2025-08-25,0,0.30605529532286013,0.3720526629951411,0.0,0.0
BBNI.JK,2025-08-26,0,0.30798016575422044,0.25313098738125617,0.0,0.0
BBNI.JK,2025-08-27,0,0.30704669316159416,0.30215267048316974,0.0,-0.0
BBNI.JK,2025-08-28,0,0.3040003700694663,0.2603849706756598,0.0,0.0
BBNI.JK,2025-08-29,0,0.29851112680183156,0.2282980339857756,0.0,-0.0
BBNI.JK,2025-09-01,0,0.3034808430519758,0.20405133082755023,0.0,-0.0
BBNI.JK,2025-09-02,0,0.2978510828802518,0.25520308105596806,0.0,-0.0
BBNI.JK,2025-09-03,0,0.31492797708161496,0.07982804648012067,0.0,0.0
BBNI.JK,2025-09-04,0,0.311288769990217,0.23533970984146205,0.0,-0.0
BBNI.JK,2025-09-08,0,0.3037548415334139,0.34088604809685946,0.0,-0.0
BBNI.JK,2025-09-09,0,0.3042085702205601,0.3473095971999084,0.0,-0.0
BBNI.JK,2025-09-10,0,0.2996102503009057,0.3676735651418817,0.0,0.0
BBNI.JK,2025-09-11,0,0.27970906691965447,0.14349115927284084,0.0,0.0
BBNI.JK,2025-09-12,0,0.2860858073067656,0.047894910329761585,0.0,0.0
BBNI.JK,2025-09-15,0,0.2860858073067656,0.1761766694728803,0.0,-0.0
BBNI.JK,2025-09-16,0,0.29135895428789077,0.3602165004444115,0.0,-0.0
BBNI.JK,2025-09-17,0,0.2845992854772935,0.22263388075306048,0.0,0.0
BBNI.JK,2025-09-18,0,0.29004664970732214,0.4306042907885824,0.0,-0.0
BBNI.JK,2025-09-19,0,0.29004664970732214,0.43389504093385606,0.0,-0.0
BBNI.JK,2025-09-22,0,0.2867757913085465,0.22695010155707343,0.0,-0.0
BBNI.JK,2025-09-23,0,0.28880176960434123,0.2316999448470891,0.0,-0.0
BBNI.JK,2025-09-24,0,0.28396304165863917,0.24790494400829746,0.0,-0.0
BBNI.JK,2025-09-25,0,0.28700111001714923,0.3697236432614135,0.0,0.0
BBNI.JK,2025-09-26,0,0.28700111001714923,0.3536627205002446,0.0,-0.0
BBNI.JK,2025-09-29,0,0.2934147709413849,0.29464899309569104,0.0,-0.0
BBNI.JK,2025-09-30,0,0.2824339086990549,0.33970938088017805,0.0,-0.0
BBNI.JK,2025-10-01,0,0.2783729289063461,0.20666471422003077,0.0,-0.0
BBNI.JK,2025-10-02,0,0.2739370087018965,0.15294248110423192,0.0,-0.0
BBNI.JK,2025-10-03,-1,0.2998600303402835,0.12800928917525345,0.0,0.0
BBNI.JK,2025-10-06,-1,0.3066303656517628,0.1834267073832848,0.0,-0.0
BBNI.JK,2025-10-07,-1,0.3116851030293523,0.18411607715153072,0.0,-0.0
BBNI.JK,2025-10-08,-1,0.3116851030293523,0.23225300998728693,0.0,-0.0
BBNI.JK,2025-10-09,1,0.35059507955462654,0.5302054876699916,0.0,0.0
BBNI.JK,2025-10-10,-1,0.3327212367894994,0.3533328046424672,0.0,-0.0
BBNI.JK,2025-10-13,1,0.33530272350900847,0.250849897750156,0.0,-0.0
BBNI.JK,2025-10-14,0,0.3003579682343921,0.24295188682860788,0.0,-0.0
BBNI.JK,2025-10-15,0,0.3003579682343921,0.20400461795739777,0.0,-0.0
BBNI.JK,2025-10-16,0,0.2972340746928795,0.36668036418076994,0.0,0.0
BBNI.JK,2025-10-17,0,0.299603531734359,0.3396395033692222,0.0,-0.0
BBNI.JK,2025-10-20,0,0.288851913012146,0.4874119814481533,0.0,0.0
BBNI.JK,2025-10-21,0,0.3098814568670692,0.278340436708445,0.0,0.0
BBNI.JK,2025-10-22,0,0.30308534587128555,0.3930930226553677,0.0,-0.0
BBNI.JK,2025-10-23,0,0.28388370001883373,0.08659672275554464,0.0,0.0
BBNI.JK,2025-10-24,0,0.2954689994434552,0.09281149345374867,0.0,0.0
BBNI.JK,2025-10-27,0,0.29113286948897926,0.042690143472770226,0.0,0.0
BBNI.JK,2025-10-28,0,0.2848196821300006,0.135851429915825,0.0,0.0
BBNI.JK,2025-10-29,0,0.28761698843292816,0.09120095724109535,0.0,0.0
BBNI.JK,2025-10-30,0,0.28694912545201634,0.1931935699295259,0.0,-0.0
BBNI.JK,2025-10-31,0,0.2779307439233702,0.42674835764423985,0.0,-0.0
BBNI.JK,2025-11-03,-1,0.2901734157535213,0.6250477020587064,0.0,0.0
BBNI.JK,2025-11-04,-1,0.2962981658705346,0.45878798271654675,0.0,0.0
BBNI.JK,2025-11-05,0,0.2894906467701131,0.46343334745230813,0.0,0.0
BBNI.JK,2025-11-06,0,0.2845751080246495,0.42798461177700176,0.0,-0.0
BBNI.JK,2025-11-07,0,0.2894906467701131,0.38007715107398815,0.0,0.0
BBNI.JK,2025-11-10,-1,0.2845689396749653,0.4536922558189882,0.0,-0.0
BBNI.JK,2025-11-11,-1,0.29464221435917043,0.39731213157804274,0.0,0.0
BBNI.JK,2025-11-12,0,0.302642414786271,0.5779820188876346,0.0,0.0
BBNI.JK,2025-11-13,0,0.31457819142784316,0.24352648646970693,0.0,-0.0
BBNI.JK,2025-11-14,0,0.31969349296671346,0.09864435654541089,0.0,-0.0
BBNI.JK,2025-11-17,0,0.3285515265089358,0.07904820366231005,0.0,0.0
BBNI.JK,2025-11-18,0,0.32628146653410034,0.2549942279802612,0.0,0.0
BBNI.JK,2025-11-19,1,0.33892605654410446,0.19018969168452096,0.0,0.0
BBNI.JK,2025-11-20,1,0.35227879026553705,0.2351940695852982,0.0,0.0
BBNI.JK,2025-11-21,1,0.34407683602647376,0.11501406914744448,0.0,-0.0
BBNI.JK,2025-11-24,1,0.36708734799055515,0.19151147602588775,0.0,0.0
BBNI.JK,2025-11-25,1,0.34979482254371397,0.18491526344344697,0.0,0.0
BBNI.JK,2025-11-26,1,0.3543694730648582,0.12658094329213518,0.0,-0.0
BBNI.JK,2025-11-27,1,0.3419765638424699,0.2996957717307373,0.0,-0.0
BBNI.JK,2025-11-28,-1,0.33803691935454283,0.1788542385110375,0.0,-0.0
BBNI.JK,2025-12-01,1,0.3627077703715552,0.5419477241623588,0.0,0.0
BBNI.JK,2025-12-02,1,0.3438901938001167,0.20954618864999183,0.0,-0.0
BBNI.JK,2025-12-03,1,0.35133449892701046,0.29720328812594937,0.0,-0.0
BBNI.JK,2025-12-04,1,0.3648647663396533,0.599541667624346,0.0,0.0
BBNI.JK,2025-12-05,1,0.3449176503577768,0.6598243423303206,0.0,-0.0
BBNI.JK,2025-12-08,1,0.35302452985542826,0.7749826502899722,1.0,0.0031620208042369437
BBNI.JK,2025-12-09,1,0.35302452985542826,0.6811828990216895,1.0,0.0023201936112331456
BBNI.JK,2025-12-10,1,0.35302452985542826,0.7534151717351256,1.0,-0.002314822774221126
BBNI.JK,2025-12-11,0,0.33560714808850567,0.7184886208933914,1.0,-0.01856148734626717
BBNI.JK,2025-12-12,1,0.3407573226327772,0.773177951404801,0.0,-0.0025
BBNI.JK,2025-12-15,0,0.32243859338339026,0.1718739141913738,1.0,0.04566984850243144
BBNI.JK,2025-12-16,0,0.32150939337325984,0.770004644539688,0.0,-0.0025
BBNI.JK,2025-12-17,0,0.32150939337325984,0.6191162641791831,0.0,-0.0
BBNI.JK,2025-12-18,0,0.32150939337325984,0.3169084105464147,0.0,0.0
BBNI.JK,2025-12-19,0,0.32150939337325984,0.4532642371413976,0.0,-0.0
BBNI.JK,2025-12-22,0,0.32150939337325984,0.55091951727742,0.0,-0.0
BBNI.JK,2025-12-23,0,0.32150939337325984,0.5179772686550894,0.0,-0.0
BBNI.JK,2025-12-24,0,0.32150939337325984,0.5515175912597342,0.0,-0.0
BBNI.JK,2025-12-29,0,0.32150939337325984,0.5816469212838293,0.0,-0.0
TLKM.JK,2025-01-02,0,0.3362813110285054,0.062020577253134625,0.0,0.0
TLKM.JK,2025-01-03,1,0.3425011432339408,0.15487067785861183,0.0,0.0
TLKM.JK,2025-01-06,0,0.3341020982162517,0.22831757711000752,0.0,-0.0
TLKM.JK,2025-01-07,0,0.3341020982162517,0.06747321394242928,0.0,-0.0
TLKM.JK,2025-01-08,0,0.3341020982162517,0.046434994152225836,0.0,0.0
TLKM.JK,2025-01-09,0,0.3341020982162517,0.049577660495191515,0.0,-0.0
TLKM.JK,2025-01-10,0,0.3341020982162517,0.04651278320846775,0.0,0.0
TLKM.JK,2025-01-13,0,0.3341020982162517,0.010356122993471656,0.0,-0.0
TLKM.JK,2025-01-14,0,0.3335390637630449,0.029585802099845904,0.0,-0.0
TLKM.JK,2025-01-15,0,0.3335390637630449,0.04911668654343356,0.0,0.0
TLKM.JK,2025-01-16,0,0.3335390637630449,0.01570326834938448,0.0,-0.0
TLKM.JK,2025-01-17,0,0.33628438926633414,0.01408270404297025,0.0,0.0
TLKM.JK,2025-01-20,0,0.33628438926633414,0.047651367630933146,0.0,-0.0
TLKM.JK,2025-01-21,0,0.3335390637630449,0.016059944311181833,0.0,0.0
TLKM.JK,2025-01-22,0,0.33628438926633414,0.07200192932755553,0.0,0.0
TLKM.JK,2025-01-23,0,0.3367884843099916,0.0862956851688739,0.0,-0.0
TLKM.JK,2025-01-24,0,0.3335390637630449,0.06671111029576547,0.0,-0.0
TLKM.JK,2025-01-30,0,0.33628438926633414,0.010184535361178776,0.0,-0.0
TLKM.JK,2025-01-31,0,0.3335390637630449,0.0040908722261711,0.0,0.0
TLKM.JK,2025-02-03,0,0.33628438926633414,0.02603577106733814,0.0,-0.0
TLKM.JK,2025-02-04,0,0.3335390637630449,0.006458174538364165,0.0,0.0
TLKM.JK,2025-02-05,0,0.3335390637630449,0.018247370745612716,0.0,-0.0
TLKM.JK,2025-02-06,0,0.33628438926633414,0.011760009192895288,0.0,-0.0
TLKM.JK,2025-02-07,0,0.33628438926633414,0.0074848728886295676,0.0,0.0
TLKM.JK,2025-02-10,0,0.33628438926633414,0.14421745657360938,0.0,-0.0
TLKM.JK,2025-02-11,0,0.3335969355173624,0.4375965234693319,0.0,-0.0
TLKM.JK,2025-02-12,0,0.3335969355173624,0.03741631701347372,0.0,0.0
TLKM.JK,2025-02-13,0,0.3335969355173624,0.05740707083372136,0.0,-0.0
TLKM.JK,2025-02-14,1,0.3425011432339408,0.03416883660351145,0.0,0.0
TLKM.JK,2025-02-17,1,0.34522005156792135,0.040060674162253944,0.0,0.0
TLKM.JK,2025-02-18,1,0.34522005156792135,0.05613225909482811,0.0,0.0
TLKM.JK,2025-02-19,1,0.34522005156792135,0.023948194607077644,0.0,-0.0
TLKM.JK,2025-02-20,1,0.34522005156792135,0.07170055748956847,0.0,0.0
TLKM.JK,2025-02-21,1,0.34522005156792135,0.14117241994751267,0.0,-0.0
TLKM.JK,2025-02-24,1,0.3425011432339408,0.23716733182107141,0.0,-0.0
TLKM.JK,2025-02-25,0,0.3335969355173624,0.06546036140682923,0.0,-0.0
TLKM.JK,2025-02-26,0,0.3335969355173624,0.06288321231935513,0.0,0.0
TLKM.JK,2025-02-27,0,0.3335969355173624,0.05814758881211242,0.0,-0.0
TLKM.JK,2025-02-28,0,0.3335969355173624,0.07233519934444536,0.0,-0.0
TLKM.JK,2025-03-03,0,0.3335969355173624,0.02332726780020138,0.0,0.0
TLKM.JK,2025-03-04,0,0.3335969355173624,0.0133574374895156,0.0,-0.0
TLKM.JK,2025-03-05,0,0.3335969355173624,0.011156031985194097,0.0,0.0
TLKM.JK,2025-03-06,0,0.33010346061393675,0.04384835195571477,0.0,-0.0
TLKM.JK,2025-03-07,0,0.33010346061393675,0.033225553994877345,0.0,0.0
TLKM.JK,2025-03-10,0,0.33010346061393675,0.0855179916398953,0.0,-0.0
TLKM.JK,2025-03-11,0,0.33010346061393675,0.04094611216241138,0.0,-0.0
TLKM.JK,2025-03-12,0,0.33010346061393675,0.048802502162462166,0.0,0.0
TLKM.JK,2025-03-13,0,0.33010346061393675,0.068289892034149,0.0,-0.0
TLKM.JK,2025-03-14,0,0.33010346061393675,0.029871286579781987,0.0,-0.0
TLKM.JK,2025-03-17,0,0.33010346061393675,0.07591625421249287,0.0,0.0
TLKM.JK,2025-03-18,0,0.33010346061393675,0.03880047697964992,0.0,0.0
TLKM.JK,2025-03-19,1,0.3345803740026641,0.0715825734381412,0.0,0.0
TLKM.JK,2025-03-20,0,0.3331092119608915,0.12363200659640915,0.0,-0.0
TLKM.JK,2025-03-21,0,0.332238536586995,0.04030092633867116,0.0,-0.0
TLKM.JK,2025-03-24,0,0.332238536586995,0.0212029541345473,0.0,0.0
TLKM.JK,2025-03-25,0,0.3295525637196389,0.027549306497908484,0.0,0.0
TLKM.JK,2025-03-26,0,0.332238536586995,0.011428642834846642,0.0,0.0
TLKM.JK,2025-03-27,0,0.3295525637196389,0.015718781442660056,0.0,-0.0
TLKM.JK,2025-04-08,0,0.332238536586995,0.01587084221509868,0.0,-0.0
TLKM.JK,2025-04-09,0,0.332238536586995,0.004647666578847022,0.0,0.0
TLKM.JK,2025-04-10,0,0.332238536586995,0.00865580613989207,0.0,0.0
TLKM.JK,2025-04-11,0,0.3295525637196389,0.0225400875321659,0.0,-0.0
TLKM.JK,2025-04-14,0,0.332238536586995,0.005815422631457642,0.0,0.0
TLKM.JK,2025-04-15,1,0.34162463893301653,0.007079247816886082,0.0,0.0
TLKM.JK,2025-04-16,1,0.34162463893301653,0.014352899050702363,0.0,0.0
TLKM.JK,2025-04-17,1,0.34162463893301653,0.11384193901635796,0.0,0.0
TLKM.JK,2025-04-21,1,0.34162463893301653,0.06848805400685566,0.0,0.0
TLKM.JK,2025-04-22,1,0.34162463893301653,0.10084448807116692,0.0,-0.0
TLKM.JK,2025-04-23,1,0.34162463893301653,0.046040164746793365,0.0,0.0
TLKM.JK,2025-04-24,1,0.34162463893301653,0.16355653302673534,0.0,0.0
TLKM.JK,2025-04-25,1,0.3389618512710165,0.10877252816381577,0.0,-0.0
TLKM.JK,2025-04-28,1,0.3389618512710165,0.23110662011970953,0.0,-0.0
TLKM.JK,2025-04-29,1,0.3434973009029841,0.12012335263730685,0.0,0.0
TLKM.JK,2025-04-30,1,0.3389618512710165,0.09967640393667707,0.0,0.0
TLKM.JK,2025-05-02,1,0.3389618512710165,0.08534865178376688,0.0,0.0
TLKM.JK,2025-05-05,1,0.3434973009029841,0.19543489897770594,0.0,0.0
TLKM.JK,2025-05-06,1,0.3471324487779212,0.23722755625659334,0.0,-0.0
TLKM.JK,2025-05-07,1,0.3425011432339408,0.05689373081501624,0.0,-0.0
TLKM.JK,2025-05-08,1,0.3471324487779212,0.03944963536144495,0.0,-0.0
TLKM.JK,2025-05-09,1,0.3471324487779212,0.06558509837113538,0.0,0.0
TLKM.JK,2025-05-14,1,0.3471324487779212,0.049991590679308605,0.0,-0.0
TLKM.JK,2025-05-15,1,0.3447098958200443,0.07855960357374572,0.0,0.0
TLKM.JK,2025-05-16,1,0.34522005156792135,0.12970099826614717,0.0,0.0
TLKM.JK,2025-05-19,1,0.34522005156792135,0.17660513764527994,0.0,0.0
TLKM.JK,2025-05-20,1,0.34522005156792135,0.14494474650312703,0.0,-0.0
TLKM.JK,2025-05-21,1,0.34522005156792135,0.09846612620143924,0.0,0.0
TLKM.JK,2025-05-22,1,0.34522005156792135,0.07523030444972835,0.0,0.0
TLKM.JK,2025-05-23,1,0.3447098958200443,0.12336615996341771,0.0,-0.0
TLKM.JK,2025-05-26,1,0.3425011432339408,0.13465493187721778,0.0,0.0
TLKM.JK,2025-05-27,1,0.3425011432339408,0.03797028644202784,0.0,0.0
TLKM.JK,2025-05-28,1,0.3425011432339408,0.14425405012280185,0.0,-0.0
TLKM.JK,2025-06-02,1,0.3425011432339408,0.2231991187883029,0.0,-0.0
TLKM.JK,2025-06-03,1,0.34522005156792135,0.1248737792825954,0.0,0.0
TLKM.JK,2025-06-04,1,0.3425011432339408,0.44541348395844405,0.0,0.0
TLKM.JK,2025-06-05,1,0.3425011432339408,0.7927828487256889,0.0,0.0
TLKM.JK,2025-06-10,1,0.3425011432339408,0.15795492849526602,1.0,0.023147761951801515
TLKM.JK,2025-06-11,1,0.34522005156792135,0.2722663933396528,0.0,-0.0025
TLKM.JK,2025-06-12,1,0.34522005156792135,0.4520005436300689,0.0,-0.0
TLKM.JK,2025-06-13,1,0.34522005156792135,0.4644473318692259,0.0,-0.0
TLKM.JK,2025-06-16,1,0.34522005156792135,0.5308576782634663,0.0,0.0
TLKM.JK,2025-06-17,0,0.33769770372558783,0.43946596541799754,0.0,0.0
TLKM.JK,2025-06-18,1,0.3471324487779212,0.7873700045902234,0.0,0.0
TLKM.JK,2025-06-19,0,0.33769770372558783,0.5970457972049669,1.0,-0.030380872964481165
TLKM.JK,2025-06-20,0,0.33769770372558783,0.08884221640319942,0.0,-0.0025
TLKM.JK,2025-06-23,0,0.33769770372558783,0.33192028044882527,0.0,-0.0
TLKM.JK,2025-06-24,0,0.33769770372558783,0.20772774397702767,0.0,0.0
TLKM.JK,2025-06-25,1,0.3471324487779212,0.07054387939935598,0.0,0.0
TLKM.JK,2025-06-26,1,0.3425011432339408,0.192978252871292,0.0,0.0
TLKM.JK,2025-06-30,1,0.34522005156792135,0.1041542714188336,0.0,0.0
TLKM.JK,2025-07-01,1,0.34522005156792135,0.3528762738311772,0.0,0.0
TLKM.JK,2025-07-02,1,0.34522005156792135,0.17190985093269692,0.0,-0.0
TLKM.JK,2025-07-03,0,0.33769770372558783,0.11161388038104453,0.0,-0.0
TLKM.JK,2025-07-04,0,0.33769770372558783,0.09382565681271997,0.0,-0.0
TLKM.JK,2025-07-07,1,0.3447098958200443,0.0743179819112155,0.0,0.0
TLKM.JK,2025-07-08,1,0.3419312226006704,0.1400375963160217,0.0,-0.0
TLKM.JK,2025-07-09,0,0.3335390637630449,0.05317390340307187,0.0,0.0
TLKM.JK,2025-07-10,0,0.3335390637630449,0.020264593602325773,0.0,0.0
TLKM.JK,2025-07-11,0,0.3335390637630449,0.061358648080158576,0.0,0.0
TLKM.JK,2025-07-14,0,0.33628438926633414,0.020532212909858794,0.0,-0.0
TLKM.JK,2025-07-15,0,0.3335390637630449,0.08591993529589612,0.0,-0.0
TLKM.JK,2025-07-16,0,0.3335390637630449,0.06771426483811366,0.0,0.0
TLKM.JK,2025-07-17,0,0.33628438926633414,0.02837985870147342,0.0,0.0
TLKM.JK,2025-07-18,0,0.3335390637630449,0.044903191333960916,0.0,0.0
TLKM.JK,2025-07-21,0,0.3367884843099916,0.06596945412113546,0.0,0.0
TLKM.JK,2025-07-22,0,0.3367884843099916,0.0387318828291833,0.0,0.0
TLKM.JK,2025-07-23,0,0.3367884843099916,0.06366630399505667,0.0,0.0
TLKM.JK,2025-07-24,0,0.33628438926633414,0.07669684717048754,0.0,-0.0
TLKM.JK,2025-07-25,0,0.3293574463779172,0.27303746913482424,0.0,-0.0
TLKM.JK,2025-07-28,0,0.3293574463779172,0.17758524585550184,0.0,0.0
TLKM.JK,2025-07-29,1,0.33867833280791204,0.04074562408690339,0.0,0.0
TLKM.JK,2025-07-30,1,0.33867833280791204,0.07920908460897406,0.0,0.0
TLKM.JK,2025-07-31,1,0.33995524213730555,0.09612797533533816,0.0,0.0
TLKM.JK,2025-08-01,1,0.33867833280791204,0.24301830037077424,0.0,0.0
TLKM.JK,2025-08-04,1,0.33867833280791204,0.1377822366408163,0.0,0.0
TLKM.JK,2025-08-05,1,0.33867833280791204,0.19373519082281168,0.0,0.0
TLKM.JK,2025-08-06,1,0.33867833280791204,0.3290963186351026,0.0,-0.0
TLKM.JK,2025-08-07,1,0.33867833280791204,0.5089424798360157,0.0,-0.0
TLKM.JK,2025-08-08,1,0.33867833280791204,0.4369330776153091,0.0,-0.0
TLKM.JK,2025-08-11,1,0.33867833280791204,0.1904673354999716,0.0,0.0
TLKM.JK,2025-08-12,-1,0.3322498863170863,0.4239979236811547,0.0,0.0
TLKM.JK,2025-08-13,-1,0.32961570526856815,0.3059297409353055,0.0,0.0
TLKM.JK,2025-08-14,-1,0.32961570526856815,0.31346186737460097,0.0,0.0
TLKM.JK,2025-08-15,-1,0.3254390321355128,0.40365366677892467,0.0,-0.0
TLKM.JK,2025-08-19,-1,0.3254390321355128,0.18163586885342348,0.0,-0.0
TLKM.JK,2025-08-20,0,0.3182823876491655,0.4005992205651869,0.0,-0.0
TLKM.JK,2025-08-21,0,0.3182823876491655,0.4253756739821126,0.0,0.0
TLKM.JK,2025-08-22,0,0.3182823876491655,0.3797005547176154,0.0,-0.0
TLKM.JK,2025-08-25,0,0.32046602363968085,0.37862904638580097,0.0,0.0
TLKM.JK,2025-08-26,0,0.3182823876491655,0.18948287524467688,0.0,-0.0
TLKM.JK,2025-08-27,0,0.32241111210842577,0.6194329498178319,0.0,-0.0
TLKM.JK,2025-08-28,0,0.3182823876491655,0.5957812673003648,0.0,0.0
TLKM.JK,2025-08-29,0,0.3182823876491655,0.6243807823979904,0.0,-0.0
TLKM.JK,2025-09-01,1,0.3416312724218013,0.6375376395042999,0.0,-0.0
TLKM.JK,2025-09-02,1,0.3416312724218013,0.4077240654288857,1.0,-0.014361781106389247
TLKM.JK,2025-09-03,0,0.3200244476470699,0.41833704646815184,0.0,-0.0025
TLKM.JK,2025-09-04,0,0.3200244476470699,0.4084207113819205,0.0,0.0
TLKM.JK,2025-09-08,0,0.33769770372558783,0.4744961141338386,0.0,-0.0
TLKM.JK,2025-09-09,1,0.3416312724218013,0.7113857162035829,0.0,-0.0
TLKM.JK,2025-09-10,0,0.33769770372558783,0.2999670155437299,1.0,0.031286825638130955
TLKM.JK,2025-09-11,0,0.33769770372558783,0.09113873177715262,0.0,-0.0025
TLKM.JK,2025-09-12,0,0.33769770372558783,0.14147979649152967,0.0,0.0
TLKM.JK,2025-09-15,1,0.34522005156792135,0.04419063880539364,0.0,0.0
TLKM.JK,2025-09-16,-1,0.3276481693492967,0.02768682906992378,0.0,0.0
TLKM.JK,2025-09-17,-1,0.3322498863170863,0.05094800655146156,0.0,0.0
TLKM.JK,2025-09-18,-1,0.3322498863170863,0.014903706731714785,0.0,-0.0
TLKM.JK,2025-09-19,1,0.34522005156792135,0.02298972414736014,0.0,-0.0
TLKM.JK,2025-09-22,0,0.33769770372558783,0.06444308471416565,0.0,-0.0
TLKM.JK,2025-09-23,0,0.3293574463779172,0.0628106518656441,0.0,-0.0
TLKM.JK,2025-09-24,0,0.3293574463779172,0.31072349081074774,0.0,-0.0
TLKM.JK,2025-09-25,0,0.3293574463779172,0.08881307838320499,0.0,-0.0
TLKM.JK,2025-09-26,0,0.3293574463779172,0.06236224765609696,0.0,-0.0
TLKM.JK,2025-09-29,1,0.33995524213730555,0.02168636191135741,0.0,-0.0
TLKM.JK,2025-09-30,1,0.33995524213730555,0.007398090718597774,0.0,-0.0
TLKM.JK,2025-10-01,1,0.33995524213730555,0.020898671393463294,0.0,0.0
TLKM.JK,2025-10-02,1,0.33995524213730555,0.0068052359022513,0.0,0.0
TLKM.JK,2025-10-03,1,0.33995524213730555,0.03440697043842924,0.0,-0.0
TLKM.JK,2025-10-06,0,0.33324274740575516,0.04332434452880889,0.0,-0.0
TLKM.JK,2025-10-07,0,0.33324274740575516,0.08449920956172666,0.0,0.0
TLKM.JK,2025-10-08,0,0.33324274740575516,0.03610180671947947,0.0,-0.0
TLKM.JK,2025-10-09,0,0.33324274740575516,0.025045287911290237,0.0,0.0
TLKM.JK,2025-10-10,0,0.33324274740575516,0.023580678247056352,0.0,0.0
TLKM.JK,2025-10-13,0,0.33324274740575516,0.09729161094263453,0.0,-0.0
TLKM.JK,2025-10-14,0,0.3371743983140984,0.051807825485565916,0.0,-0.0
TLKM.JK,2025-10-15,0,0.3293574463779172,0.009032271592129616,0.0,0.0
TLKM.JK,2025-10-16,0,0.3293574463779172,0.02833988884133336,0.0,-0.0
TLKM.JK,2025-10-17,0,0.3293574463779172,0.030659087032258205,0.0,-0.0
TLKM.JK,2025-10-20,0,0.3293574463779172,0.008240492451150801,0.0,0.0
TLKM.JK,2025-10-21,0,0.3367884843099916,0.13117499067107646,0.0,0.0
TLKM.JK,2025-10-22,0,0.3293574463779172,0.06191191033712278,0.0,-0.0
TLKM.JK,2025-10-23,0,0.3367884843099916,0.12534968077192465,0.0,0.0
TLKM.JK,2025-10-24,1,0.34522005156792135,0.06058963877554579,0.0,-0.0
TLKM.JK,2025-10-27,1,0.34522005156792135,0.06687564789869004,0.0,0.0
TLKM.JK,2025-10-28,0,0.33769770372558783,0.0560769191174059,0.0,0.0
TLKM.JK,2025-10-29,1,0.34522005156792135,0.02696655823340554,0.0,-0.0
TLKM.JK,2025-10-30,0,0.33769770372558783,0.06776238287016458,0.0,-0.0
TLKM.JK,2025-10-31,0,0.33769770372558783,0.08390366733965757,0.0,-0.0
TLKM.JK,2025-11-03,0,0.33769770372558783,0.05089064274274312,0.0,0.0
TLKM.JK,2025-11-04,0,0.33769770372558783,0.1192403196019588,0.0,0.0
TLKM.JK,2025-11-05,-1,0.3276481693492967,0.06929027849431901,0.0,0.0
TLKM.JK,2025-11-06,0,0.32886090856711847,0.39622416515978093,0.0,-0.0
TLKM.JK,2025-11-07,1,0.34522005156792135,0.33514742163391376,0.0,-0.0
TLKM.JK,2025-11-10,0,0.33769770372558783,0.17316663322713347,0.0,-0.0
TLKM.JK,2025-11-11,0,0.33769770372558783,0.3385987123522688,0.0,0.0
TLKM.JK,2025-11-12,0,0.3215546630673254,0.45493247394449265,0.0,0.0
TLKM.JK,2025-11-13,0,0.33769770372558783,0.3840781470334986,0.0,-0.0
TLKM.JK,2025-11-14,0,0.33769770372558783,0.30396003426444557,0.0,0.0
TLKM.JK,2025-11-17,0,0.32886090856711847,0.2274301854374674,0.0,0.0
TLKM.JK,2025-11-18,0,0.3253744325463245,0.19884262237537997,0.0,0.0
TLKM.JK,2025-11-19,0,0.32202435718879424,0.19941586617599869,0.0,0.0
TLKM.JK,2025-11-20,0,0.32202435718879424,0.81392757184008,0.0,-0.0
TLKM.JK,2025-11-21,0,0.3257055548539742,0.2228762801978474,0.0,-0.0
TLKM.JK,2025-11-24,0,0.32241111210842577,0.20155043202576328,0.0,0.0
TLKM.JK,2025-11-25,0,0.32241111210842577,0.33022474838183224,0.0,-0.0
TLKM.JK,2025-11-26,0,0.3182823876491655,0.20287217444822186,0.0,0.0
TLKM.JK,2025-11-27,0,0.32241111210842577,0.4962907560008557,0.0,-0.0
TLKM.JK,2025-11-28,0,0.3215546630673254,0.3620603975624517,0.0,-0.0
TLKM.JK,2025-12-01,0,0.3182823876491655,0.28819419661203494,0.0,0.0
TLKM.JK,2025-12-02,0,0.325015630757082,0.08654365315888615,0.0,-0.0
TLKM.JK,2025-12-03,0,0.325015630757082,0.09926397230644306,0.0,0.0
TLKM.JK,2025-12-04,0,0.32151231363681304,0.2554359549263759,0.0,0.0
TLKM.JK,2025-12-05,-1,0.32858975678800945,0.3573375860475603,0.0,0.0
TLKM.JK,2025-12-08,-1,0.3254958906832272,0.15758365058316703,0.0,-0.0
TLKM.JK,2025-12-09,-1,0.32810988874685093,0.05896357725538416,0.0,-0.0
TLKM.JK,2025-12-10,-1,0.32810988874685093,0.09853891478338188,0.0,0.0
TLKM.JK,2025-12-11,-1,0.32810988874685093,0.06848315433829837,0.0,-0.0
TLKM.JK,2025-12-12,-1,0.32810988874685093,0.1845974669563988,0.0,-0.0
TLKM.JK,2025-12-15,-1,0.3254958906832272,0.105568887336238,0.0,-0.0
TLKM.JK,2025-12-16,-1,0.3254958906832272,0.11114455523726638,0.0,0.0
TLKM.JK,2025-12-17,-1,0.3254958906832272,0.023870989425273204,0.0,-0.0
TLKM.JK,2025-12-18,0,0.32151231363681304,0.023590682126852357,0.0,-0.0
TLKM.JK,2025-12-19,1,0.3415167993259256,0.04334251503073832,0.0,-0.0
TLKM.JK,2025-12-22,0,0.33312966287075246,0.008967203270239235,0.0,0.0
TLKM.JK,2025-12-23,0,0.33312966287075246,0.03933141178990837,0.0,0.0
TLKM.JK,2025-12-24,0,0.33312966287075246,0.05703444401081485,0.0,-0.0
TLKM.JK,2025-12-29,0,0.33312966287075246,0.15333505516141818,0.0,0.0
ASII.JK,2025-01-02,-1,0.3154306452192066,0.033864418765827325,0.0,0.0
ASII.JK,2025-01-03,-1,0.29034949374632285,0.02264132058676459,0.0,0.0
ASII.JK,2025-01-06,-1,0.30097205717008957,0.005076394572200604,0.0,-0.0
ASII.JK,2025-01-07,-1,0.315300181374294,0.02358330328366578,0.0,0.0
ASII.JK,2025-01-08,-1,0.31401311656739905,0.013801213375703307,0.0,-0.0
ASII.JK,2025-01-09,-1,0.30859597398515937,0.011097029905098931,0.0,0.0
ASII.JK,2025-01-10,-1,0.30552506798713086,0.03697960436106117,0.0,-0.0
ASII.JK,2025-01-13,0,0.3131105540249177,0.012616469280168657,0.0,-0.0
ASII.JK,2025-01-14,-1,0.33045186922029185,0.029594328220937383,0.0,0.0
ASII.JK,2025-01-15,-1,0.3432830057350359,0.03698418525479492,0.0,0.0
ASII.JK,2025-01-16,-1,0.3430338843932535,0.059880535350152614,0.0,-0.0
ASII.JK,2025-01-17,-1,0.3513524081392381,0.3558119200832067,0.0,0.0
ASII.JK,2025-01-20,-1,0.325432522554554,0.26138819229821886,0.0,-0.0
ASII.JK,2025-01-21,-1,0.325432522554554,0.3640323987512366,0.0,0.0
ASII.JK,2025-01-22,-1,0.33430008060260014,0.22857566764697282,0.0,0.0
ASII.JK,2025-01-23,-1,0.2893635614106171,0.06892011168198647,0.0,-0.0
ASII.JK,2025-01-24,-1,0.32870526019025065,0.1132169099328088,0.0,-0.0
ASII.JK,2025-01-30,-1,0.3055510477061622,0.024540242133979515,0.0,-0.0
ASII.JK,2025-01-31,-1,0.31606493598865176,0.0775095346603451,0.0,0.0
ASII.JK,2025-02-03,-1,0.30945919808294275,0.0500330299840922,0.0,-0.0
ASII.JK,2025-02-04,-1,0.32376256700489026,0.027068293777821686,0.0,0.0
ASII.JK,2025-02-05,-1,0.30798883925371484,0.02494321422524349,0.0,-0.0
ASII.JK,2025-02-06,0,0.34295914967003205,0.032593589173814164,0.0,-0.0
ASII.JK,2025-02-07,1,0.34483776438625613,0.05116481741153328,0.0,0.0
ASII.JK,2025-02-10,0,0.3423948536040014,0.053342692344706004,0.0,-0.0
ASII.JK,2025-02-11,1,0.36030039016807497,0.2258874742464604,0.0,0.0
ASII.JK,2025-02-12,1,0.344923640705703,0.21704628111924956,0.0,0.0
ASII.JK,2025-02-13,-1,0.3032943113192695,0.01508979321919011,0.0,0.0
ASII.JK,2025-02-14,-1,0.305728686758334,0.03498033575079579,0.0,0.0
ASII.JK,2025-02-17,-1,0.3328180609635938,0.01105782599832141,0.0,0.0
ASII.JK,2025-02-18,-1,0.3281545856539943,0.021127357354711003,0.0,0.0
ASII.JK,2025-02-19,-1,0.30995625694299456,0.011694194872591783,0.0,-0.0
ASII.JK,2025-02-20,-1,0.30995625694299456,0.040137291692843996,0.0,0.0
ASII.JK,2025-02-21,-1,0.2755276274459121,0.041588986083567515,0.0,0.0
ASII.JK,2025-02-24,-1,0.3010387953712706,0.010454530485418181,0.0,-0.0
ASII.JK,2025-02-25,0,0.29214541536552685,0.005792275630464839,0.0,-0.0
ASII.JK,2025-02-26,-1,0.28455307210003705,0.028141605740090104,0.0,0.0
ASII.JK,2025-02-27,-1,0.3025118646086922,0.017411859117302336,0.0,0.0
ASII.JK,2025-02-28,0,0.3248015204085476,0.008930024203807473,0.0,-0.0
ASII.JK,2025-03-03,0,0.31615703927845884,0.038158404791088,0.0,0.0
ASII.JK,2025-03-04,0,0.3039107617120275,0.507037041495513,0.0,0.0
ASII.JK,2025-03-05,0,0.33412556964308004,0.23665516840704903,0.0,0.0
ASII.JK,2025-03-06,0,0.33195619987510416,0.6683990190113602,0.0,0.0
ASII.JK,2025-03-07,0,0.29457602568528757,0.2327461350305316,0.0,0.0
ASII.JK,2025-03-10,0,0.28581218082788934,0.2026275720331949,0.0,-0.0
ASII.JK,2025-03-11,0,0.2893118387498048,0.5854214181200007,0.0,0.0
ASII.JK,2025-03-12,0,0.2945124941319145,0.28809180543461993,0.0,0.0
ASII.JK,2025-03-13,0,0.2903862143926812,0.1007244612457633,0.0,-0.0
ASII.JK,2025-03-14,0,0.2726018976431088,0.10992630999157688,0.0,-0.0
ASII.JK,2025-03-17,0,0.24462937509898827,0.04210080090707099,0.0,0.0
ASII.JK,2025-03-18,0,0.26209231187465987,0.018271085165201262,0.0,0.0
ASII.JK,2025-03-19,0,0.2658932804130427,0.08201908712221298,0.0,0.0
ASII.JK,2025-03-20,0,0.28152444749777544,0.045182150238041494,0.0,0.0
ASII.JK,2025-03-21,0,0.2974944286508908,0.06546278933546133,0.0,0.0
ASII.JK,2025-03-24,0,0.3047550830425841,0.0254787883233004,0.0,-0.0
ASII.JK,2025-03-25,0,0.255294519791194,0.08452224442307302,0.0,-0.0
ASII.JK,2025-03-26,0,0.3190866761486206,0.08265587413407656,0.0,0.0
ASII.JK,2025-03-27,0,0.30982436403861313,0.4326102948069941,0.0,0.0
ASII.JK,2025-04-08,0,0.26271372768222545,0.07491616422064028,0.0,-0.0
ASII.JK,2025-04-09,0,0.2278324786198343,0.05387089132970943,0.0,0.0
ASII.JK,2025-04-10,0,0.22510398254930666,0.07537227071204981,0.0,0.0
ASII.JK,2025-04-11,0,0.22526164283501238,0.2972859408990239,0.0,0.0
ASII.JK,2025-04-14,0,0.2479223909616957,0.3967587442031146,0.0,0.0
ASII.JK,2025-04-15,0,0.24713244569883341,0.7557062935013468,0.0,-0.0
ASII.JK,2025-04-16,0,0.23927964192501405,0.48652834806248574,0.0,-0.0
ASII.JK,2025-04-17,0,0.24625129977625496,0.4602341551998178,0.0,-0.0
ASII.JK,2025-04-21,0,0.24620555632791108,0.6339778546903868,0.0,0.0
ASII.JK,2025-04-22,0,0.23353969660354643,0.12713382058681347,0.0,-0.0
ASII.JK,2025-04-23,0,0.26979755942376493,0.6919200255960982,0.0,0.0
ASII.JK,2025-04-24,0,0.2517025507095829,0.4223150794347672,0.0,-0.0
ASII.JK,2025-04-25,0,0.27831401423691843,0.4413703847976532,0.0,0.0
ASII.JK,2025-04-28,0,0.2619542079180981,0.6147411944275861,0.0,0.0
ASII.JK,2025-04-29,0,0.27437338820455637,0.17101971860959006,0.0,-0.0
ASII.JK,2025-04-30,0,0.2599338575364884,0.3413698899665411,0.0,0.0
ASII.JK,2025-05-02,-1,0.3369217733775663,0.13975613433969492,0.0,-0.0
ASII.JK,2025-05-05,-1,0.33646603923074664,0.08502100018945753,0.0,-0.0
ASII.JK,2025-05-06,1,0.3385116906557443,0.12490951657811777,0.0,-0.0
ASII.JK,2025-05-07,1,0.39082916725031713,0.1539033181004635,0.0,0.0
ASII.JK,2025-05-08,1,0.4151250554201011,0.08995568528042115,0.0,-0.0
ASII.JK,2025-05-09,1,0.40669440538232754,0.2561669488541651,0.0,0.0
ASII.JK,2025-05-14,1,0.4049038240847326,0.11907104797251042,0.0,0.0
ASII.JK,2025-05-15,1,0.4001549611855962,0.32094160939034266,0.0,0.0
ASII.JK,2025-05-16,1,0.4356485104202484,0.7037542142927316,0.0,0.0
ASII.JK,2025-05-19,1,0.4324565337240869,0.6656360524741155,1.0,0.010795159627037977
ASII.JK,2025-05-20,1,0.4327050076813463,0.6801992545689839,1.0,-0.016194395442163945
ASII.JK,2025-05-21,1,0.426916204982044,0.4265797622250563,1.0,0.025922765376175327
ASII.JK,2025-05-22,1,0.43460130810687636,0.40904444021377767,0.0,-0.0025
ASII.JK,2025-05-23,1,0.44145268069272675,0.24314105770259517,0.0,0.0
ASII.JK,2025-05-26,1,0.4596488048090052,0.22828700169040622,0.0,-0.0
ASII.JK,2025-05-27,1,0.4508612045720004,0.467448085848184,0.0,-0.0
ASII.JK,2025-05-28,1,0.4481651724311515,0.26462956697547896,0.0,0.0
ASII.JK,2025-06-02,1,0.44784261415298354,0.15387595604902474,0.0,-0.0
ASII.JK,2025-06-03,1,0.42389957952410073,0.1391793446936029,0.0,-0.0
ASII.JK,2025-06-04,1,0.372327732930175,0.0274113357778411,0.0,-0.0
ASII.JK,2025-06-05,1,0.39030201636433104,0.11576464759815251,0.0,0.0
ASII.JK,2025-06-10,1,0.3924552840371982,0.05219580979513094,0.0,-0.0
ASII.JK,2025-06-11,1,0.4039830912145667,0.05583724870177292,0.0,0.0
ASII.JK,2025-06-12,1,0.41417996237093024,0.03710602738219364,0.0,-0.0
ASII.JK,2025-06-13,1,0.40307000338406784,0.0958422212235188,0.0,0.0
ASII.JK,2025-06-16,1,0.42923686263212224,0.030673977136287764,0.0,0.0
ASII.JK,2025-06-17,1,0.38980967473618117,0.09900243744494897,0.0,-0.0
ASII.JK,2025-06-18,1,0.3851506317084672,0.06783180577663477,0.0,-0.0
ASII.JK,2025-06-19,1,0.3891746374399452,0.015376382297859736,0.0,-0.0
ASII.JK,2025-06-20,1,0.38960445756976425,0.059589595035410704,0.0,-0.0
ASII.JK,2025-06-23,1,0.3625401410737726,0.02489040988689348,0.0,-0.0
ASII.JK,2025-06-24,1,0.36419131910319524,0.023389231356096007,0.0,0.0
ASII.JK,2025-06-25,1,0.3664855093247849,0.023409203970815494,0.0,0.0
ASII.JK,2025-06-26,1,0.36977950797927844,0.11364694987629997,0.0,-0.0
ASII.JK,2025-06-30,-1,0.3426500402993205,0.11149170792374159,0.0,0.0
ASII.JK,2025-07-01,-1,0.3402814287714111,0.08354076773511997,0.0,-0.0
ASII.JK,2025-07-02,1,0.387523916387657,0.08521541030715507,0.0,0.0
ASII.JK,2025-07-03,1,0.391174285971588,0.2930287203806608,0.0,0.0
ASII.JK,2025-07-04,1,0.3851432421577619,0.49335939244294924,0.0,0.0
ASII.JK,2025-07-07,-1,0.3802258191763314,0.4537668619849781,0.0,0.0
ASII.JK,2025-07-08,1,0.3847659690172261,0.4485809977317822,0.0,-0.0
ASII.JK,2025-07-09,1,0.41264362823750556,0.660962191498119,0.0,0.0
ASII.JK,2025-07-10,1,0.3961224002231373,0.4199347859143862,1.0,-0.009974596880455154
ASII.JK,2025-07-11,1,0.39363026326420886,0.43431162422242314,0.0,-0.0025
ASII.JK,2025-07-14,1,0.3958375850456567,0.23286070673106485,0.0,-0.0
ASII.JK,2025-07-15,-1,0.3798414416160555,0.2620249936069378,0.0,0.0
ASII.JK,2025-07-16,-1,0.3854422280113648,0.20993745022530266,0.0,0.0
ASII.JK,2025-07-17,1,0.38685719338038344,0.23688183549326727,0.0,0.0
ASII.JK,2025-07-18,-1,0.3843020555848763,0.18258732478423154,0.0,-0.0
ASII.JK,2025-07-21,1,0.4086047699936328,0.16098395774401153,0.0,0.0
ASII.JK,2025-07-22,1,0.39638172103909997,0.25266191370065905,0.0,-0.0
ASII.JK,2025-07-23,1,0.44104818789359035,0.14111726942808506,0.0,0.0
ASII.JK,2025-07-24,1,0.4165378327873912,0.134632772795275,0.0,0.0
ASII.JK,2025-07-25,1,0.4288755176361774,0.14666322035988555,0.0,-0.0
ASII.JK,2025-07-28,1,0.391994823700144,0.15655177629256964,0.0,0.0
ASII.JK,2025-07-29,1,0.4133438681741971,0.20961181120994937,0.0,0.0
ASII.JK,2025-07-30,1,0.42040006852935236,0.448420703415363,0.0,0.0
ASII.JK,2025-07-31,1,0.4258292254856472,0.4086566796632668,0.0,-0.0
ASII.JK,2025-08-01,1,0.37143765891714975,0.06514552966512946,0.0,-0.0
ASII.JK,2025-08-04,1,0.35805274140520005,0.07717951247202195,0.0,0.0
ASII.JK,2025-08-05,1,0.3544154938573895,0.24071463079320654,0.0,0.0
ASII.JK,2025-08-06,0,0.3174628031645983,0.004461917502547901,0.0,-0.0
ASII.JK,2025-08-07,1,0.3542937402654141,0.008467851587324838,0.0,0.0
ASII.JK,2025-08-08,0,0.3372320317769939,0.02775945671833307,0.0,-0.0
ASII.JK,2025-08-11,0,0.308468191594029,0.0374860233219586,0.0,-0.0
ASII.JK,2025-08-12,1,0.3643822337128526,0.02121467689628699,0.0,0.0
ASII.JK,2025-08-13,0,0.3177645581824935,0.07714220582923995,0.0,0.0
ASII.JK,2025-08-14,0,0.30508989914420276,0.1538812852019542,0.0,-0.0
ASII.JK,2025-08-15,0,0.2692373417340413,0.009659092847494517,0.0,-0.0
ASII.JK,2025-08-19,0,0.2653525757899223,0.38791115440671375,0.0,0.0
ASII.JK,2025-08-20,0,0.251385853375688,0.8548141031596391,0.0,0.0
ASII.JK,2025-08-21,0,0.25604367450113735,0.48207548447302134,0.0,0.0
ASII.JK,2025-08-22,0,0.2612894986618637,0.4379822514171634,0.0,0.0
ASII.JK,2025-08-25,0,0.26061075446250626,0.83664757266216,0.0,0.0
ASII.JK,2025-08-26,0,0.2389082602558839,0.24584089977173504,0.0,-0.0
ASII.JK,2025-08-27,0,0.2445368157824101,0.20283050987825652,0.0,-0.0
ASII.JK,2025-08-28,0,0.2431253646024314,0.28155673325185204,0.0,0.0
ASII.JK,2025-08-29,0,0.2445368157824101,0.29187544527751236,0.0,-0.0
ASII.JK,2025-09-01,0,0.23678743201321878,0.19643552044756057,0.0,-0.0
ASII.JK,2025-09-02,0,0.23099675364616576,0.28857172292175126,0.0,0.0
ASII.JK,2025-09-03,0,0.2342753973729206,0.09086859619226614,0.0,0.0
ASII.JK,2025-09-04,0,0.23845986751719966,0.23177093980156468,0.0,0.0
ASII.JK,2025-09-08,0,0.21775358913651316,0.05342181943476498,0.0,-0.0
ASII.JK,2025-09-09,0,0.2392574606027279,0.12129150198155045,0.0,0.0
ASII.JK,2025-09-10,0,0.23508660819282737,0.10848990747347106,0.0,-0.0
ASII.JK,2025-09-11,0,0.2434831856609768,0.22768958164027095,0.0,0.0
ASII.JK,2025-09-12,0,0.2349298474280111,0.49729377676510966,0.0,0.0
ASII.JK,2025-09-15,0,0.23286653802412893,0.3477081144186908,0.0,-0.0
ASII.JK,2025-09-16,0,0.23045796672218338,0.4533482290315853,0.0,0.0
ASII.JK,2025-09-17,-1,0.2271076503940852,0.29648736228383193,0.0,0.0
ASII.JK,2025-09-18,0,0.22454504925634924,0.04255613579643687,0.0,-0.0
ASII.JK,2025-09-19,0,0.23279604486856142,0.3448979631014995,0.0,0.0
ASII.JK,2025-09-22,0,0.2340452261840807,0.6607621827629083,0.0,-0.0
ASII.JK,2025-09-23,0,0.2227632889060633,0.35051754557800624,0.0,0.0
ASII.JK,2025-09-24,0,0.2348851898864564,0.8112676356842369,0.0,0.0
ASII.JK,2025-09-25,0,0.22279614510780096,0.3756032015750939,0.0,-0.0
ASII.JK,2025-09-26,0,0.22664499146292133,0.28317143320570365,0.0,0.0
ASII.JK,2025-09-29,0,0.23766407651569438,0.28584479473136665,0.0,-0.0
ASII.JK,2025-09-30,0,0.2318185210216545,0.3458289406582378,0.0,0.0
ASII.JK,2025-10-01,0,0.2265293779229474,0.03998806487967615,0.0,-0.0
ASII.JK,2025-10-02,-1,0.2223246858476367,0.19726510926102192,0.0,0.0
ASII.JK,2025-10-03,0,0.25594029833101045,0.13612263115670775,0.0,0.0
ASII.JK,2025-10-06,0,0.23138889493249007,0.5785167123291332,0.0,0.0
ASII.JK,2025-10-07,0,0.21258308790944022,0.05525763113740857,0.0,-0.0
ASII.JK,2025-10-08,-1,0.21775676596122287,0.07108171067338835,0.0,-0.0
ASII.JK,2025-10-09,0,0.22655050857992154,0.26868984026236487,0.0,0.0
ASII.JK,2025-10-10,-1,0.22262267969640318,0.725627200564184,0.0,-0.0
ASII.JK,2025-10-13,-1,0.2076887794673497,0.07327025773710119,0.0,-0.0
ASII.JK,2025-10-14,0,0.22501811174738903,0.35623717356350487,0.0,0.0
ASII.JK,2025-10-15,0,0.21980643212147657,0.2574813490479459,0.0,-0.0
ASII.JK,2025-10-16,-1,0.22213396066892355,0.4684938060780233,0.0,-0.0
ASII.JK,2025-10-17,-1,0.2185449686789094,0.052827701244479115,0.0,-0.0
ASII.JK,2025-10-20,0,0.23319218519378365,0.3312468925775643,0.0,0.0
ASII.JK,2025-10-21,0,0.23090308112809044,0.8161749468716354,0.0,0.0
ASII.JK,2025-10-22,0,0.23870739404752422,0.4218820191364812,0.0,0.0
ASII.JK,2025-10-23,0,0.23273304283568613,0.43282888899556016,0.0,0.0
ASII.JK,2025-10-24,0,0.23530969848478653,0.3620455099108744,0.0,0.0
ASII.JK,2025-10-27,0,0.23304629183823555,0.38117485143881363,0.0,0.0
ASII.JK,2025-10-28,0,0.23760980012470465,0.27210168408640834,0.0,-0.0
ASII.JK,2025-10-29,0,0.23363123810805206,0.33263856830442134,0.0,0.0
ASII.JK,2025-10-30,0,0.24358446053034297,0.33380829034297466,0.0,-0.0
ASII.JK,2025-10-31,0,0.23521807782339482,0.6590532667278143,0.0,-0.0
ASII.JK,2025-11-03,0,0.24301190323960892,0.3735898370234925,0.0,0.0
ASII.JK,2025-11-04,0,0.23505310265041385,0.7791909029845397,0.0,-0.0
ASII.JK,2025-11-05,0,0.2316387794191684,0.7109452570706515,0.0,-0.0
ASII.JK,2025-11-06,0,0.2334044881258435,0.7325873021852659,0.0,0.0
ASII.JK,2025-11-07,0,0.23679959487491686,0.6100640685597701,0.0,0.0
ASII.JK,2025-11-10,0,0.23455443587946487,0.6954478397297986,0.0,0.0
ASII.JK,2025-11-11,0,0.23817972628937772,0.5959047839600458,0.0,0.0
ASII.JK,2025-11-12,0,0.22304072739769207,0.3282285321632645,0.0,-0.0
ASII.JK,2025-11-13,0,0.21550386226257687,0.21271122905130152,0.0,-0.0
ASII.JK,2025-11-14,0,0.23091573116017222,0.2651737260009533,0.0,0.0
ASII.JK,2025-11-17,0,0.23559179850353815,0.382594031152225,0.0,0.0
ASII.JK,2025-11-18,0,0.24148151067136966,0.15608960939791716,0.0,-0.0
ASII.JK,2025-11-19,0,0.23050748838615645,0.06540821832155577,0.0,-0.0
ASII.JK,2025-11-20,0,0.23960054188110788,0.07028513924688086,0.0,0.0
ASII.JK,2025-11-21,0,0.2526669428310832,0.4040143820233456,0.0,0.0
ASII.JK,2025-11-24,0,0.2544076135287718,0.41006159600172926,0.0,0.0
ASII.JK,2025-11-25,0,0.25050383755236666,0.18286007204370028,0.0,-0.0
ASII.JK,2025-11-26,0,0.2493195222404865,0.09461472481884856,0.0,0.0
ASII.JK,2025-11-27,0,0.24394876053314904,0.1418954251195607,0.0,-0.0
ASII.JK,2025-11-28,0,0.25331195999450595,0.6578440485870166,0.0,-0.0
ASII.JK,2025-12-01,0,0.24808765180508466,0.2539885466308398,0.0,-0.0
ASII.JK,2025-12-02,0,0.25568601710250977,0.2610333352134231,0.0,0.0
ASII.JK,2025-12-03,0,0.24907606638235388,0.6183253702003437,0.0,-0.0
ASII.JK,2025-12-04,0,0.2568727296336819,0.36586247684511763,0.0,0.0
ASII.JK,2025-12-05,0,0.21994724507069852,0.3711595602142189,0.0,-0.0
ASII.JK,2025-12-08,0,0.22276342315626718,0.3891069510429813,0.0,0.0
ASII.JK,2025-12-09,-1,0.21093655644349635,0.22770186790107821,0.0,-0.0
ASII.JK,2025-12-10,0,0.21956870689422042,0.2267769089395749,0.0,0.0
ASII.JK,2025-12-11,0,0.20832820169315278,0.07179263921730696,0.0,-0.0
ASII.JK,2025-12-12,-1,0.22454913232765011,0.262852134748132,0.0,0.0
ASII.JK,2025-12-15,-1,0.2164102019114897,0.3940774230071389,0.0,0.0
ASII.JK,2025-12-16,-1,0.22956720237779257,0.7077193027978178,0.0,0.0
ASII.JK,2025-12-17,-1,0.23319784114234515,0.5040220181804062,0.0,0.0
ASII.JK,2025-12-18,0,0.22405109764795764,0.1393584760113809,0.0,-0.0
ASII.JK,2025-12-19,-1,0.22823522095264362,0.1507114775500535,0.0,0.0
ASII.JK,2025-12-22,-1,0.2280919367773252,0.04286484909652016,0.0,0.0
ASII.JK,2025-12-23,-1,0.21708502710360986,0.03583406962993746,0.0,-0.0
ASII.JK,2025-12-24,0,0.25848922766078314,0.059015126161577426,0.0,0.0
ASII.JK,2025-12-29,0,0.24013971957162206,0.2849457538853866,0.0,0.0
UNVR.JK,2025-01-02,1,0.3479956461014056,0.9420362026676744,0.0,0.0
UNVR.JK,2025-01-03,1,0.3479956461014056,0.8324939298708476,1.0,-0.03419755722864476
UNVR.JK,2025-01-06,1,0.3479956461014056,0.39353345497119147,1.0,-0.016901413551156264
UNVR.JK,2025-01-07,1,0.3479956461014056,0.5664245831177172,0.0,-0.0025
UNVR.JK,2025-01-08,1,0.3479956461014056,0.4704008038426896,0.0,-0.0
UNVR.JK,2025-01-09,1,0.3479956461014056,0.28782795383869497,0.0,-0.0
UNVR.JK,2025-01-10,1,0.3479956461014056,0.6098266149826121,0.0,0.0
UNVR.JK,2025-01-13,1,0.34644472277741734,0.813105171606139,1.0,0.007297615263962833
UNVR.JK,2025-01-14,1,0.3479956461014056,0.15058267737016065,1.0,0.014534874510386597
UNVR.JK,2025-01-15,1,0.3479956461014056,0.5469996495817135,0.0,-0.0025
UNVR.JK,2025-01-16,1,0.3479956461014056,0.7989270555726675,0.0,0.0
UNVR.JK,2025-01-17,1,0.34530578816596963,0.8067339573719136,1.0,0.001301055979551048
UNVR.JK,2025-01-20,1,0.34530578816596963,0.7719061172589189,1.0,-0.022346324231305004
UNVR.JK,2025-01-21,1,0.34644472277741734,0.6976486826843701,1.0,-0.011428548158290752
UNVR.JK,2025-01-22,1,0.34644472277741734,0.1644742696498187,1.0,-0.02023123278191019
UNVR.JK,2025-01-23,1,0.34530578816596963,0.5717707741548488,0.0,-0.0025
UNVR.JK,2025-01-24,1,0.34644472277741734,0.32215056174105117,0.0,-0.0
UNVR.JK,2025-01-30,1,0.34644472277741734,0.11069541804335689,0.0,-0.0
UNVR.JK,2025-01-31,1,0.34644472277741734,0.13280707225072222,0.0,-0.0
UNVR.JK,2025-02-03,1,0.34644472277741734,0.27013725533713356,0.0,-0.0
UNVR.JK,2025-02-04,1,0.34644472277741734,0.12658712745275416,0.0,-0.0
UNVR.JK,2025-02-05,1,0.34644472277741734,0.0768353232551753,0.0,0.0
UNVR.JK,2025-02-06,1,0.34644472277741734,0.1503220087211864,0.0,-0.0
UNVR.JK,2025-02-07,1,0.34644472277741734,0.15250147073566273,0.0,-0.0
UNVR.JK,2025-02-10,1,0.3446671476606511,0.5037842449507185,0.0,0.0
UNVR.JK,2025-02-11,1,0.34644472277741734,0.6045171661782035,0.0,-0.0
UNVR.JK,2025-02-12,1,0.34644472277741734,0.4111763578063412,1.0,-0.03658779327346434
UNVR.JK,2025-02-13,1,0.34644472277741734,0.6830304238552912,0.0,-0.0025
UNVR.JK,2025-02-14,1,0.34644472277741734,0.7706123141161696,1.0,0.033835666015158916
UNVR.JK,2025-02-17,1,0.34644472277741734,0.668828301974253,1.0,-0.017064835673613166
UNVR.JK,2025-02-18,1,0.34644472277741734,0.8440603906980655,1.0,0.006944381773605679
UNVR.JK,2025-02-19,1,0.34644472277741734,0.8549685508192162,1.0,-0.05172410802326133
UNVR.JK,2025-02-20,1,0.34644472277741734,0.7757613643361995,1.0,-0.018181807095344782
UNVR.JK,2025-02-21,1,0.34644472277741734,0.23033186181136014,1.0,-0.04444435473753894
UNVR.JK,2025-02-24,1,0.34644472277741734,0.42348563414828394,0.0,-0.0025
UNVR.JK,2025-02-25,1,0.34644472277741734,0.13329001323572157,0.0,-0.0
UNVR.JK,2025-02-26,1,0.34644472277741734,0.39734615880439195,0.0,0.0
UNVR.JK,2025-02-27,1,0.34644472277741734,0.43074397835516903,0.0,0.0
UNVR.JK,2025-02-28,1,0.34644472277741734,0.17002951005624764,0.0,-0.0
UNVR.JK,2025-03-03,1,0.34644472277741734,0.34601349015043525,0.0,0.0
UNVR.JK,2025-03-04,1,0.34644472277741734,0.4770705890325885,0.0,-0.0
UNVR.JK,2025-03-05,1,0.34644472277741734,0.31584674741869295,0.0,0.0
UNVR.JK,2025-03-06,1,0.34644472277741734,0.4116218063392925,0.0,0.0
UNVR.JK,2025-03-07,1,0.34644472277741734,0.4756991223601657,0.0,0.0
UNVR.JK,2025-03-10,1,0.34644472277741734,0.6411586236419164,0.0,-0.0
UNVR.JK,2025-03-11,1,0.34530578816596963,0.4817058952595053,1.0,0.006974618420725389
UNVR.JK,2025-03-12,1,0.34644472277741734,0.8573791795760948,0.0,-0.0025
UNVR.JK,2025-03-13,1,0.34530578816596963,0.3465582332473192,1.0,0.0941522859129707
UNVR.JK,2025-03-14,1,0.34530578816596963,0.37923857558002816,0.0,-0.0025
UNVR.JK,2025-03-17,1,0.34530578816596963,0.4108184410658534,0.0,0.0
UNVR.JK,2025-03-18,1,0.34530578816596963,0.3554117947600688,0.0,-0.0
UNVR.JK,2025-03-19,1,0.34530578816596963,0.1976399325276199,0.0,0.0
UNVR.JK,2025-03-20,1,0.34530578816596963,0.2846891999260384,0.0,-0.0
UNVR.JK,2025-03-21,1,0.34530578816596963,0.33642155693037173,0.0,-0.0
UNVR.JK,2025-03-24,1,0.34530578816596963,0.2967128359534559,0.0,-0.0
UNVR.JK,2025-03-25,1,0.34530578816596963,0.407635412875415,0.0,-0.0
UNVR.JK,2025-03-26,1,0.34530578816596963,0.3442894367352058,0.0,-0.0
UNVR.JK,2025-03-27,1,0.34530578816596963,0.17048257902686112,0.0,0.0
UNVR.JK,2025-04-08,1,0.34644472277741734,0.19786312379469417,0.0,-0.0
UNVR.JK,2025-04-09,1,0.34644472277741734,0.2662935952470452,0.0,-0.0
UNVR.JK,2025-04-10,1,0.3479956461014056,0.17108146981069614,0.0,0.0
UNVR.JK,2025-04-11,1,0.3479956461014056,0.16680099066142695,0.0,0.0
UNVR.JK,2025-04-14,1,0.34530578816596963,0.45379709070190305,0.0,0.0
UNVR.JK,2025-04-15,1,0.34530578816596963,0.5969233479259578,0.0,-0.0
UNVR.JK,2025-04-16,1,0.34530578816596963,0.5888593483555409,0.0,-0.0
UNVR.JK,2025-04-17,1,0.34530578816596963,0.6856160664832536,0.0,0.0
UNVR.JK,2025-04-21,1,0.34530578816596963,0.5924650543524632,1.0,0.017439274445444852
UNVR.JK,2025-04-22,1,0.34530578816596963,0.6053233072259234,0.0,-0.0025
UNVR.JK,2025-04-23,1,0.34530578816596963,0.7777949335347233,1.0,0.0273809083126631
UNVR.JK,2025-04-24,1,0.3435398515819846,0.695112843065297,1.0,0.04912275368657215
UNVR.JK,2025-04-25,1,0.3435398515819846,0.8571367202375636,1.0,0.17056856562416312
UNVR.JK,2025-04-28,1,0.3397799551800904,0.9008456661717041,1.0,-0.048571429483988626
UNVR.JK,2025-04-29,1,0.3397799551800904,0.8258309984354105,1.0,0.009009053617993645
UNVR.JK,2025-04-30,1,0.3397799551800904,0.8736203957860031,1.0,0.02083335239450923
UNVR.JK,2025-05-02,1,0.3397799551800904,0.8930539975922701,1.0,0.02332348474713042
UNVR.JK,2025-05-05,1,0.3397799551800904,0.9003239753379041,1.0,0.011396068560177719
UNVR.JK,2025-05-06,1,0.3397799551800904,0.9388526173031256,1.0,0.03380282710231253
UNVR.JK,2025-05-07,1,0.3397799551800904,0.9376223233256739,1.0,-0.013623969486889598
UNVR.JK,2025-05-08,1,0.3397799551800904,0.9502398288970013,1.0,-0.01657459032719788
UNVR.JK,2025-05-09,1,0.3397799551800904,0.9082384998940851,1.0,0.0
UNVR.JK,2025-05-14,1,0.3397799551800904,0.908116833317289,1.0,0.0028090026564708825
UNVR.JK,2025-05-15,1,0.3397799551800904,0.6451669441358707,1.0,0.002801055979551048
UNVR.JK,2025-05-16,1,0.3397799551800904,0.8083016293585856,1.0,-0.013966472160733323
UNVR.JK,2025-05-19,1,0.3397799551800904,0.8633659206484513,1.0,0.0
UNVR.JK,2025-05-20,1,0.346202161274265,0.5567224106038482,1.0,-0.031161391001792937
UNVR.JK,2025-05-21,1,0.346202161274265,0.641979893162411,0.0,-0.0025
UNVR.JK,2025-05-22,1,0.346202161274265,0.6620241361600293,1.0,0.029750076914215218
UNVR.JK,2025-05-23,1,0.346202161274265,0.7343428201509121,1.0,-0.016528930073766657
UNVR.JK,2025-05-26,1,0.346202161274265,0.5449494577238163,1.0,-0.01120453705154123
UNVR.JK,2025-05-27,1,0.346202161274265,0.6325542174186851,0.0,-0.0025
UNVR.JK,2025-05-28,1,0.346202161274265,0.6397094784868886,1.0,-0.007247074744335778
UNVR.JK,2025-06-02,1,0.346202161274265,0.3732252289917473,1.0,0.0
UNVR.JK,2025-06-03,1,0.346202161274265,0.39083830244504925,0.0,-0.0025
UNVR.JK,2025-06-04,1,0.346202161274265,0.3299455751015571,0.0,-0.0
UNVR.JK,2025-06-05,1,0.346202161274265,0.19542605609180363,0.0,-0.0
UNVR.JK,2025-06-10,1,0.346202161274265,0.07591253091938208,0.0,-0.0
UNVR.JK,2025-06-11,1,0.346202161274265,0.13490285588959056,0.0,-0.0
UNVR.JK,2025-06-12,1,0.346202161274265,0.2463094978700493,0.0,0.0
UNVR.JK,2025-06-13,1,0.346202161274265,0.11877415717742579,0.0,-0.0
UNVR.JK,2025-06-16,1,0.346202161274265,0.12644190011951478,0.0,-0.0
UNVR.JK,2025-06-17,1,0.3446671476606511,0.09466301711742464,0.0,-0.0
UNVR.JK,2025-06-18,1,0.3446671476606511,0.13681238083386307,0.0,-0.0
UNVR.JK,2025-06-19,1,0.3446671476606511,0.10129600186188642,0.0,-0.0
UNVR.JK,2025-06-20,1,0.3446671476606511,0.06660789122770507,0.0,-0.0
UNVR.JK,2025-06-23,1,0.3446671476606511,0.12551758762409665,0.0,-0.0
UNVR.JK,2025-06-24,1,0.3446671476606511,0.3495024735264315,0.0,0.0
UNVR.JK,2025-06-25,1,0.3446671476606511,0.7210704533532305,0.0,0.0
UNVR.JK,2025-06-26,1,0.3446671476606511,0.4219883453560168,1.0,0.0019363931480407839
UNVR.JK,2025-06-30,1,0.3446671476606511,0.4983854221696627,0.0,-0.0025
UNVR.JK,2025-07-01,1,0.3446671476606511,0.2615596477382955,0.0,0.0
UNVR.JK,2025-07-02,1,0.3446671476606511,0.37048508166092975,0.0,0.0
UNVR.JK,2025-07-03,1,0.3435398515819846,0.44200018719206496,0.0,0.0
UNVR.JK,2025-07-04,1,0.3435398515819846,0.5986292725628742,0.0,-0.0
UNVR.JK,2025-07-07,1,0.3435398515819846,0.7892219587832241,0.0,0.0
UNVR.JK,2025-07-08,1,0.3435398515819846,0.7520577856167553,1.0,-0.027141041234062857
UNVR.JK,2025-07-09,1,0.3435398515819846,0.7342205560299063,1.0,-0.003289442301641299
UNVR.JK,2025-07-10,1,0.3435398515819846,0.7865320721291041,1.0,0.04290423758212736
UNVR.JK,2025-07-11,1,0.3435398515819846,0.8283266731580038,1.0,-0.003164526831916037
UNVR.JK,2025-07-14,1,0.3435398515819846,0.7783665311895293,1.0,0.0
UNVR.JK,2025-07-15,1,0.3435398515819846,0.7643472062769672,1.0,-0.0031745728528889128
UNVR.JK,2025-07-16,1,0.3435398515819846,0.79744403905726,1.0,-0.006369452043430757
UNVR.JK,2025-07-17,1,0.3446671476606511,0.6803364821791205,1.0,0.009615379603336915
UNVR.JK,2025-07-18,1,0.3446671476606511,0.591301251441775,1.0,-0.04126979127998798
UNVR.JK,2025-07-21,1,0.346202161274265,0.761145554621932,0.0,-0.0025
UNVR.JK,2025-07-22,1,0.3435398515819846,0.6957336983201051,1.0,0.011403277703938177
UNVR.JK,2025-07-23,1,0.3435398515819846,0.8059056807981562,1.0,0.0
UNVR.JK,2025-07-24,1,0.3435398515819846,0.7697861182649017,1.0,0.009554134904074196
UNVR.JK,2025-07-25,1,0.346202161274265,0.7709154254074888,1.0,-0.025236693400442434
UNVR.JK,2025-07-28,1,0.346202161274265,0.7843619669390397,1.0,0.006472606029186645
UNVR.JK,2025-07-29,1,0.346202161274265,0.8552668247431214,1.0,0.0
UNVR.JK,2025-07-30,1,0.346202161274265,0.5046848831042882,1.0,-0.01607719059533108
UNVR.JK,2025-07-31,1,0.3435398515819846,0.8991960135138856,0.0,-0.0025
UNVR.JK,2025-08-01,1,0.3435398515819846,0.8732908225709201,1.0,0.03358762057731274
UNVR.JK,2025-08-04,1,0.3397799551800904,0.9220602265125948,1.0,-0.005649663873100064
UNVR.JK,2025-08-05,1,0.3397799551800904,0.8429403361558382,1.0,0.022727286727868945
UNVR.JK,2025-08-06,1,0.3397799551800904,0.8934372759926124,1.0,-0.0361110669815784
UNVR.JK,2025-08-07,1,0.3397799551800904,0.8732869020469806,1.0,0.017291056377623626
UNVR.JK,2025-08-08,1,0.3397799551800904,0.9199826859176137,1.0,-0.008498655569064595
UNVR.JK,2025-08-11,1,0.3397799551800904,0.93893292850117,1.0,0.0057143087260089764
UNVR.JK,2025-08-12,1,0.3397799551800904,0.9528894652757467,1.0,0.0170455227983608
UNVR.JK,2025-08-13,1,0.3397799551800904,0.9519881326815784,1.0,-0.002793344943121223
UNVR.JK,2025-08-14,1,0.3397799551800904,0.9324931473401741,1.0,0.025210070635119264
UNVR.JK,2025-08-15,1,0.346202161274265,0.924915854393522,1.0,-0.04371587370390517
UNVR.JK,2025-08-19,1,0.3397799551800904,0.9283304923669786,1.0,0.04571431492147293
UNVR.JK,2025-08-20,1,0.3397799551800904,0.9020219332451443,1.0,-0.013661219789695145
UNVR.JK,2025-08-21,1,0.3397799551800904,0.9208474496158854,1.0,0.0055401884596613105
UNVR.JK,2025-08-22,1,0.3397799551800904,0.8152421566910619,1.0,-0.024793450140368156
UNVR.JK,2025-08-25,1,0.3397799551800904,0.801967226415984,1.0,0.0028249085047862277
UNVR.JK,2025-08-26,1,0.3397799551800904,0.672313299873274,1.0,0.008450776276347272
UNVR.JK,2025-08-27,1,0.346202161274265,0.5069916631406931,1.0,-0.01955311175098451
UNVR.JK,2025-08-28,1,0.346202161274265,0.3435803228115088,0.0,-0.0025
UNVR.JK,2025-08-29,1,0.346202161274265,0.4164348265052838,0.0,-0.0
UNVR.JK,2025-09-01,1,0.346202161274265,0.1348175508488006,0.0,0.0
UNVR.JK,2025-09-02,1,0.346202161274265,0.14129353628033017,0.0,0.0
UNVR.JK,2025-09-03,1,0.346202161274265,0.15075566114123357,0.0,0.0
UNVR.JK,2025-09-04,1,0.346202161274265,0.3146074276690402,0.0,-0.0
UNVR.JK,2025-09-08,1,0.346202161274265,0.5062331661929177,0.0,-0.0
UNVR.JK,2025-09-09,1,0.346202161274265,0.11859980256054506,0.0,-0.0
UNVR.JK,2025-09-10,1,0.346202161274265,0.5022631035889851,0.0,0.0
UNVR.JK,2025-09-11,1,0.346202161274265,0.3526472172553368,0.0,0.0
UNVR.JK,2025-09-12,1,0.346202161274265,0.3506948923456505,0.0,-0.0
UNVR.JK,2025-09-15,1,0.346202161274265,0.28759361631133795,0.0,-0.0
UNVR.JK,2025-09-16,1,0.3435398515819846,0.7033596160779668,0.0,0.0
UNVR.JK,2025-09-17,1,0.3435398515819846,0.5188686058680947,1.0,-0.0043734580243177095
UNVR.JK,2025-09-18,1,0.3435398515819846,0.7365438776589506,0.0,-0.0025
UNVR.JK,2025-09-19,1,0.3435398515819846,0.7957019395710673,1.0,0.001423948567734369
UNVR.JK,2025-09-22,1,0.3435398515819846,0.7198266296209777,1.0,0.0
UNVR.JK,2025-09-23,1,0.3435398515819846,0.8845214965814631,1.0,0.034985404309324286
UNVR.JK,2025-09-24,1,0.3435398515819846,0.7661518849104909,1.0,-0.02253514889510233
UNVR.JK,2025-09-25,1,0.3435398515819846,0.5456873553037569,1.0,0.0
UNVR.JK,2025-09-26,1,0.3435398515819846,0.8788707533894804,0.0,-0.0025
UNVR.JK,2025-09-29,1,0.3435398515819846,0.8726893280730318,1.0,-0.03975137097646758
UNVR.JK,2025-09-30,1,0.3435398515819846,0.9011638577078483,1.0,0.01136360486229493
UNVR.JK,2025-10-01,1,0.3435398515819846,0.8317488228920018,1.0,0.0
UNVR.JK,2025-10-02,1,0.3435398515819846,0.8527041822468565,1.0,0.005618076336491695
UNVR.JK,2025-10-03,1,0.3435398515819846,0.8468051860821255,1.0,0.025139574499078998
UNVR.JK,2025-10-06,1,0.3397799551800904,0.8842356079705828,1.0,0.01362399611221976
UNVR.JK,2025-10-07,1,0.3397799551800904,0.8582453363999134,1.0,-0.016129024031560912
UNVR.JK,2025-10-08,1,0.3397799551800904,0.843774601150734,1.0,0.013661145731897362
UNVR.JK,2025-10-09,1,0.3397799551800904,0.8633106597720636,1.0,0.0323450715703959
UNVR.JK,2025-10-10,1,0.3397799551800904,0.765504735025834,1.0,-0.007832894107169697
UNVR.JK,2025-10-13,1,0.3397799551800904,0.70438581993709,1.0,-0.02631582326127213
UNVR.JK,2025-10-14,1,0.3397799551800904,0.8311524838257495,1.0,-0.027026989408477586
UNVR.JK,2025-10-15,1,0.3397799551800904,0.8329247557276848,1.0,0.019444409098989368
UNVR.JK,2025-10-16,1,0.3397799551800904,0.856418625119158,1.0,0.08174390281731125
UNVR.JK,2025-10-17,1,0.3397799551800904,0.8517572201036614,1.0,-0.04282115903413075
UNVR.JK,2025-10-20,1,0.3397799551800904,0.856418625119158,1.0,0.09473679255013412
UNVR.JK,2025-10-21,1,0.3397799551800904,0.8835057032895519,1.0,-0.014423070031510998
UNVR.JK,2025-10-22,1,0.3397799551800904,0.9196986569517376,1.0,0.009756136904567558
UNVR.JK,2025-10-23,1,0.3397799551800904,0.9423734373994938,1.0,0.0917874133617147
UNVR.JK,2025-10-24,1,0.3397799551800904,0.9319555502753099,1.0,0.11946914674832598
UNVR.JK,2025-10-27,1,0.3397799551800904,0.9548684825344861,1.0,0.07114609473154054
UNVR.JK,2025-10-28,1,0.3397799551800904,0.9568441971066077,1.0,-0.08118074057685776
UNVR.JK,2025-10-29,1,0.3397799551800904,0.9676023369295248,1.0,0.036144558640475166
UNVR.JK,2025-10-30,1,0.3397799551800904,0.956034311983704,1.0,-0.007751968932030673
UNVR.JK,2025-10-31,1,0.3397799551800904,0.9697834446599048,1.0,0.007812531432979553
UNVR.JK,2025-11-03,1,0.3397799551800904,0.9509268997198369,1.0,0.03488370260603446
UNVR.JK,2025-11-04,1,0.3397799551800904,0.971971099478536,1.0,0.007490666741112761
UNVR.JK,2025-11-05,1,0.3397799551800904,0.939193919895103,1.0,0.0
UNVR.JK,2025-11-06,1,0.3397799551800904,0.9480304065926414,1.0,-0.026022358023407577
UNVR.JK,2025-11-07,1,0.3397799551800904,0.9230365512951487,1.0,-0.03435102499902232
UNVR.JK,2025-11-10,1,0.346202161274265,0.8945050807018281,1.0,0.0
UNVR.JK,2025-11-11,1,0.3397799551800904,0.8795824636975735,1.0,-0.015810338504774868
UNVR.JK,2025-11-12,1,0.346202161274265,0.6208479845157678,1.0,0.02409637242698337
UNVR.JK,2025-11-13,1,0.346202161274265,0.7032406499472761,1.0,-0.02352939925944464
UNVR.JK,2025-11-14,1,0.346202161274265,0.6939121533400776,1.0,0.00803216042767363
UNVR.JK,2025-11-17,1,0.346202161274265,0.7708796776086903,1.0,0.031872419611085334
UNVR.JK,2025-11-18,1,0.346202161274265,0.7590376231608754,1.0,-0.030887946034160008
UNVR.JK,2025-11-19,1,0.346202161274265,0.8135304614133781,1.0,0.027888394156863505
UNVR.JK,2025-11-20,1,0.346202161274265,0.6819692561939835,1.0,0.007751863873294962
UNVR.JK,2025-11-21,1,0.3397799551800904,0.5883201147833073,1.0,-0.02307691265186318
UNVR.JK,2025-11-24,1,0.3397799551800904,0.8059113863948082,0.0,-0.0025
UNVR.JK,2025-11-25,1,0.3397799551800904,0.7013278545818195,1.0,-0.01648123196479373
UNVR.JK,2025-11-26,1,0.3397799551800904,0.7333133104208814,1.0,-0.01140694089798655
UNVR.JK,2025-11-27,1,0.3397799551800904,0.8430519599188877,1.0,0.0
UNVR.JK,2025-11-28,1,0.3397799551800904,0.7723148097969883,1.0,0.0
UNVR.JK,2025-12-01,1,0.3397799551800904,0.5499027810878151,1.0,0.007692338967487444
UNVR.JK,2025-12-02,1,0.3397799551800904,0.6758415307209016,0.0,-0.0025
UNVR.JK,2025-12-03,1,0.3397799551800904,0.8022609364491984,1.0,0.043782997253276
UNVR.JK,2025-12-04,1,0.3397799551800904,0.8626375484079705,1.0,0.0
UNVR.JK,2025-12-05,1,0.3397799551800904,0.837202239959184,1.0,-0.021660639928262393
UNVR.JK,2025-12-08,1,0.346202161274265,0.6875313023886935,1.0,-0.03321031660221774
UNVR.JK,2025-12-09,1,0.3397799551800904,0.5347384174706464,1.0,0.019083994737048027
UNVR.JK,2025-12-10,1,0.3397799551800904,0.7588119393942228,0.0,-0.0025
UNVR.JK,2025-12-11,1,0.3397799551800904,0.7514794716827222,1.0,-0.034466917314881995
UNVR.JK,2025-12-12,1,0.3397799551800904,0.6172348397528934,1.0,-0.0037879449017982347
UNVR.JK,2025-12-15,1,0.3397799551800904,0.7477854093101878,1.0,0.014549695803916185
UNVR.JK,2025-12-16,1,0.3397799551800904,0.7751923220244284,1.0,0.05038760674257858
UNVR.JK,2025-12-17,1,0.346202161274265,0.7567614198418448,1.0,-0.02952027093613452
UNVR.JK,2025-12-18,1,0.346202161274265,0.6370080479157005,1.0,0.0076045562962479
UNVR.JK,2025-12-19,1,0.3397799551800904,0.872414298929488,1.0,0.04528298080072668
UNVR.JK,2025-12-22,1,0.3397799551800904,0.891273400504687,1.0,-0.025270690491378534
UNVR.JK,2025-12-23,1,0.3397799551800904,0.6285640740999696,1.0,-0.03333335274705074
UNVR.JK,2025-12-24,1,0.346202161274265,0.7509448763958868,1.0,-0.003831464562166098
UNVR.JK,2025-12-29,1,0.3397799551800904,0.6736541165036294,1.0,0.0
INDF.JK,2025-01-02,0,0.18026661002104605,0.7016396782835468,0.0,0.0
INDF.JK,2025-01-03,0,0.1561332175957455,0.6224575105510581,0.0,0.0
INDF.JK,2025-01-06,0,0.1781825852482468,0.6357073095759403,0.0,-0.0
INDF.JK,2025-01-07,0,0.14683607900106857,0.5933374495756624,0.0,0.0
INDF.JK,2025-01-08,0,0.15760419471202552,0.49394274298912083,0.0,0.0
INDF.JK,2025-01-09,0,0.16603000115466032,0.414486615877788,0.0,0.0
INDF.JK,2025-01-10,-1,0.12474602608757282,0.8376036106163913,0.0,0.0
INDF.JK,2025-01-13,-1,0.108271807964629,0.8096850374432241,0.0,0.0
INDF.JK,2025-01-14,0,0.14689961320116185,0.2217228984661458,0.0,-0.0
INDF.JK,2025-01-15,-1,0.10566681862452848,0.6539884728657979,0.0,0.0
INDF.JK,2025-01-16,0,0.10448340155726624,0.4657386317977276,0.0,-0.0
INDF.JK,2025-01-17,-1,0.0939468072967493,0.524234565596724,0.0,0.0
INDF.JK,2025-01-20,0,0.14329309642249194,0.12641667875483492,0.0,-0.0
INDF.JK,2025-01-21,0,0.11627235651389214,0.1616426127801872,0.0,0.0
INDF.JK,2025-01-22,-1,0.09398160897776725,0.16579720517285837,0.0,0.0
INDF.JK,2025-01-23,0,0.10852881426813826,0.3471131364435568,0.0,-0.0
INDF.JK,2025-01-24,-1,0.11960579849220031,0.5200355135568205,0.0,0.0
INDF.JK,2025-01-30,-1,0.09418505605746894,0.1969285657042004,0.0,0.0
INDF.JK,2025-01-31,-1,0.09621476625033357,0.22858296498383013,0.0,0.0
INDF.JK,2025-02-03,-1,0.10606228126182501,0.12582112078484123,0.0,-0.0
INDF.JK,2025-02-04,-1,0.10952986153741734,0.08884939192372063,0.0,0.0
INDF.JK,2025-02-05,0,0.11329061079315296,0.08206922778332697,0.0,-0.0
INDF.JK,2025-02-06,0,0.13036337340065574,0.13880106488345592,0.0,0.0
INDF.JK,2025-02-07,-1,0.12311309264493457,0.1747858009296449,0.0,0.0
INDF.JK,2025-02-10,-1,0.1359246994569425,0.3494314123669055,0.0,0.0
INDF.JK,2025-02-11,-1,0.14033567397602512,0.1521172119565406,0.0,-0.0
INDF.JK,2025-02-12,-1,0.1000553993712609,0.18692101594720598,0.0,0.0
INDF.JK,2025-02-13,-1,0.10660603722459047,0.19871631109373267,0.0,0.0
INDF.JK,2025-02-14,-1,0.1453857343480378,0.07771665823450298,0.0,-0.0
INDF.JK,2025-02-17,-1,0.10703663836575385,0.09772275940477919,0.0,0.0
INDF.JK,2025-02-18,-1,0.14531157866035108,0.2396419787463326,0.0,0.0
INDF.JK,2025-02-19,-1,0.13977642902931023,0.535464491943811,0.0,0.0
INDF.JK,2025-02-20,-1,0.13939028953189775,0.4144785537218904,0.0,-0.0
INDF.JK,2025-02-21,-1,0.14318698817372222,0.2004062743603943,0.0,-0.0
INDF.JK,2025-02-24,-1,0.13336114791812217,0.32118142651649534,0.0,0.0
INDF.JK,2025-02-25,-1,0.13161588508948227,0.2007120384855166,0.0,-0.0
INDF.JK,2025-02-26,-1,0.13604363646853077,0.1425832628022865,0.0,-0.0
INDF.JK,2025-02-27,0,0.15446376989371055,0.13748042741184988,0.0,-0.0
INDF.JK,2025-02-28,0,0.17048884262115077,0.6003569426092387,0.0,-0.0
INDF.JK,2025-03-03,0,0.16490254450992478,0.6316361861204597,0.0,0.0
INDF.JK,2025-03-04,0,0.1540313191258312,0.42264844099696947,0.0,-0.0
INDF.JK,2025-03-05,0,0.1396898305511546,0.20749692950646798,0.0,0.0
INDF.JK,2025-03-06,0,0.1555180129224581,0.3237296208407274,0.0,-0.0
INDF.JK,2025-03-07,0,0.14953598250564545,0.34297568778121446,0.0,-0.0
INDF.JK,2025-03-10,0,0.1212140366168655,0.572910367383351,0.0,0.0
INDF.JK,2025-03-11,0,0.16015564317907807,0.26967668288105057,0.0,-0.0
INDF.JK,2025-03-12,0,0.11087609632392265,0.4194842159021123,0.0,0.0
INDF.JK,2025-03-13,0,0.1493452515856855,0.09424380228439366,0.0,-0.0
INDF.JK,2025-03-14,0,0.14442466805664855,0.1537440230368229,0.0,-0.0
INDF.JK,2025-03-17,0,0.13049045668996564,0.11107500400281162,0.0,0.0
INDF.JK,2025-03-18,0,0.16569928221765556,0.39378760465371876,0.0,-0.0
INDF.JK,2025-03-19,0,0.13150598865745614,0.1299369802564359,0.0,0.0
INDF.JK,2025-03-20,0,0.14848189798106662,0.12689208194354085,0.0,-0.0
INDF.JK,2025-03-21,0,0.17293813275034203,0.4830155351098207,0.0,-0.0
INDF.JK,2025-03-24,0,0.18042310101652753,0.4076252120765393,0.0,-0.0
INDF.JK,2025-03-25,0,0.15588460882033617,0.4946772515590644,0.0,0.0
INDF.JK,2025-03-26,0,0.15314253968175567,0.2055980164822958,0.0,0.0
INDF.JK,2025-03-27,-1,0.11014502022855323,0.2205790374405243,0.0,0.0
INDF.JK,2025-04-08,-1,0.10017680005971633,0.20417657804377762,0.0,0.0
INDF.JK,2025-04-09,0,0.15913002634165854,0.19843612742110361,0.0,-0.0
INDF.JK,2025-04-10,-1,0.10098052004310352,0.5113821342127793,0.0,0.0
INDF.JK,2025-04-11,0,0.12911452311977056,0.1482127804697484,0.0,-0.0
INDF.JK,2025-04-14,0,0.09566129611214111,0.5101724092192331,0.0,0.0
INDF.JK,2025-04-15,0,0.0895259491048912,0.3695261657797839,0.0,0.0
INDF.JK,2025-04-16,0,0.09434463709080129,0.4104841820539716,0.0,0.0
INDF.JK,2025-04-17,0,0.0963078329076721,0.14072622414702143,0.0,-0.0
INDF.JK,2025-04-21,0,0.09432599030136402,0.2526094765955505,0.0,0.0
INDF.JK,2025-04-22,0,0.0968604218860433,0.13485514842470672,0.0,-0.0
INDF.JK,2025-04-23,0,0.11465232040027094,0.22314071426368567,0.0,0.0
INDF.JK,2025-04-24,0,0.09848088790395024,0.1853834614985895,0.0,-0.0
INDF.JK,2025-04-25,0,0.12010864811144609,0.25539246836750534,0.0,0.0
INDF.JK,2025-04-28,-1,0.1255499863718248,0.14303978318482286,0.0,-0.0
INDF.JK,2025-04-29,-1,0.11649526550524877,0.19266532017132523,0.0,0.0
INDF.JK,2025-04-30,-1,0.15322480263206084,0.5252950808285164,0.0,0.0
INDF.JK,2025-05-02,-1,0.13093376276969226,0.16722020060286497,0.0,-0.0
INDF.JK,2025-05-05,-1,0.13836311878126434,0.11495401999042226,0.0,-0.0
INDF.JK,2025-05-06,0,0.13813137644466436,0.16015800888335294,0.0,-0.0
INDF.JK,2025-05-07,-1,0.15892482316035406,0.4326739924669375,0.0,0.0
INDF.JK,2025-05-08,-1,0.1805748895862908,0.3448953965516819,0.0,0.0
INDF.JK,2025-05-09,-1,0.19525772229441898,0.5487513886124302,0.0,0.0
INDF.JK,2025-05-14,-1,0.20802189028331647,0.3549206394718339,0.0,-0.0
INDF.JK,2025-05-15,-1,0.23152017045746842,0.5487903136372444,0.0,0.0
INDF.JK,2025-05-16,-1,0.2055531265249641,0.6741441629095989,0.0,0.0
INDF.JK,2025-05-19,-1,0.24340377871685903,0.3605153822708688,0.0,-0.0
INDF.JK,2025-05-20,-1,0.25228687261473604,0.22158496248604198,0.0,-0.0
INDF.JK,2025-05-21,-1,0.24390765156245092,0.3014355529029106,0.0,0.0
INDF.JK,2025-05-22,-1,0.2494326724389279,0.20005139171112116,0.0,-0.0
INDF.JK,2025-05-23,-1,0.27507612379056046,0.29179696739077676,0.0,-0.0
INDF.JK,2025-05-26,-1,0.2651219570190795,0.2741674494547656,0.0,0.0
INDF.JK,2025-05-27,-1,0.29677638048964494,0.4169104350344232,0.0,0.0
INDF.JK,2025-05-28,-1,0.3022768127160429,0.596435182345071,0.0,0.0
INDF.JK,2025-06-02,0,0.2771071244951548,0.6413493543874743,0.0,-0.0
INDF.JK,2025-06-03,-1,0.295855030328167,0.6003769795780057,0.0,0.0
INDF.JK,2025-06-04,-1,0.23438934875182027,0.5194643990094333,0.0,0.0
INDF.JK,2025-06-05,-1,0.23824705263110868,0.2965484774012328,0.0,-0.0
INDF.JK,2025-06-10,-1,0.24119100673501662,0.41656953028688204,0.0,0.0
INDF.JK,2025-06-11,-1,0.2246910320614571,0.6979479233824062,0.0,0.0
INDF.JK,2025-06-12,-1,0.24145908904084892,0.2713236029023663,0.0,-0.0
INDF.JK,2025-06-13,-1,0.21832920454202137,0.6288161070388404,0.0,0.0
INDF.JK,2025-06-16,-1,0.22087260338449163,0.19714210709562402,0.0,-0.0
INDF.JK,2025-06-17,-1,0.2110176575485676,0.5297985596338924,0.0,-0.0
INDF.JK,2025-06-18,-1,0.2094158620196776,0.46422898364209925,0.0,-0.0
INDF.JK,2025-06-19,-1,0.2283118400283033,0.7350511753195175,0.0,-0.0
INDF.JK,2025-06-20,-1,0.250863442161569,0.7509353881008796,0.0,0.0
INDF.JK,2025-06-23,0,0.2363879692613616,0.4438493906755569,0.0,-0.0
INDF.JK,2025-06-24,0,0.21597303396983974,0.816069337151822,0.0,0.0
INDF.JK,2025-06-25,-1,0.19275648983917948,0.531274460761705,0.0,0.0
INDF.JK,2025-06-26,-1,0.15517162488384814,0.39954608656351515,0.0,0.0
INDF.JK,2025-06-30,-1,0.1749215730248753,0.6461833654017427,0.0,0.0
INDF.JK,2025-07-01,-1,0.1254829652976884,0.24770168773560097,0.0,0.0
INDF.JK,2025-07-02,-1,0.1392807068106906,0.7763754406390339,0.0,0.0
INDF.JK,2025-07-03,-1,0.12062728476941656,0.7706945560472066,0.0,0.0
INDF.JK,2025-07-04,-1,0.12529407241851356,0.5576646817009803,0.0,0.0
INDF.JK,2025-07-07,-1,0.14434121832556865,0.3199577096038222,0.0,0.0
INDF.JK,2025-07-08,-1,0.15993257778814962,0.29104617337990013,0.0,-0.0
INDF.JK,2025-07-09,-1,0.16415605511945286,0.6657629783211272,0.0,0.0
INDF.JK,2025-07-10,-1,0.1553232296924115,0.8529913631267805,0.0,-0.0
INDF.JK,2025-07-11,-1,0.17602881925763647,0.5942432802579201,0.0,0.0
INDF.JK,2025-07-14,-1,0.18560274351784362,0.6242430944666787,0.0,0.0
INDF.JK,2025-07-15,-1,0.2010645963471146,0.45873695493074496,0.0,-0.0
INDF.JK,2025-07-16,-1,0.1969592120078395,0.3933212022341973,0.0,-0.0
INDF.JK,2025-07-17,-1,0.17971514171455316,0.5006256093083024,0.0,-0.0
INDF.JK,2025-07-18,-1,0.16781065418818444,0.4190775011151581,0.0,0.0
INDF.JK,2025-07-21,-1,0.1763318803110109,0.7035099481345571,0.0,0.0
INDF.JK,2025-07-22,-1,0.1894031153181799,0.2029841890024069,0.0,-0.0
INDF.JK,2025-07-23,-1,0.1753780786228988,0.7296887203717355,0.0,0.0
INDF.JK,2025-07-24,-1,0.16305627759346053,0.6229636886221643,0.0,0.0
INDF.JK,2025-07-25,-1,0.16499628907552344,0.677791469284702,0.0,0.0
INDF.JK,2025-07-28,-1,0.16392451927378113,0.7563355500860095,0.0,-0.0
INDF.JK,2025-07-29,-1,0.15653889844438842,0.39083475555830005,0.0,-0.0
INDF.JK,2025-07-30,-1,0.16095863510026215,0.832938675772557,0.0,0.0
INDF.JK,2025-07-31,-1,0.15875019374020077,0.640664124301487,0.0,0.0
INDF.JK,2025-08-01,-1,0.16429952050560376,0.5364218804421167,0.0,-0.0
INDF.JK,2025-08-04,-1,0.21866292690052444,0.4849554904921623,0.0,-0.0
INDF.JK,2025-08-05,-1,0.17990147743020343,0.5664103811440689,0.0,-0.0
INDF.JK,2025-08-06,-1,0.23710884040849456,0.8731063178455559,0.0,-0.0
INDF.JK,2025-08-07,-1,0.23341776532549385,0.9360481885354901,0.0,0.0
INDF.JK,2025-08-08,0,0.21007593274414527,0.9425099947340873,0.0,-0.0
INDF.JK,2025-08-11,0,0.23319933619895725,0.9520905071294526,0.0,-0.0
INDF.JK,2025-08-12,0,0.19586658693732367,0.9189637744493906,0.0,-0.0
INDF.JK,2025-08-13,0,0.19284690507185046,0.9078730967483811,0.0,-0.0
INDF.JK,2025-08-14,0,0.1579170182638126,0.8662619176058556,0.0,0.0
INDF.JK,2025-08-15,0,0.18915734568022596,0.7209099496685916,0.0,-0.0
INDF.JK,2025-08-19,0,0.1709959113735484,0.5880493523982157,0.0,-0.0
INDF.JK,2025-08-20,0,0.1738782717120571,0.7164147529034499,0.0,0.0
INDF.JK,2025-08-21,0,0.16780314702176363,0.5316129672283014,0.0,-0.0
INDF.JK,2025-08-22,0,0.16767709282952478,0.6720891704140811,0.0,-0.0
INDF.JK,2025-08-25,0,0.18150486217644782,0.6520081528897262,0.0,-0.0
INDF.JK,2025-08-26,0,0.14705095005787608,0.5473655583230262,0.0,0.0
INDF.JK,2025-08-27,0,0.16309712810574656,0.6161749614019139,0.0,-0.0
INDF.JK,2025-08-28,0,0.14682932027889853,0.5500131596370426,0.0,0.0
INDF.JK,2025-08-29,0,0.1611532060800095,0.5582792244691709,0.0,-0.0
INDF.JK,2025-09-01,0,0.17275119662850916,0.7050225077169866,0.0,-0.0
INDF.JK,2025-09-02,0,0.14949818416834965,0.5107378169573693,0.0,0.0
INDF.JK,2025-09-03,0,0.13858383200162988,0.49043836134949365,0.0,0.0
INDF.JK,2025-09-04,0,0.17171810101989562,0.2749928494105285,0.0,-0.0
INDF.JK,2025-09-08,0,0.17346119674987673,0.31403656202593283,0.0,-0.0
INDF.JK,2025-09-09,0,0.1759735697644195,0.23778952826042726,0.0,-0.0
INDF.JK,2025-09-10,0,0.150394207220404,0.3146314723848273,0.0,0.0
INDF.JK,2025-09-11,0,0.14202908186987312,0.2274692369648969,0.0,0.0
INDF.JK,2025-09-12,-1,0.10780868200167323,0.23713044893175125,0.0,0.0
INDF.JK,2025-09-15,-1,0.11904198269108984,0.434415673982502,0.0,0.0
INDF.JK,2025-09-16,-1,0.11579046263880464,0.6252082144695393,0.0,0.0
INDF.JK,2025-09-17,-1,0.11815012858861028,0.29829050883291564,0.0,0.0
INDF.JK,2025-09-18,-1,0.11866950526639869,0.2027058856335738,0.0,-0.0
INDF.JK,2025-09-19,-1,0.10638061596473795,0.5511537562179062,0.0,0.0
INDF.JK,2025-09-22,-1,0.10227254234367292,0.22829065621616085,0.0,0.0
INDF.JK,2025-09-23,-1,0.10825080463209978,0.14892941199042795,0.0,-0.0
INDF.JK,2025-09-24,-1,0.1298134065592456,0.26562736135283477,0.0,0.0
INDF.JK,2025-09-25,-1,0.13353203333257477,0.08389553303660766,0.0,-0.0
INDF.JK,2025-09-26,-1,0.1263210799365425,0.10951918516066593,0.0,-0.0
INDF.JK,2025-09-29,0,0.12439246244187403,0.08510685144977252,0.0,-0.0
INDF.JK,2025-09-30,0,0.16633533497770134,0.11524859016541655,0.0,-0.0
INDF.JK,2025-10-01,0,0.1792860632280716,0.6614144298304913,0.0,-0.0
INDF.JK,2025-10-02,0,0.15845136692672387,0.5483340999479555,0.0,-0.0
INDF.JK,2025-10-03,0,0.1505484815564761,0.48610152937946693,0.0,0.0
INDF.JK,2025-10-06,0,0.15068176203329917,0.6600117177250159,0.0,-0.0
INDF.JK,2025-10-07,0,0.1648181018634615,0.43113199648281686,0.0,0.0
INDF.JK,2025-10-08,0,0.16130965692093996,0.5070100430402614,0.0,0.0
INDF.JK,2025-10-09,0,0.16603442162796958,0.4115532420433101,0.0,-0.0
INDF.JK,2025-10-10,0,0.14597021612609798,0.2142648531367901,0.0,0.0
INDF.JK,2025-10-13,0,0.14512948969069683,0.40808668173054613,0.0,0.0
INDF.JK,2025-10-14,0,0.14418753711055765,0.4569606233520449,0.0,-0.0
INDF.JK,2025-10-15,0,0.16142832150608225,0.5383811082611211,0.0,-0.0
INDF.JK,2025-10-16,0,0.14885964887109837,0.3531221856568944,0.0,0.0
INDF.JK,2025-10-17,0,0.12841673016025207,0.3107053071161918,0.0,0.0
INDF.JK,2025-10-20,-1,0.11372451946665163,0.27742894784076855,0.0,0.0
INDF.JK,2025-10-21,-1,0.1160812741628027,0.64421984978871,0.0,0.0
INDF.JK,2025-10-22,-1,0.12671589333953254,0.12181165498450672,0.0,-0.0
INDF.JK,2025-10-23,-1,0.11684917984690465,0.3969171821290112,0.0,0.0
INDF.JK,2025-10-24,-1,0.11336600881022375,0.19704469219369994,0.0,-0.0
INDF.JK,2025-10-27,-1,0.10749709834989589,0.26135373745456053,0.0,0.0
INDF.JK,2025-10-28,-1,0.12817110098060158,0.27505149835566517,0.0,0.0
INDF.JK,2025-10-29,-1,0.14162643135271746,0.09727337529824996,0.0,-0.0
INDF.JK,2025-10-30,-1,0.14306421278039783,0.08601195971727424,0.0,-0.0
INDF.JK,2025-10-31,-1,0.14224267421165693,0.10009387738818926,0.0,0.0
INDF.JK,2025-11-03,-1,0.11870181112543912,0.043673292469627416,0.0,-0.0
INDF.JK,2025-11-04,0,0.14505789437849567,0.1285055830814514,0.0,-0.0
INDF.JK,2025-11-05,0,0.10930752776864425,0.10140784603987585,0.0,0.0
INDF.JK,2025-11-06,0,0.1414685809555004,0.18463211371167304,0.0,-0.0
INDF.JK,2025-11-07,0,0.11226841513585034,0.33129858034522397,0.0,0.0
INDF.JK,2025-11-10,0,0.1167697949130661,0.22738910545752772,0.0,-0.0
INDF.JK,2025-11-11,0,0.11985443148908449,0.307272791483373,0.0,-0.0
INDF.JK,2025-11-12,-1,0.14641207633699058,0.2167713389166842,0.0,0.0
INDF.JK,2025-11-13,-1,0.12772230183959313,0.3202214017667819,0.0,-0.0
INDF.JK,2025-11-14,0,0.1133217741321276,0.2740219336853134,0.0,-0.0
INDF.JK,2025-11-17,0,0.12141703070503246,0.5849075918907778,0.0,0.0
INDF.JK,2025-11-18,0,0.15702235986433352,0.44220949883752386,0.0,-0.0
INDF.JK,2025-11-19,0,0.13708115132866594,0.3243577404035413,0.0,0.0
INDF.JK,2025-11-20,0,0.1347159508327389,0.4892925876657662,0.0,0.0
INDF.JK,2025-11-21,-1,0.10794472401932105,0.3058329065334409,0.0,0.0
INDF.JK,2025-11-24,-1,0.12261458501043047,0.8511667760334409,0.0,0.0
INDF.JK,2025-11-25,-1,0.1171772326980217,0.6905627124429851,0.0,-0.0
INDF.JK,2025-11-26,-1,0.1287062637852885,0.7833869832038762,0.0,0.0
INDF.JK,2025-11-27,-1,0.1257064213364499,0.6203339940517458,0.0,-0.0
INDF.JK,2025-11-28,-1,0.11216738976405646,0.7324158559889953,0.0,-0.0
INDF.JK,2025-12-01,-1,0.13991766938997255,0.2329965640162635,0.0,0.0
INDF.JK,2025-12-02,-1,0.1329029346275598,0.1180819859076977,0.0,-0.0
INDF.JK,2025-12-03,0,0.12581815567420307,0.22332274846296873,0.0,-0.0
INDF.JK,2025-12-04,0,0.11573230727321202,0.10687390010556831,0.0,-0.0
INDF.JK,2025-12-05,0,0.10430760812559886,0.15868006879098273,0.0,0.0
INDF.JK,2025-12-08,0,0.14492752737029557,0.40577900666659783,0.0,-0.0
INDF.JK,2025-12-09,0,0.16471625629274791,0.4320672349205107,0.0,-0.0
INDF.JK,2025-12-10,0,0.15226805804833776,0.6019826743031542,0.0,0.0
INDF.JK,2025-12-11,0,0.18242403578515692,0.6196450803514705,0.0,-0.0
INDF.JK,2025-12-12,0,0.15323335880717878,0.7707044948303063,0.0,0.0
INDF.JK,2025-12-15,0,0.1602084450516323,0.6811301880954893,0.0,0.0
INDF.JK,2025-12-16,0,0.17025477218287868,0.4307493816104137,0.0,0.0
INDF.JK,2025-12-17,0,0.16726796339665903,0.40577922752602447,0.0,0.0
INDF.JK,2025-12-18,0,0.13288163944513243,0.3610967882524561,0.0,0.0
INDF.JK,2025-12-19,0,0.15776538679286808,0.14390540409125968,0.0,-0.0
INDF.JK,2025-12-22,0,0.12064613818205398,0.17692578811213874,0.0,0.0
INDF.JK,2025-12-23,0,0.1324100224110869,0.12802696395378707,0.0,-0.0
INDF.JK,2025-12-24,0,0.12392157588014485,0.23005052376174054,0.0,0.0
INDF.JK,2025-12-29,0,0.12200061119991451,0.22706187143045864,0.0,-0.0
KLBF.JK,2025-01-02,0,0.15378470055139598,0.009000359684226359,0.0,0.0
KLBF.JK,2025-01-03,0,0.14401241351768626,0.006680043174458767,0.0,-0.0
KLBF.JK,2025-01-06,0,0.18052371534803605,0.019278997863340155,0.0,-0.0
KLBF.JK,2025-01-07,0,0.16296738460825902,0.016424524364515275,0.0,0.0
KLBF.JK,2025-01-08,0,0.17552525888798684,0.017493391937119344,0.0,-0.0
KLBF.JK,2025-01-09,0,0.1365419446795586,0.014283686900456661,0.0,-0.0
KLBF.JK,2025-01-10,0,0.15716894452059108,0.02417783559885977,0.0,-0.0
KLBF.JK,2025-01-13,0,0.1453289939919712,0.01077985310400915,0.0,0.0
KLBF.JK,2025-01-14,0,0.22308988765646406,0.01874203801805801,0.0,-0.0
KLBF.JK,2025-01-15,0,0.1648336823714581,0.005875958861762621,0.0,0.0
KLBF.JK,2025-01-16,0,0.21804074473984866,0.008929600506807012,0.0,-0.0
KLBF.JK,2025-01-17,0,0.3413127335077176,0.007191258922857512,0.0,-0.0
KLBF.JK,2025-01-20,0,0.36647578453348495,0.008610883296869093,0.0,-0.0
KLBF.JK,2025-01-21,0,0.32717591358480363,0.011292665026782313,0.0,0.0
KLBF.JK,2025-01-22,-1,0.2406604531511848,0.010585053335338277,0.0,0.0
KLBF.JK,2025-01-23,1,0.40579243775119334,0.005997416761793656,0.0,-0.0
KLBF.JK,2025-01-24,1,0.42151306305652386,0.02111728489451854,0.0,-0.0
KLBF.JK,2025-01-30,-1,0.3262997805627397,0.031066922819769312,0.0,0.0
KLBF.JK,2025-01-31,-1,0.3113940722232231,0.059139910144417225,0.0,0.0
KLBF.JK,2025-02-03,1,0.5435887530527236,0.08550848531709286,0.0,-0.0
KLBF.JK,2025-02-04,1,0.43155214262421515,0.02858035809926326,0.0,0.0
KLBF.JK,2025-02-05,1,0.49676968954129047,0.07119215024344755,0.0,-0.0
KLBF.JK,2025-02-06,1,0.4859046960604834,0.09049741658111103,0.0,0.0
KLBF.JK,2025-02-07,1,0.4624724781666638,0.1816781726999995,0.0,-0.0
KLBF.JK,2025-02-10,1,0.46535716897003593,0.16341063129000996,0.0,0.0
KLBF.JK,2025-02-11,1,0.4161767673883861,0.2779634410198139,0.0,-0.0
KLBF.JK,2025-02-12,0,0.32766350526442767,0.07428740207461824,0.0,0.0
KLBF.JK,2025-02-13,0,0.3297138409240001,0.11484111716230694,0.0,0.0
KLBF.JK,2025-02-14,0,0.30183341247226,0.08307096486305465,0.0,0.0
KLBF.JK,2025-02-17,0,0.2665220326946159,0.10656928547839456,0.0,-0.0
KLBF.JK,2025-02-18,0,0.243173075188451,0.38366935526083823,0.0,0.0
KLBF.JK,2025-02-19,0,0.2783692685816626,0.17267380076746888,0.0,-0.0
KLBF.JK,2025-02-20,0,0.3221350867737057,0.06630717159565894,0.0,-0.0
KLBF.JK,2025-02-21,0,0.32158225747737573,0.025606066490475254,0.0,0.0
KLBF.JK,2025-02-24,0,0.34188882750742594,0.021490380845830367,0.0,-0.0
KLBF.JK,2025-02-25,0,0.4259530602575745,0.05072691794913045,0.0,-0.0
KLBF.JK,2025-02-26,1,0.47468616466824054,0.007973256980038763,0.0,0.0
KLBF.JK,2025-02-27,1,0.4829938614426441,0.03252063699859001,0.0,-0.0
KLBF.JK,2025-02-28,1,0.4968135396301781,0.03033672504190576,0.0,-0.0
KLBF.JK,2025-03-03,1,0.4731435996468027,0.028982149193820042,0.0,0.0
KLBF.JK,2025-03-04,1,0.4962786198248289,0.030131010741073033,0.0,0.0
KLBF.JK,2025-03-05,1,0.48681179095067667,0.030252470369420924,0.0,-0.0
KLBF.JK,2025-03-06,1,0.5559447693521317,0.020528381130366136,0.0,0.0
KLBF.JK,2025-03-07,1,0.5408188729198703,0.010701317859525349,0.0,0.0
KLBF.JK,2025-03-10,1,0.46590724083069074,0.10847265180805803,0.0,-0.0
KLBF.JK,2025-03-11,1,0.455300947657011,0.04485211881336228,0.0,-0.0
KLBF.JK,2025-03-12,1,0.45395840119199105,0.023498738672350666,0.0,0.0
KLBF.JK,2025-03-13,0,0.43234047426101985,0.020601220131532125,0.0,0.0
KLBF.JK,2025-03-14,1,0.47191303250249245,0.021069132380235174,0.0,-0.0
KLBF.JK,2025-03-17,1,0.5110098956951885,0.012443693026250464,0.0,0.0
KLBF.JK,2025-03-18,1,0.5126510236610868,0.0902880545968643,0.0,-0.0
KLBF.JK,2025-03-19,1,0.5390446409962549,0.057290895554143725,0.0,0.0
KLBF.JK,2025-03-20,1,0.5918524597295789,0.15821311412919736,0.0,0.0
KLBF.JK,2025-03-21,1,0.5626083478873798,0.6269291078249548,0.0,0.0
KLBF.JK,2025-03-24,1,0.5489159009196664,0.26843795487422784,1.0,-0.01489278595118698
KLBF.JK,2025-03-25,1,0.5236652157487174,0.357616840229882,0.0,-0.0025
KLBF.JK,2025-03-26,1,0.5316223581736335,0.5913554107419196,0.0,-0.0
KLBF.JK,2025-03-27,1,0.4259150465585578,0.6057529392791651,0.0,0.0
KLBF.JK,2025-04-08,1,0.48910424820656545,0.30503417338790834,1.0,-0.07198461092240266
KLBF.JK,2025-04-09,1,0.43493080144842583,0.8553210738702121,0.0,-0.0025
KLBF.JK,2025-04-10,1,0.4430421626557754,0.6225806064414777,1.0,0.0346991713172316
KLBF.JK,2025-04-11,1,0.4591855183569936,0.6347105491381991,1.0,0.030567705681523227
KLBF.JK,2025-04-14,1,0.4818888240964225,0.6794686997124781,1.0,0.05084739672109162
KLBF.JK,2025-04-15,1,0.47454528381756794,0.7531305964569907,1.0,-0.03629033302657292
KLBF.JK,2025-04-16,1,0.49406543817432663,0.558344204041105,1.0,0.05020925585945446
KLBF.JK,2025-04-17,1,0.47394252501653417,0.8131918770582294,0.0,-0.0025
KLBF.JK,2025-04-21,1,0.4896270754084371,0.8453443089613045,1.0,0.01933336456433815
KLBF.JK,2025-04-22,1,0.5426293206677835,0.889872587131753,1.0,-0.02040819323458265
KLBF.JK,2025-04-23,-1,0.3157312157351886,0.5161833051547722,1.0,0.06666670235924355
KLBF.JK,2025-04-24,-1,0.267655230377193,0.6828198315148751,0.0,-0.0025
KLBF.JK,2025-04-25,-1,0.3377137662014748,0.7796048795838721,0.0,-0.0
KLBF.JK,2025-04-28,-1,0.23277616192850184,0.802965165381172,0.0,0.0
KLBF.JK,2025-04-29,-1,0.31179759152918424,0.6154251629871194,0.0,0.0
KLBF.JK,2025-04-30,-1,0.2767417867111141,0.3524690345742867,0.0,0.0
KLBF.JK,2025-05-02,-1,0.2626521424240115,0.33001315629934724,0.0,-0.0
KLBF.JK,2025-05-05,-1,0.2767417867111141,0.3665162827565244,0.0,0.0
KLBF.JK,2025-05-06,-1,0.1924630960561099,0.43333124639968856,0.0,0.0
KLBF.JK,2025-05-07,-1,0.18232064106590704,0.3786711052601144,0.0,-0.0
KLBF.JK,2025-05-08,-1,0.1420243066253325,0.42863595277968713,0.0,0.0
KLBF.JK,2025-05-09,0,0.14968695505852456,0.4283375810562354,0.0,0.0
KLBF.JK,2025-05-14,-1,0.17114845474955395,0.5755864247480387,0.0,0.0
KLBF.JK,2025-05-15,0,0.16228467115850548,0.6453374729111748,0.0,0.0
KLBF.JK,2025-05-16,-1,0.14604224605711752,0.29238005813890583,0.0,-0.0
KLBF.JK,2025-05-19,0,0.12461963474165029,0.5816006403367013,0.0,-0.0
KLBF.JK,2025-05-20,0,0.11257703756053829,0.4030011024116073,0.0,0.0
KLBF.JK,2025-05-21,0,0.13239220213319725,0.26704942967975326,0.0,0.0
KLBF.JK,2025-05-22,0,0.13321226637959827,0.800311589362727,0.0,-0.0
KLBF.JK,2025-05-23,0,0.1116637497583256,0.7259251270058067,0.0,0.0
KLBF.JK,2025-05-26,0,0.13782042781939088,0.4346527026758542,0.0,0.0
KLBF.JK,2025-05-27,0,0.13974111491857144,0.1637954970416824,0.0,0.0
KLBF.JK,2025-05-28,0,0.12751987156197908,0.2624597760013115,0.0,-0.0
KLBF.JK,2025-06-02,0,0.11705694464040459,0.6863961072807216,0.0,0.0
KLBF.JK,2025-06-03,0,0.0869209505940714,0.5143246806232985,0.0,-0.0
KLBF.JK,2025-06-04,-1,0.13219764832188674,0.3968562398689206,0.0,0.0
KLBF.JK,2025-06-05,-1,0.12829300481101488,0.5352094788034848,0.0,0.0
KLBF.JK,2025-06-10,0,0.09938296657339524,0.6270373146615212,0.0,-0.0
KLBF.JK,2025-06-11,0,0.11455861669554811,0.8053906285102072,0.0,-0.0
KLBF.JK,2025-06-12,0,0.11356204201388942,0.5948202559372426,0.0,-0.0
KLBF.JK,2025-06-13,0,0.11072830442663342,0.91959401255113,0.0,-0.0
KLBF.JK,2025-06-16,0,0.08866922582045599,0.9146961397172305,0.0,0.0
KLBF.JK,2025-06-17,0,0.12599308900808595,0.575607998078036,0.0,0.0
KLBF.JK,2025-06-18,0,0.08902634221167946,0.4266169251755688,0.0,-0.0
KLBF.JK,2025-06-19,0,0.11401638554312493,0.30411498016367855,0.0,-0.0
KLBF.JK,2025-06-20,0,0.13707786502441371,0.23644089078362998,0.0,-0.0
KLBF.JK,2025-06-23,0,0.13502625261426904,0.18683682098503632,0.0,-0.0
KLBF.JK,2025-06-24,0,0.09939383706016759,0.1383262656878998,0.0,0.0
KLBF.JK,2025-06-25,0,0.12293592487813507,0.4672408830569771,0.0,0.0
KLBF.JK,2025-06-26,0,0.11585805419628685,0.0974692946939637,0.0,-0.0
KLBF.JK,2025-06-30,0,0.12246304174525935,0.20415869101275244,0.0,0.0
KLBF.JK,2025-07-01,0,0.09221137275203439,0.05975673536560696,0.0,-0.0
KLBF.JK,2025-07-02,0,0.0799968188388745,0.03289820352561807,0.0,-0.0
KLBF.JK,2025-07-03,0,0.10774391258587201,0.19156059388236765,0.0,0.0
KLBF.JK,2025-07-04,0,0.08833802600927365,0.027965841921163453,0.0,-0.0
KLBF.JK,2025-07-07,0,0.08618459677416059,0.019256917517014204,0.0,-0.0
KLBF.JK,2025-07-08,0,0.09510419028897085,0.06843978439869373,0.0,0.0
KLBF.JK,2025-07-09,0,0.0809855646711482,0.023242541493694254,0.0,0.0
KLBF.JK,2025-07-10,0,0.07799123841439284,0.005036736639515496,0.0,-0.0
KLBF.JK,2025-07-11,0,0.13596913697600674,0.057251029566271774,0.0,0.0
KLBF.JK,2025-07-14,0,0.1470298792274177,0.18872079826749144,0.0,-0.0
KLBF.JK,2025-07-15,0,0.08591532821173124,0.08135272271472224,0.0,-0.0
KLBF.JK,2025-07-16,0,0.1276057897926323,0.020441938777575205,0.0,-0.0
KLBF.JK,2025-07-17,0,0.14163610415685668,0.015890174448303235,0.0,-0.0
KLBF.JK,2025-07-18,0,0.13185041597878694,0.053442944572400876,0.0,0.0
KLBF.JK,2025-07-21,0,0.12517366604095165,0.008844333006514868,0.0,-0.0
KLBF.JK,2025-07-22,0,0.21222744380512634,0.022911035818501856,0.0,-0.0
KLBF.JK,2025-07-23,0,0.12388751361614275,0.024453871787238426,0.0,0.0
KLBF.JK,2025-07-24,0,0.14622907010125485,0.006956759491345247,0.0,0.0
KLBF.JK,2025-07-25,0,0.14079708568084678,0.0066349714820657605,0.0,-0.0
KLBF.JK,2025-07-28,0,0.12166754419185828,0.00853538090832175,0.0,-0.0
KLBF.JK,2025-07-29,0,0.12608495040149828,0.01767128646757975,0.0,0.0
KLBF.JK,2025-07-30,0,0.13200546626998388,0.003843456446821123,0.0,-0.0
KLBF.JK,2025-07-31,0,0.31516329710479857,0.17370482979071145,0.0,-0.0
KLBF.JK,2025-08-01,0,0.25751670854528064,0.047106850413920404,0.0,0.0
KLBF.JK,2025-08-04,0,0.285640574218308,0.09596631808896171,0.0,-0.0
KLBF.JK,2025-08-05,0,0.2108488690309218,0.05388971096330393,0.0,0.0
KLBF.JK,2025-08-06,0,0.2913487018011011,0.10409291955631743,0.0,-0.0
KLBF.JK,2025-08-07,0,0.3111296175626507,0.050268003881110385,0.0,-0.0
KLBF.JK,2025-08-08,0,0.35930467507056435,0.03111339129475115,0.0,-0.0
KLBF.JK,2025-08-11,0,0.332342783041825,0.022718382872015264,0.0,-0.0
KLBF.JK,2025-08-12,0,0.3003775060432299,0.0735765001420832,0.0,0.0
KLBF.JK,2025-08-13,0,0.2229094513811607,0.01871459413015675,0.0,0.0
KLBF.JK,2025-08-14,-1,0.28028448709277776,0.030512160706248438,0.0,0.0
KLBF.JK,2025-08-15,0,0.22543360064884202,0.015561772570622155,0.0,-0.0
KLBF.JK,2025-08-19,0,0.2893372597770314,0.03547795556284965,0.0,-0.0
KLBF.JK,2025-08-20,-1,0.191248608084942,0.036474613179756636,0.0,0.0
KLBF.JK,2025-08-21,-1,0.18416877301896797,0.002886038499639622,0.0,0.0
KLBF.JK,2025-08-22,0,0.22622574220669228,0.16609347358321874,0.0,-0.0
KLBF.JK,2025-08-25,0,0.2642403718615555,0.04501385204598919,0.0,-0.0
KLBF.JK,2025-08-26,0,0.2453161880098832,0.07092590699662615,0.0,-0.0
KLBF.JK,2025-08-27,0,0.24488014007189896,0.23823818932072194,0.0,0.0
KLBF.JK,2025-08-28,0,0.24501810997925078,0.12965991358405662,0.0,-0.0
KLBF.JK,2025-08-29,0,0.23172572998465552,0.29052732324692837,0.0,-0.0
KLBF.JK,2025-09-01,0,0.2225563852242503,0.312557792973691,0.0,-0.0
KLBF.JK,2025-09-02,0,0.2010703592348439,0.09648142217015833,0.0,-0.0
KLBF.JK,2025-09-03,0,0.21039062619303314,0.12166701116517013,0.0,0.0
KLBF.JK,2025-09-04,0,0.16646290177418377,0.06804187234478154,0.0,0.0
KLBF.JK,2025-09-08,0,0.2025078062111048,0.09582927708135562,0.0,-0.0
KLBF.JK,2025-09-09,0,0.21364443504427652,0.20524417976020695,0.0,-0.0
KLBF.JK,2025-09-10,0,0.17508533546371782,0.09947637824261069,0.0,0.0
KLBF.JK,2025-09-11,0,0.30277010223330597,0.10265959408052946,0.0,0.0
KLBF.JK,2025-09-12,0,0.2197618563663639,0.030332247781481404,0.0,-0.0
KLBF.JK,2025-09-15,0,0.20367204626428714,0.023850108463553694,0.0,-0.0
KLBF.JK,2025-09-16,0,0.22044639502426963,0.11319144895021724,0.0,0.0
KLBF.JK,2025-09-17,0,0.27657297147695337,0.1261120729005435,0.0,0.0
KLBF.JK,2025-09-18,1,0.4911522619907998,0.12342712563462681,0.0,-0.0
KLBF.JK,2025-09-19,1,0.42994587366559317,0.18219961668384035,0.0,0.0
KLBF.JK,2025-09-22,1,0.4163266883431587,0.35123895091084795,0.0,0.0
KLBF.JK,2025-09-23,1,0.46246732557497683,0.632634623094908,0.0,0.0
KLBF.JK,2025-09-24,1,0.5271251262508975,0.19180658795728742,1.0,-0.02250839981614522
KLBF.JK,2025-09-25,1,0.5530419843647225,0.4150904361422226,0.0,-0.0025
KLBF.JK,2025-09-26,1,0.5690393906485467,0.7156390222112858,0.0,0.0
KLBF.JK,2025-09-29,1,0.5837926236979045,0.3827555206158401,1.0,-0.04012658123728957
KLBF.JK,2025-09-30,1,0.5823680944874563,0.10437830632222442,0.0,-0.0025
KLBF.JK,2025-10-01,1,0.5800440975358594,0.150325822362116,0.0,-0.0
KLBF.JK,2025-10-02,1,0.6046775077082156,0.1978642998579096,0.0,0.0
KLBF.JK,2025-10-03,1,0.623189693241857,0.24312703708994884,0.0,-0.0
KLBF.JK,2025-10-06,1,0.5965541380593248,0.18734234417718018,0.0,-0.0
KLBF.JK,2025-10-07,1,0.6039537130406186,0.22157706597828336,0.0,-0.0
KLBF.JK,2025-10-08,1,0.5743058761725448,0.12434831412924507,0.0,0.0
KLBF.JK,2025-10-09,1,0.5985728905453758,0.05638046089151166,0.0,0.0
KLBF.JK,2025-10-10,1,0.5978189167687865,0.05708963363436518,0.0,0.0
KLBF.JK,2025-10-13,1,0.5931375423031631,0.19991217691845903,0.0,0.0
KLBF.JK,2025-10-14,1,0.6063483915050272,0.18540178092218404,0.0,-0.0
KLBF.JK,2025-10-15,1,0.5760010529524365,0.04971099461661256,0.0,0.0
KLBF.JK,2025-10-16,1,0.5122126585102247,0.483347585923858,0.0,0.0
KLBF.JK,2025-10-17,1,0.4917126847913744,0.5973670513036927,0.0,0.0
KLBF.JK,2025-10-20,1,0.46715990049576556,0.5890211774852067,0.0,0.0
KLBF.JK,2025-10-21,-1,0.3562643940119127,0.6569573893898787,0.0,0.0
KLBF.JK,2025-10-22,1,0.47417894411418937,0.7551376917299301,0.0,-0.0
KLBF.JK,2025-10-23,1,0.4289256997304346,0.8554456574539541,1.0,0.002737202053283262
KLBF.JK,2025-10-24,1,0.5026107193972685,0.789234991026578,1.0,0.03375533280517207
KLBF.JK,2025-10-27,-1,0.39457743360665143,0.7223898151133326,1.0,0.040816318166836174
KLBF.JK,2025-10-28,-1,0.3452275539864069,0.5332785231260151,0.0,-0.0025
KLBF.JK,2025-10-29,-1,0.33207137746773724,0.4516265637813884,0.0,-0.0
KLBF.JK,2025-10-30,-1,0.295711591435703,0.6165337819715105,0.0,-0.0
KLBF.JK,2025-10-31,0,0.30117980801042576,0.9285989348465133,0.0,-0.0
KLBF.JK,2025-11-03,0,0.3122997109579897,0.896699543156425,0.0,-0.0
KLBF.JK,2025-11-04,1,0.37237463651550895,0.9770746266658303,0.0,-0.0
KLBF.JK,2025-11-05,-1,0.20889548711369207,0.7580251135243364,1.0,0.07605098402573779
KLBF.JK,2025-11-06,0,0.26094324872781843,0.9418149375363554,0.0,-0.0025
KLBF.JK,2025-11-07,0,0.2179554652502411,0.8486433256424368,0.0,0.0
KLBF.JK,2025-11-10,0,0.22931920952896742,0.7064908139599092,0.0,0.0
KLBF.JK,2025-11-11,0,0.22685173736030376,0.5946325573468028,0.0,0.0
KLBF.JK,2025-11-12,0,0.2631144867938503,0.676925358792632,0.0,-0.0
KLBF.JK,2025-11-13,0,0.2194468462798441,0.7664563307522546,0.0,0.0
KLBF.JK,2025-11-14,0,0.28810723606267025,0.20875730331063516,0.0,-0.0
KLBF.JK,2025-11-17,0,0.2510398200775682,0.12624699784825696,0.0,-0.0
KLBF.JK,2025-11-18,0,0.284447051584254,0.39047144039499526,0.0,-0.0
KLBF.JK,2025-11-19,0,0.24950102678425606,0.45757925227920104,0.0,0.0
KLBF.JK,2025-11-20,0,0.266895279248803,0.2939150108565919,0.0,-0.0
KLBF.JK,2025-11-21,0,0.24810971019410413,0.376154128745642,0.0,0.0
KLBF.JK,2025-11-24,0,0.39941432720995795,0.5030946835188556,0.0,-0.0
KLBF.JK,2025-11-25,0,0.3091836489483221,0.47974184699220035,0.0,0.0
KLBF.JK,2025-11-26,0,0.32436791455255143,0.634130263363199,0.0,0.0
KLBF.JK,2025-11-27,1,0.43715088748305725,0.45686003003353515,0.0,-0.0
KLBF.JK,2025-11-28,0,0.3893698123714524,0.32427976855719187,0.0,-0.0
KLBF.JK,2025-12-01,0,0.38129731893489943,0.559931353486383,0.0,0.0
KLBF.JK,2025-12-02,0,0.41379028610856905,0.6298330957396252,0.0,-0.0
KLBF.JK,2025-12-03,1,0.45378223291254255,0.28176233238940396,0.0,0.0
KLBF.JK,2025-12-04,0,0.4009129910680076,0.25364714324300874,0.0,0.0
KLBF.JK,2025-12-05,1,0.47238441196854253,0.11084643602686933,0.0,-0.0
KLBF.JK,2025-12-08,1,0.5017452005155072,0.3064299715602283,0.0,0.0
KLBF.JK,2025-12-09,1,0.4950548245053901,0.18091277335904848,0.0,-0.0
KLBF.JK,2025-12-10,1,0.5524198645763583,0.22622819030606223,0.0,0.0
KLBF.JK,2025-12-11,1,0.5675042354162897,0.2542381664790362,0.0,-0.0
KLBF.JK,2025-12-12,1,0.555905853864576,0.18360657130372326,0.0,0.0
KLBF.JK,2025-12-15,1,0.5916384505728636,0.5901355482233537,0.0,0.0
KLBF.JK,2025-12-16,1,0.5916145581952831,0.6279785503003884,0.0,-0.0
KLBF.JK,2025-12-17,1,0.5361589873814914,0.6737892712789518,1.0,0.019333328975385033
KLBF.JK,2025-12-18,1,0.5063482128062046,0.9215100850173599,1.0,0.0
KLBF.JK,2025-12-19,1,0.5336233916804695,0.8522763942329096,1.0,-0.020408159083418087
KLBF.JK,2025-12-22,1,0.596209999742674,0.9625938342626129,1.0,0.020833328975385035
KLBF.JK,2025-12-23,1,0.5710269186920298,0.8969559317243793,1.0,-0.008163304615869449
KLBF.JK,2025-12-24,1,0.6555039500098052,0.9057796311292373,1.0,-0.00411524631719129
KLBF.JK,2025-12-29,1,0.558820704140744,0.9550909891997328,1.0,0.016529006200659335
ADRO.JK,2025-01-02,-1,0.324593659637474,0.38668611603282826,0.0,0.0
ADRO.JK,2025-01-03,0,0.32001264132914287,0.5434244666653215,0.0,-0.0
ADRO.JK,2025-01-06,0,0.32001264132914287,0.548821112162682,0.0,-0.0
ADRO.JK,2025-01-07,0,0.32001264132914287,0.3263175598251688,0.0,0.0
ADRO.JK,2025-01-08,0,0.32001264132914287,0.3519908204930244,0.0,-0.0
ADRO.JK,2025-01-09,0,0.32001264132914287,0.5691002735435619,0.0,-0.0
ADRO.JK,2025-01-10,0,0.32055859320798247,0.7379156089691363,0.0,-0.0
ADRO.JK,2025-01-13,-1,0.3251149196768055,0.575271664334954,0.0,0.0
ADRO.JK,2025-01-14,-1,0.32289654302268894,0.6450378216708728,0.0,0.0
ADRO.JK,2025-01-15,-1,0.32289654302268894,0.45348941162486295,0.0,0.0
ADRO.JK,2025-01-16,-1,0.32289654302268894,0.24744051843275972,0.0,0.0
ADRO.JK,2025-01-17,-1,0.32289654302268894,0.4191509164533738,0.0,-0.0
ADRO.JK,2025-01-20,-1,0.32289654302268894,0.606668352724342,0.0,-0.0
ADRO.JK,2025-01-21,-1,0.32289654302268894,0.766754781381362,0.0,-0.0
ADRO.JK,2025-01-22,0,0.3281214686766545,0.7754429561581642,0.0,0.0
ADRO.JK,2025-01-23,0,0.32055859320798247,0.4652723287105598,0.0,0.0
ADRO.JK,2025-01-24,0,0.32055859320798247,0.5062327788040077,0.0,-0.0
ADRO.JK,2025-01-30,0,0.3281214686766545,0.5278058049108064,0.0,0.0
ADRO.JK,2025-01-31,0,0.32055859320798247,0.5693809304308888,0.0,0.0
ADRO.JK,2025-02-03,0,0.32055859320798247,0.3915540733539848,0.0,-0.0
ADRO.JK,2025-02-04,-1,0.32289654302268894,0.3587891597570528,0.0,0.0
ADRO.JK,2025-02-05,-1,0.32289654302268894,0.2886899117758516,0.0,0.0
ADRO.JK,2025-02-06,-1,0.32289654302268894,0.3713279268455803,0.0,-0.0
ADRO.JK,2025-02-07,-1,0.3304877474400026,0.19798815841157394,0.0,-0.0
ADRO.JK,2025-02-10,-1,0.33273264900146327,0.5644090559886367,0.0,-0.0
ADRO.JK,2025-02-11,0,0.3281214686766545,0.6933584719081707,0.0,-0.0
ADRO.JK,2025-02-12,0,0.32055859320798247,0.39105660143006526,0.0,0.0
ADRO.JK,2025-02-13,0,0.32055859320798247,0.32148570540477245,0.0,-0.0
ADRO.JK,2025-02-14,0,0.32055859320798247,0.47985076848337027,0.0,0.0
ADRO.JK,2025-02-17,0,0.32055859320798247,0.1451819769586946,0.0,0.0
ADRO.JK,2025-02-18,0,0.32055859320798247,0.18982984364200317,0.0,-0.0
ADRO.JK,2025-02-19,-1,0.32289654302268894,0.2598246791401048,0.0,-0.0
ADRO.JK,2025-02-20,-1,0.32289654302268894,0.3606967012007414,0.0,-0.0
ADRO.JK,2025-02-21,0,0.32055859320798247,0.5416869077318561,0.0,-0.0
ADRO.JK,2025-02-24,0,0.32055859320798247,0.430239997034183,0.0,0.0
ADRO.JK,2025-02-25,0,0.3281214686766545,0.630654853602025,0.0,-0.0
ADRO.JK,2025-02-26,0,0.3281214686766545,0.47364676382532933,0.0,0.0
ADRO.JK,2025-02-27,0,0.3281214686766545,0.4930768605175448,0.0,-0.0
ADRO.JK,2025-02-28,0,0.3281214686766545,0.526285982153012,0.0,0.0
ADRO.JK,2025-03-03,0,0.32055859320798247,0.7019589493346348,0.0,-0.0
ADRO.JK,2025-03-04,0,0.3281214686766545,0.6238511261650703,0.0,-0.0
ADRO.JK,2025-03-05,0,0.3281214686766545,0.5200127657168387,0.0,-0.0
ADRO.JK,2025-03-06,0,0.32939648462292637,0.402854094308138,0.0,0.0
ADRO.JK,2025-03-07,0,0.32939648462292637,0.4216829577269731,0.0,-0.0
ADRO.JK,2025-03-10,0,0.32939648462292637,0.5389296269372688,0.0,-0.0
ADRO.JK,2025-03-11,0,0.32939648462292637,0.5298694491786848,0.0,-0.0
ADRO.JK,2025-03-12,0,0.3281214686766545,0.6297538534389732,0.0,0.0
ADRO.JK,2025-03-13,0,0.32939648462292637,0.658564456428966,0.0,0.0
ADRO.JK,2025-03-14,0,0.32939648462292637,0.6242848618942424,0.0,-0.0
ADRO.JK,2025-03-17,0,0.3281214686766545,0.6606572953976713,0.0,0.0
ADRO.JK,2025-03-18,0,0.3281214686766545,0.6165129738728765,0.0,-0.0
ADRO.JK,2025-03-19,0,0.3281214686766545,0.5222741011843635,0.0,0.0
ADRO.JK,2025-03-20,0,0.3281214686766545,0.38237162731066887,0.0,0.0
ADRO.JK,2025-03-21,0,0.3281214686766545,0.4062801700866821,0.0,0.0
ADRO.JK,2025-03-24,0,0.3281214686766545,0.6254166090295902,0.0,-0.0
ADRO.JK,2025-03-25,0,0.3281214686766545,0.7614198645985852,0.0,-0.0
ADRO.JK,2025-03-26,0,0.32939648462292637,0.4432328079012598,0.0,0.0
ADRO.JK,2025-03-27,0,0.32939648462292637,0.4192231476965921,0.0,0.0
ADRO.JK,2025-04-08,0,0.32939648462292637,0.5712102510863216,0.0,-0.0
ADRO.JK,2025-04-09,0,0.32939648462292637,0.5363776113517391,0.0,0.0
ADRO.JK,2025-04-10,0,0.32939648462292637,0.40891117270153443,0.0,0.0
ADRO.JK,2025-04-11,0,0.32939648462292637,0.4296677538201244,0.0,0.0
ADRO.JK,2025-04-14,0,0.32181829757688635,0.07798911716226131,0.0,0.0
ADRO.JK,2025-04-15,0,0.32181829757688635,0.07200062506055156,0.0,0.0
ADRO.JK,2025-04-16,0,0.32181829757688635,0.09267945349882724,0.0,0.0
ADRO.JK,2025-04-17,0,0.32181829757688635,0.2335282741760215,0.0,0.0
ADRO.JK,2025-04-21,0,0.32181829757688635,0.16246259635718402,0.0,0.0
ADRO.JK,2025-04-22,-1,0.3220448236850781,0.26356374281076467,0.0,0.0
ADRO.JK,2025-04-23,-1,0.3220448236850781,0.3520985219965244,0.0,-0.0
ADRO.JK,2025-04-24,-1,0.3220448236850781,0.3541372317250746,0.0,0.0
ADRO.JK,2025-04-25,-1,0.3263202479630626,0.3170774301715128,0.0,0.0
ADRO.JK,2025-04-28,-1,0.3263202479630626,0.2970009934073879,0.0,0.0
ADRO.JK,2025-04-29,-1,0.3281016170094497,0.28599009445966306,0.0,0.0
ADRO.JK,2025-04-30,-1,0.3281016170094497,0.193452680046044,0.0,0.0
ADRO.JK,2025-05-02,-1,0.3281016170094497,0.26657122927291976,0.0,-0.0
ADRO.JK,2025-05-05,0,0.32001264132914287,0.1284256230782195,0.0,-0.0
ADRO.JK,2025-05-06,-1,0.32381407177345534,0.3037439238170975,0.0,0.0
ADRO.JK,2025-05-07,-1,0.32381407177345534,0.31258524499326107,0.0,0.0
ADRO.JK,2025-05-08,-1,0.3216807420230209,0.0588160767520039,0.0,-0.0
ADRO.JK,2025-05-09,-1,0.3216807420230209,0.4321344711664511,0.0,-0.0
ADRO.JK,2025-05-14,-1,0.3261793363568859,0.17411996385380568,0.0,0.0
ADRO.JK,2025-05-15,-1,0.3261793363568859,0.171387157399883,0.0,0.0
ADRO.JK,2025-05-16,-1,0.3281016170094497,0.2982846221018435,0.0,0.0
ADRO.JK,2025-05-19,-1,0.324593659637474,0.3609384515331607,0.0,0.0
ADRO.JK,2025-05-20,-1,0.3281016170094497,0.23168869861196761,0.0,-0.0
ADRO.JK,2025-05-21,-1,0.3263202479630626,0.12096268940843428,0.0,-0.0
ADRO.JK,2025-05-22,-1,0.3263202479630626,0.15217682424605566,0.0,-0.0
ADRO.JK,2025-05-23,0,0.32001264132914287,0.5963792836781635,0.0,-0.0
ADRO.JK,2025-05-26,0,0.32001264132914287,0.6512844582573692,0.0,-0.0
ADRO.JK,2025-05-27,-1,0.3281016170094497,0.18801395406453186,0.0,0.0
ADRO.JK,2025-05-28,0,0.32001264132914287,0.43137156441962043,0.0,-0.0
ADRO.JK,2025-06-02,0,0.32001264132914287,0.45878111864282173,0.0,-0.0
ADRO.JK,2025-06-03,0,0.32001264132914287,0.6191813319116642,0.0,-0.0
ADRO.JK,2025-06-04,0,0.32001264132914287,0.6665393504850352,0.0,0.0
ADRO.JK,2025-06-05,0,0.32001264132914287,0.522968154450972,0.0,0.0
ADRO.JK,2025-06-10,0,0.32001264132914287,0.5511702743571195,0.0,-0.0
ADRO.JK,2025-06-11,0,0.32001264132914287,0.8290773685769104,0.0,0.0
ADRO.JK,2025-06-12,0,0.3232849132048791,0.8554137974930688,0.0,0.0
ADRO.JK,2025-06-13,0,0.32001264132914287,0.6073609985352233,0.0,0.0
ADRO.JK,2025-06-16,0,0.32001264132914287,0.7506670341325246,0.0,0.0
ADRO.JK,2025-06-17,0,0.32001264132914287,0.7637399175059719,0.0,0.0
ADRO.JK,2025-06-18,0,0.32001264132914287,0.7142884230941834,0.0,-0.0
ADRO.JK,2025-06-19,0,0.32181829757688635,0.7172170656583113,0.0,-0.0
ADRO.JK,2025-06-20,0,0.32939648462292637,0.6144564087251816,0.0,-0.0
ADRO.JK,2025-06-23,0,0.3281214686766545,0.6737007020162233,0.0,-0.0
ADRO.JK,2025-06-24,0,0.3281214686766545,0.7664056946574522,0.0,0.0
ADRO.JK,2025-06-25,0,0.3281214686766545,0.7493915372414409,0.0,-0.0
ADRO.JK,2025-06-26,0,0.3281214686766545,0.7059039797333931,0.0,0.0
ADRO.JK,2025-06-30,0,0.32939648462292637,0.7446998166765465,0.0,0.0
ADRO.JK,2025-07-01,0,0.3281214686766545,0.7445972453364076,0.0,0.0
ADRO.JK,2025-07-02,0,0.3281214686766545,0.6280931400188206,0.0,-0.0
ADRO.JK,2025-07-03,0,0.3281214686766545,0.6744160333982372,0.0,-0.0
ADRO.JK,2025-07-04,0,0.3281214686766545,0.7758964305451602,0.0,-0.0
ADRO.JK,2025-07-07,0,0.3281214686766545,0.7701175063358379,0.0,-0.0
ADRO.JK,2025-07-08,0,0.3281214686766545,0.682917918734732,0.0,0.0
ADRO.JK,2025-07-09,0,0.3281214686766545,0.7817075716179708,0.0,-0.0
ADRO.JK,2025-07-10,0,0.32055859320798247,0.23473034223311864,0.0,0.0
ADRO.JK,2025-07-11,0,0.32055859320798247,0.14694202946718155,0.0,0.0
ADRO.JK,2025-07-14,0,0.32055859320798247,0.1613053362074952,0.0,-0.0
ADRO.JK,2025-07-15,0,0.32055859320798247,0.23823676952963238,0.0,-0.0
ADRO.JK,2025-07-16,0,0.32055859320798247,0.18169216985132242,0.0,0.0
ADRO.JK,2025-07-17,-1,0.32289654302268894,0.23029881436581998,0.0,-0.0
ADRO.JK,2025-07-18,-1,0.32289654302268894,0.2188835521600691,0.0,0.0
ADRO.JK,2025-07-21,-1,0.3220448236850781,0.223580430582623,0.0,0.0
ADRO.JK,2025-07-22,-1,0.3281016170094497,0.10857593025100985,0.0,0.0
ADRO.JK,2025-07-23,-1,0.3281016170094497,0.26990584745862833,0.0,0.0
ADRO.JK,2025-07-24,-1,0.3281016170094497,0.19924415767015025,0.0,-0.0
ADRO.JK,2025-07-25,-1,0.3216807420230209,0.13416116286731392,0.0,-0.0
ADRO.JK,2025-07-28,-1,0.3216807420230209,0.16553309719812448,0.0,0.0
ADRO.JK,2025-07-29,-1,0.3216807420230209,0.1445387139376961,0.0,-0.0
ADRO.JK,2025-07-30,-1,0.3216807420230209,0.4540300715342416,0.0,-0.0
ADRO.JK,2025-07-31,-1,0.3216807420230209,0.4115422336123092,0.0,-0.0
ADRO.JK,2025-08-01,-1,0.3216807420230209,0.6063163232287171,0.0,0.0
ADRO.JK,2025-08-04,-1,0.3216807420230209,0.6296736484488671,0.0,0.0
ADRO.JK,2025-08-05,-1,0.3216807420230209,0.6115690463979846,0.0,-0.0
ADRO.JK,2025-08-06,-1,0.3216807420230209,0.6462509735726447,0.0,-0.0
ADRO.JK,2025-08-07,-1,0.317437461670448,0.7757486910550924,0.0,0.0
ADRO.JK,2025-08-08,0,0.32055859320798247,0.6350113075397327,0.0,-0.0
ADRO.JK,2025-08-11,0,0.3281214686766545,0.689266464638482,0.0,0.0
ADRO.JK,2025-08-12,-1,0.32496191949789555,0.41262156664774186,0.0,0.0
ADRO.JK,2025-08-13,0,0.3281214686766545,0.5510827285896804,0.0,-0.0
ADRO.JK,2025-08-14,-1,0.317437461670448,0.5216518730920081,0.0,0.0
ADRO.JK,2025-08-15,0,0.3281214686766545,0.6136922574935153,0.0,-0.0
ADRO.JK,2025-08-19,0,0.3281214686766545,0.5762146569852333,0.0,-0.0
ADRO.JK,2025-08-20,0,0.32055859320798247,0.6494658819133482,0.0,0.0
ADRO.JK,2025-08-21,0,0.32055859320798247,0.49036469816995654,0.0,-0.0
ADRO.JK,2025-08-22,-1,0.32289654302268894,0.6556519163966403,0.0,-0.0
ADRO.JK,2025-08-25,-1,0.3304877474400026,0.6786007186129087,0.0,-0.0
ADRO.JK,2025-08-26,0,0.3265358527296125,0.6891605414688691,0.0,-0.0
ADRO.JK,2025-08-27,0,0.3189921725392756,0.3632864041542412,0.0,0.0
ADRO.JK,2025-08-28,0,0.3189921725392756,0.3961825871675405,0.0,-0.0
ADRO.JK,2025-08-29,0,0.3189921725392756,0.3212392425314217,0.0,-0.0
ADRO.JK,2025-09-01,0,0.3189921725392756,0.6217543572124192,0.0,-0.0
ADRO.JK,2025-09-02,0,0.3265358527296125,0.7163368804752459,0.0,0.0
ADRO.JK,2025-09-03,0,0.3265358527296125,0.3804477397161686,0.0,0.0
ADRO.JK,2025-09-04,0,0.3189921725392756,0.4126648344014338,0.0,0.0
ADRO.JK,2025-09-08,0,0.3265358527296125,0.18391088329490676,0.0,-0.0
ADRO.JK,2025-09-09,0,0.3265358527296125,0.5861405440955443,0.0,-0.0
ADRO.JK,2025-09-10,0,0.3265358527296125,0.7195576771603902,0.0,0.0
ADRO.JK,2025-09-11,0,0.3265358527296125,0.7737603447863822,0.0,-0.0
ADRO.JK,2025-09-12,0,0.3265358527296125,0.7356833179227017,0.0,-0.0
ADRO.JK,2025-09-15,-1,0.32289654302268894,0.7091151527199608,0.0,0.0
ADRO.JK,2025-09-16,0,0.3189921725392756,0.6215314619016854,0.0,-0.0
ADRO.JK,2025-09-17,-1,0.3304877474400026,0.7364154717869273,0.0,0.0
ADRO.JK,2025-09-18,-1,0.3304877474400026,0.6792813491898064,0.0,-0.0
ADRO.JK,2025-09-19,-1,0.3304877474400026,0.7619782444915884,0.0,0.0
ADRO.JK,2025-09-22,-1,0.32289654302268894,0.7036125333437854,0.0,-0.0
ADRO.JK,2025-09-23,-1,0.3219048761149767,0.11073152373128488,0.0,0.0
ADRO.JK,2025-09-24,-1,0.3219048761149767,0.14427580340245047,0.0,-0.0
ADRO.JK,2025-09-25,-1,0.3251149196768055,0.14422416577087513,0.0,-0.0
ADRO.JK,2025-09-26,-1,0.3251149196768055,0.2447826978290853,0.0,-0.0
ADRO.JK,2025-09-29,-1,0.3251149196768055,0.0811253813045217,0.0,0.0
ADRO.JK,2025-09-30,-1,0.32289654302268894,0.22655471989792986,0.0,-0.0
ADRO.JK,2025-10-01,-1,0.32289654302268894,0.31841489380979526,0.0,-0.0
ADRO.JK,2025-10-02,-1,0.32289654302268894,0.41755338026533706,0.0,0.0
ADRO.JK,2025-10-03,-1,0.32289654302268894,0.5347021035875213,0.0,-0.0
ADRO.JK,2025-10-06,-1,0.32289654302268894,0.5815475200753791,0.0,-0.0
ADRO.JK,2025-10-07,-1,0.32289654302268894,0.5045129260042908,0.0,-0.0
ADRO.JK,2025-10-08,-1,0.3281016170094497,0.08280740661791224,0.0,0.0
ADRO.JK,2025-10-09,0,0.3157811212786871,0.3369124554546709,0.0,-0.0
ADRO.JK,2025-10-10,0,0.32001264132914287,0.1505522951951245,0.0,0.0
ADRO.JK,2025-10-13,0,0.3157811212786871,0.32421495343341855,0.0,-0.0
ADRO.JK,2025-10-14,0,0.31590132245312064,0.3194132017932536,0.0,-0.0
ADRO.JK,2025-10-15,0,0.31590132245312064,0.5216858702175827,0.0,-0.0
ADRO.JK,2025-10-16,0,0.31590132245312064,0.8000943060832032,0.0,-0.0
ADRO.JK,2025-10-17,0,0.3189921725392756,0.7372254807748928,0.0,-0.0
ADRO.JK,2025-10-20,0,0.31590132245312064,0.7332135890497433,0.0,0.0
ADRO.JK,2025-10-21,-1,0.3220448236850781,0.2636332889373666,0.0,0.0
ADRO.JK,2025-10-22,0,0.3157811212786871,0.13430859847226992,0.0,-0.0
ADRO.JK,2025-10-23,0,0.3157811212786871,0.3165933964160206,0.0,0.0
ADRO.JK,2025-10-24,0,0.3157811212786871,0.38334939544853314,0.0,-0.0
ADRO.JK,2025-10-27,0,0.3157811212786871,0.11184374979860177,0.0,0.0
ADRO.JK,2025-10-28,0,0.32001264132914287,0.2346312488145464,0.0,0.0
ADRO.JK,2025-10-29,-1,0.3281016170094497,0.15878737986921565,0.0,0.0
ADRO.JK,2025-10-30,-1,0.3281016170094497,0.17901541563145898,0.0,0.0
ADRO.JK,2025-10-31,-1,0.3263202479630626,0.3205415448549475,0.0,-0.0
ADRO.JK,2025-11-03,-1,0.3263202479630626,0.1668016216930131,0.0,0.0
ADRO.JK,2025-11-04,-1,0.3263202479630626,0.11885005465094667,0.0,-0.0
ADRO.JK,2025-11-05,-1,0.318672707873061,0.30599977812205503,0.0,-0.0
ADRO.JK,2025-11-06,-1,0.3281016170094497,0.126738569600387,0.0,0.0
ADRO.JK,2025-11-07,-1,0.3263202479630626,0.33464831681173796,0.0,0.0
ADRO.JK,2025-11-10,-1,0.3263202479630626,0.617802296814352,0.0,0.0
ADRO.JK,2025-11-11,-1,0.3263202479630626,0.7559722595147074,0.0,-0.0
ADRO.JK,2025-11-12,-1,0.3263202479630626,0.7924248704629759,0.0,0.0
ADRO.JK,2025-11-13,0,0.32001264132914287,0.23762104765396636,0.0,-0.0
ADRO.JK,2025-11-14,0,0.32001264132914287,0.6685276551541118,0.0,-0.0
ADRO.JK,2025-11-17,0,0.32001264132914287,0.4771419201304427,0.0,0.0
ADRO.JK,2025-11-18,-1,0.317437461670448,0.6441088668167794,0.0,-0.0
ADRO.JK,2025-11-19,-1,0.3216807420230209,0.43199369118028774,0.0,0.0
ADRO.JK,2025-11-20,-1,0.3216807420230209,0.4613613689293506,0.0,-0.0
ADRO.JK,2025-11-21,-1,0.3216807420230209,0.6380381092897675,0.0,-0.0
ADRO.JK,2025-11-24,-1,0.3239893220758691,0.709803294337729,0.0,0.0
ADRO.JK,2025-11-25,-1,0.31972994324596016,0.38263330463319534,0.0,-0.0
ADRO.JK,2025-11-26,-1,0.32289654302268894,0.6456090589934179,0.0,-0.0
ADRO.JK,2025-11-27,-1,0.3304877474400026,0.7424365218988721,0.0,-0.0
ADRO.JK,2025-11-28,-1,0.3304877474400026,0.7844289275072606,0.0,0.0
ADRO.JK,2025-12-01,-1,0.3304877474400026,0.768916815306278,0.0,0.0
ADRO.JK,2025-12-02,-1,0.3304877474400026,0.7168797293237833,0.0,0.0
ADRO.JK,2025-12-03,-1,0.32289654302268894,0.7007344213423893,0.0,0.0
ADRO.JK,2025-12-04,0,0.32055859320798247,0.6878784335265627,0.0,-0.0
ADRO.JK,2025-12-05,-1,0.3304877474400026,0.733710499467107,0.0,0.0
ADRO.JK,2025-12-08,-1,0.3251149196768055,0.0799139342759704,0.0,0.0
ADRO.JK,2025-12-09,-1,0.3251149196768055,0.3193936541003404,0.0,-0.0
ADRO.JK,2025-12-10,-1,0.3251149196768055,0.23283299327283624,0.0,-0.0
ADRO.JK,2025-12-11,-1,0.3251149196768055,0.5118694666182506,0.0,-0.0
ADRO.JK,2025-12-12,-1,0.33273264900146327,0.6272599327979396,0.0,0.0
ADRO.JK,2025-12-15,-1,0.3251149196768055,0.3027691693400486,0.0,0.0
ADRO.JK,2025-12-16,-1,0.3251149196768055,0.3724162510458564,0.0,-0.0
ADRO.JK,2025-12-17,-1,0.3251149196768055,0.1158112835157225,0.0,0.0
ADRO.JK,2025-12-18,-1,0.3219048761149767,0.060718991062862646,0.0,0.0
ADRO.JK,2025-12-19,-1,0.3219048761149767,0.06619980602933086,0.0,0.0
ADRO.JK,2025-12-22,-1,0.3219048761149767,0.09462162711729173,0.0,-0.0
ADRO.JK,2025-12-23,-1,0.3219048761149767,0.4684186533839032,0.0,0.0
ADRO.JK,2025-12-24,-1,0.3219048761149767,0.23136749909146703,0.0,-0.0
ADRO.JK,2025-12-29,-1,0.3263202479630626,0.6005462326537554,0.0,0.0
ANTM.JK,2025-01-02,-1,0.3452089964956678,0.006991245694460041,0.0,0.0
ANTM.JK,2025-01-03,-1,0.3452089964956678,0.008206156813601144,0.0,-0.0
ANTM.JK,2025-01-06,1,0.35031239292844635,0.0033535824997819232,0.0,-0.0
ANTM.JK,2025-01-07,1,0.3432957484861434,0.004256563600029358,0.0,-0.0
ANTM.JK,2025-01-08,1,0.3397724101949383,0.0028205667397546035,0.0,-0.0
ANTM.JK,2025-01-09,1,0.3404933452321771,0.0015551045030160224,0.0,-0.0
ANTM.JK,2025-01-10,1,0.34687207319696983,0.003641521814182718,0.0,0.0
ANTM.JK,2025-01-13,1,0.35031239292844635,0.016188712992083996,0.0,0.0
ANTM.JK,2025-01-14,-1,0.3466346455950075,0.008062156187902786,0.0,0.0
ANTM.JK,2025-01-15,-1,0.34517883587966947,0.013810101436166445,0.0,0.0
ANTM.JK,2025-01-16,-1,0.3452089964956678,0.037210692375212136,0.0,-0.0
ANTM.JK,2025-01-17,-1,0.3452089964956678,0.026291882402459964,0.0,0.0
ANTM.JK,2025-01-20,-1,0.3466346455950075,0.0632079036117497,0.0,-0.0
ANTM.JK,2025-01-21,-1,0.3412692069430459,0.09772743611665077,0.0,0.0
ANTM.JK,2025-01-22,-1,0.33143748219588287,0.09097439714146335,0.0,0.0
ANTM.JK,2025-01-23,-1,0.3452089964956678,0.23998084588474913,0.0,-0.0
ANTM.JK,2025-01-24,-1,0.33846700292117715,0.17457612915932866,0.0,0.0
ANTM.JK,2025-01-30,1,0.3432957484861434,0.058442721591271535,0.0,-0.0
ANTM.JK,2025-01-31,1,0.34687207319696983,0.302418966258757,0.0,-0.0
ANTM.JK,2025-02-03,1,0.34687207319696983,0.43725507633572613,0.0,-0.0
ANTM.JK,2025-02-04,1,0.34687207319696983,0.44332308827417843,0.0,0.0
ANTM.JK,2025-02-05,1,0.35031239292844635,0.02746774802865078,0.0,0.0
ANTM.JK,2025-02-06,1,0.35031239292844635,0.07386965779856457,0.0,-0.0
ANTM.JK,2025-02-07,1,0.35178059540487444,0.04038560346380322,0.0,0.0
ANTM.JK,2025-02-10,1,0.35031239292844635,0.014391839371199098,0.0,-0.0
ANTM.JK,2025-02-11,1,0.35031239292844635,0.028450373302086076,0.0,0.0
ANTM.JK,2025-02-12,1,0.3499241933709829,0.01768328539115088,0.0,-0.0
ANTM.JK,2025-02-13,1,0.35263724211425135,0.0071949969294502845,0.0,0.0
ANTM.JK,2025-02-14,-1,0.353724339739015,0.009145470757277516,0.0,0.0
ANTM.JK,2025-02-17,-1,0.353724339739015,0.007082004713836709,0.0,0.0
ANTM.JK,2025-02-18,-1,0.353724339739015,0.0044034889536108115,0.0,-0.0
ANTM.JK,2025-02-19,1,0.3622954260368387,0.0028514537439963137,0.0,0.0
ANTM.JK,2025-02-20,1,0.3598895301885874,0.0019213467484807908,0.0,0.0
ANTM.JK,2025-02-21,1,0.3484398410224352,0.0016649948610585408,0.0,-0.0
ANTM.JK,2025-02-24,1,0.3598895301885874,0.0021618594150140885,0.0,0.0
ANTM.JK,2025-02-25,1,0.3598895301885874,0.0023932418448501087,0.0,-0.0
ANTM.JK,2025-02-26,1,0.358358394719089,0.003064480256640485,0.0,-0.0
ANTM.JK,2025-02-27,-1,0.34316978335459314,0.0029899500784323386,0.0,-0.0
ANTM.JK,2025-02-28,-1,0.34316978335459314,0.0013931554078539536,0.0,-0.0
ANTM.JK,2025-03-03,-1,0.34316978335459314,0.001435821625175648,0.0,0.0
ANTM.JK,2025-03-04,-1,0.34178528491853843,0.0017823348566587509,0.0,-0.0
ANTM.JK,2025-03-05,-1,0.3359514616061476,0.0023517242291350013,0.0,0.0
ANTM.JK,2025-03-06,-1,0.33932999637867317,0.0032262490747167042,0.0,0.0
ANTM.JK,2025-03-07,-1,0.34316978335459314,0.0032175656762079285,0.0,0.0
ANTM.JK,2025-03-10,-1,0.33298680951537196,0.002955298896201255,0.0,-0.0
ANTM.JK,2025-03-11,1,0.337732745762451,0.0013849118604825194,0.0,0.0
ANTM.JK,2025-03-12,0,0.33491403063532493,0.002345644930842977,0.0,0.0
ANTM.JK,2025-03-13,1,0.337732745762451,0.004220405294462525,0.0,-0.0
ANTM.JK,2025-03-14,1,0.3407828952820102,0.005051273310728404,0.0,0.0
ANTM.JK,2025-03-17,-1,0.35003696407745694,0.005551293513222338,0.0,0.0
ANTM.JK,2025-03-18,-1,0.3359514616061476,0.003296720762182244,0.0,-0.0
ANTM.JK,2025-03-19,-1,0.34002176905329956,0.004809555963946345,0.0,0.0
ANTM.JK,2025-03-20,-1,0.3318815147442342,0.009600564398698377,0.0,-0.0
ANTM.JK,2025-03-21,-1,0.3359514616061476,0.004269725246156801,0.0,-0.0
ANTM.JK,2025-03-24,-1,0.34957688573869544,0.0034397134443347813,0.0,0.0
ANTM.JK,2025-03-25,-1,0.34957688573869544,0.0057152635069280125,0.0,0.0
ANTM.JK,2025-03-26,-1,0.35134400287130096,0.006602441283359675,0.0,0.0
ANTM.JK,2025-03-27,-1,0.34570314058024065,0.004089606427608067,0.0,-0.0
ANTM.JK,2025-04-08,1,0.33966965507749375,0.050147476764382595,0.0,-0.0
ANTM.JK,2025-04-09,1,0.3443206739668199,0.007760612172134495,0.0,0.0
ANTM.JK,2025-04-10,1,0.34425172514999064,0.026310104294882744,0.0,0.0
ANTM.JK,2025-04-11,1,0.34782397672881954,0.008083868983792738,0.0,0.0
ANTM.JK,2025-04-14,1,0.35378712299372994,0.004881218313664722,0.0,0.0
ANTM.JK,2025-04-15,1,0.3561393916336004,0.003111285187063846,0.0,0.0
ANTM.JK,2025-04-16,-1,0.35088949780517037,0.0039230456931640765,0.0,0.0
ANTM.JK,2025-04-17,-1,0.3428313633919088,0.004088640076319286,0.0,0.0
ANTM.JK,2025-04-21,-1,0.3117587604555395,0.004026528444263524,0.0,0.0
ANTM.JK,2025-04-22,-1,0.3083220825718695,0.0033831267084378737,0.0,0.0
ANTM.JK,2025-04-23,-1,0.30932759904224066,0.003752859805592668,0.0,-0.0
ANTM.JK,2025-04-24,-1,0.30932759904224066,0.004073389540412065,0.0,0.0
ANTM.JK,2025-04-25,-1,0.30192898690570674,0.005132541412729376,0.0,-0.0
ANTM.JK,2025-04-28,-1,0.2942932312545715,0.0028377209627434255,0.0,-0.0
ANTM.JK,2025-04-29,-1,0.2942932312545715,0.006159668017551529,0.0,0.0
ANTM.JK,2025-04-30,-1,0.29803534981894,0.006553264720435358,0.0,-0.0
ANTM.JK,2025-05-02,-1,0.30185684055082956,0.0037031907292485837,0.0,0.0
ANTM.JK,2025-05-05,-1,0.30078094817623774,0.0037554176800712767,0.0,0.0
ANTM.JK,2025-05-06,-1,0.30456512889465065,0.004026528444263524,0.0,0.0
ANTM.JK,2025-05-07,-1,0.30877154544561103,0.003985468165690854,0.0,0.0
ANTM.JK,2025-05-08,-1,0.30877154544561103,0.003975042376870585,0.0,-0.0
ANTM.JK,2025-05-09,-1,0.3049580191403836,0.003995485882410141,0.0,0.0
ANTM.JK,2025-05-14,-1,0.30733846657097746,0.003906922395363757,0.0,-0.0
ANTM.JK,2025-05-15,-1,0.30452804693680974,0.0030662572255751013,0.0,0.0
ANTM.JK,2025-05-16,-1,0.30452804693680974,0.004963807813604058,0.0,0.0
ANTM.JK,2025-05-19,-1,0.30452804693680974,0.004355867937452076,0.0,0.0
ANTM.JK,2025-05-20,-1,0.3046592168640295,0.0030305143378427817,0.0,0.0
ANTM.JK,2025-05-21,-1,0.3112121387566089,0.0032890044718536025,0.0,0.0
ANTM.JK,2025-05-22,-1,0.3112121387566089,0.003104941320812459,0.0,0.0
ANTM.JK,2025-05-23,-1,0.3112121387566089,0.0032191796096232407,0.0,0.0
ANTM.JK,2025-05-26,-1,0.3124517037804533,0.0035614895627205496,0.0,-0.0
ANTM.JK,2025-05-27,-1,0.30733846657097746,0.004022902920107144,0.0,-0.0
ANTM.JK,2025-05-28,-1,0.315909522830094,0.0048934794851530055,0.0,0.0
ANTM.JK,2025-06-02,-1,0.315909522830094,0.0033882858759526407,0.0,0.0
ANTM.JK,2025-06-03,-1,0.315909522830094,0.005010044664109531,0.0,0.0
ANTM.JK,2025-06-04,-1,0.315909522830094,0.0036024424434311234,0.0,0.0
ANTM.JK,2025-06-05,-1,0.3109866648443632,0.0032030239733407554,0.0,-0.0
ANTM.JK,2025-06-10,-1,0.30827755060001577,0.004159455220665372,0.0,-0.0
ANTM.JK,2025-06-11,-1,0.30827755060001577,0.004295347251792243,0.0,0.0
ANTM.JK,2025-06-12,-1,0.31264540571722743,0.009965264110032793,0.0,-0.0
ANTM.JK,2025-06-13,-1,0.31745030066178925,0.008878257504739879,0.0,0.0
ANTM.JK,2025-06-16,-1,0.31459623126447894,0.010367560382494943,0.0,-0.0
ANTM.JK,2025-06-17,-1,0.3214495392098292,0.0035869581138482185,0.0,0.0
ANTM.JK,2025-06-18,-1,0.32086285251917224,0.006395820173907331,0.0,0.0
ANTM.JK,2025-06-19,-1,0.30981492688331824,0.012060828027985226,0.0,-0.0
ANTM.JK,2025-06-20,-1,0.30981492688331824,0.009306844093705075,0.0,-0.0
ANTM.JK,2025-06-23,-1,0.30981492688331824,0.008713719526452834,0.0,0.0
ANTM.JK,2025-06-24,-1,0.30847554617140255,0.004392019290655951,0.0,-0.0
ANTM.JK,2025-06-25,0,0.3009295976307077,0.004635461642791386,0.0,-0.0
ANTM.JK,2025-06-26,0,0.2950898443319547,0.00621047319515299,0.0,0.0
ANTM.JK,2025-06-30,0,0.2950898443319547,0.0033250324375745845,0.0,0.0
ANTM.JK,2025-07-01,0,0.30161159588790193,0.005675793775284491,0.0,0.0
ANTM.JK,2025-07-02,0,0.30161159588790193,0.00532348721597036,0.0,-0.0
ANTM.JK,2025-07-03,-1,0.30981492688331824,0.005109215259863941,0.0,0.0
ANTM.JK,2025-07-04,-1,0.30847554617140255,0.004529388236261025,0.0,-0.0
ANTM.JK,2025-07-07,-1,0.30847554617140255,0.007780131421893497,0.0,-0.0
ANTM.JK,2025-07-08,-1,0.3077331820422238,0.008279139524062722,0.0,0.0
ANTM.JK,2025-07-09,0,0.30091419124520163,0.0044007353088302975,0.0,-0.0
ANTM.JK,2025-07-10,-1,0.3144689110253192,0.004747138830282488,0.0,0.0
ANTM.JK,2025-07-11,-1,0.3151227903330739,0.0054562035419387905,0.0,0.0
ANTM.JK,2025-07-14,-1,0.32169017880799294,0.004947267034650693,0.0,0.0
ANTM.JK,2025-07-15,-1,0.3151227903330739,0.003362921065577952,0.0,-0.0
ANTM.JK,2025-07-16,-1,0.3151227903330739,0.01310490777809124,0.0,-0.0
ANTM.JK,2025-07-17,-1,0.33028393494147856,0.012128001060987647,0.0,0.0
ANTM.JK,2025-07-18,-1,0.31634667287109647,0.004301576408528877,0.0,-0.0
ANTM.JK,2025-07-21,-1,0.33229221008573795,0.006769455684116664,0.0,0.0
ANTM.JK,2025-07-22,-1,0.3095605430428758,0.008007241584756051,0.0,-0.0
ANTM.JK,2025-07-23,-1,0.310901589301687,0.004692280286999275,0.0,0.0
ANTM.JK,2025-07-24,-1,0.310901589301687,0.004619894476910494,0.0,-0.0
ANTM.JK,2025-07-25,-1,0.30467358623594315,0.005868094254041617,0.0,-0.0
ANTM.JK,2025-07-28,-1,0.30467358623594315,0.00552266817458717,0.0,0.0
ANTM.JK,2025-07-29,0,0.29921889109029665,0.003898102034950119,0.0,0.0
ANTM.JK,2025-07-30,-1,0.30467358623594315,0.003732392705846833,0.0,-0.0
ANTM.JK,2025-07-31,-1,0.3077929027665538,0.010845643316667779,0.0,-0.0
ANTM.JK,2025-08-01,0,0.3001528313913398,0.003419026108597939,0.0,0.0
ANTM.JK,2025-08-04,0,0.30313412035041404,0.0030895731483141717,0.0,0.0
ANTM.JK,2025-08-05,-1,0.31634667287109647,0.004832578598605078,0.0,0.0
ANTM.JK,2025-08-06,-1,0.3231835320153556,0.011463953772596666,0.0,0.0
ANTM.JK,2025-08-07,-1,0.3210603730365593,0.004485638702925306,0.0,0.0
ANTM.JK,2025-08-08,-1,0.3138753201134297,0.002023584088311424,0.0,-0.0
ANTM.JK,2025-08-11,-1,0.311581192173331,0.00355599998437707,0.0,-0.0
ANTM.JK,2025-08-12,-1,0.3176781446560813,0.007560462690131726,0.0,-0.0
ANTM.JK,2025-08-13,-1,0.309533489281924,0.004864753458559132,0.0,0.0
ANTM.JK,2025-08-14,-1,0.3063169657681281,0.004141463863640587,0.0,-0.0
ANTM.JK,2025-08-15,-1,0.29450396237260645,0.00321910746906449,0.0,0.0
ANTM.JK,2025-08-19,-1,0.3080620553370915,0.003938774811135115,0.0,-0.0
ANTM.JK,2025-08-20,-1,0.3006369256514629,0.0027931753909531177,0.0,0.0
ANTM.JK,2025-08-21,-1,0.30816911702248434,0.0028003114166979867,0.0,-0.0
ANTM.JK,2025-08-22,-1,0.2997498825227426,0.0031211546513384494,0.0,-0.0
ANTM.JK,2025-08-25,-1,0.2946302497959873,0.007196869640771155,0.0,0.0
ANTM.JK,2025-08-26,-1,0.304157724708014,0.006596902996985679,0.0,0.0
ANTM.JK,2025-08-27,-1,0.30123676644497577,0.003408231214231526,0.0,0.0
ANTM.JK,2025-08-28,-1,0.3144903014381906,0.003502856884882572,0.0,0.0
ANTM.JK,2025-08-29,-1,0.31227977259222195,0.029014393073224815,0.0,0.0
ANTM.JK,2025-09-01,-1,0.3078434764063977,0.003453191975708987,0.0,0.0
ANTM.JK,2025-09-02,-1,0.3127557803034963,0.002047703283860309,0.0,0.0
ANTM.JK,2025-09-03,-1,0.3121843523332112,0.002591618276921316,0.0,0.0
ANTM.JK,2025-09-04,-1,0.3143056854159784,0.0018613990354720757,0.0,-0.0
ANTM.JK,2025-09-08,-1,0.3121843523332112,0.00161641507239981,0.0,0.0
ANTM.JK,2025-09-09,-1,0.3121843523332112,0.0016940073650522655,0.0,0.0
ANTM.JK,2025-09-10,-1,0.30472918584290537,0.001042634679242438,0.0,-0.0
ANTM.JK,2025-09-11,-1,0.30472918584290537,0.001596233590766445,0.0,-0.0
ANTM.JK,2025-09-12,-1,0.30472918584290537,0.0012664095010304825,0.0,0.0
ANTM.JK,2025-09-15,-1,0.30149767863750726,0.001359706108872129,0.0,0.0
ANTM.JK,2025-09-16,-1,0.2984274870485967,0.001392121704351505,0.0,0.0
ANTM.JK,2025-09-17,-1,0.30003219808177145,0.0027012653110775903,0.0,-0.0
ANTM.JK,2025-09-18,-1,0.2937865882627758,0.001913008342231481,0.0,-0.0
ANTM.JK,2025-09-19,-1,0.30003219808177145,0.002145477139344893,0.0,0.0
ANTM.JK,2025-09-22,-1,0.3095268026591707,0.002143226920363139,0.0,0.0
ANTM.JK,2025-09-23,-1,0.30742326283793714,0.0015590103063247201,0.0,0.0
ANTM.JK,2025-09-24,-1,0.315798788784314,0.0028734640867856542,0.0,-0.0
ANTM.JK,2025-09-25,-1,0.30847554617140255,0.0020043395062855256,0.0,-0.0
ANTM.JK,2025-09-26,0,0.2950898443319547,0.0014115623760019612,0.0,0.0
ANTM.JK,2025-09-29,0,0.2950898443319547,0.0013376872949873815,0.0,0.0
ANTM.JK,2025-09-30,0,0.29211082350847956,0.0030203853892857547,0.0,-0.0
ANTM.JK,2025-10-01,0,0.2909315979917321,0.0014954133983185458,0.0,0.0
ANTM.JK,2025-10-02,0,0.29211082350847956,0.005567226396140154,0.0,-0.0
ANTM.JK,2025-10-03,0,0.29211082350847956,0.0017856194237392009,0.0,0.0
ANTM.JK,2025-10-06,0,0.29211082350847956,0.003720315627280747,0.0,-0.0
ANTM.JK,2025-10-07,0,0.29211082350847956,0.002657279513965017,0.0,-0.0
ANTM.JK,2025-10-08,0,0.29211082350847956,0.004945495866302631,0.0,0.0
ANTM.JK,2025-10-09,0,0.30096386924452834,0.003784295548462772,0.0,-0.0
ANTM.JK,2025-10-10,-1,0.30695523163667204,0.002996522270895114,0.0,0.0
ANTM.JK,2025-10-13,-1,0.315798788784314,0.005592404747202101,0.0,0.0
ANTM.JK,2025-10-14,-1,0.3143056854159784,0.005712538046654424,0.0,-0.0
ANTM.JK,2025-10-15,-1,0.3143056854159784,0.001222849852847924,0.0,0.0
ANTM.JK,2025-10-16,-1,0.3143056854159784,0.0016340537289223041,0.0,0.0
ANTM.JK,2025-10-17,-1,0.3143056854159784,0.0014334045811458314,0.0,0.0
ANTM.JK,2025-10-20,-1,0.30139406656073775,0.0014488558288232073,0.0,-0.0
ANTM.JK,2025-10-21,-1,0.30108473478845416,0.0028252226570752484,0.0,0.0
ANTM.JK,2025-10-22,-1,0.3118415250097368,0.003030722900590824,0.0,-0.0
ANTM.JK,2025-10-23,-1,0.30738108782087903,0.0015253867821069813,0.0,0.0
ANTM.JK,2025-10-24,0,0.2998107500456111,0.0013083095772715313,0.0,-0.0
ANTM.JK,2025-10-27,-1,0.3044269516814007,0.0022565364605836758,0.0,0.0
ANTM.JK,2025-10-28,0,0.29422459739244616,0.00163622878495154,0.0,-0.0
ANTM.JK,2025-10-29,-1,0.2995858726859871,0.0016460541956239009,0.0,0.0
ANTM.JK,2025-10-30,-1,0.3089423342087261,0.0019176115541711543,0.0,-0.0
ANTM.JK,2025-10-31,-1,0.30046035084886535,0.002449946546516805,0.0,-0.0
ANTM.JK,2025-11-03,-1,0.2997498825227426,0.0018255988419039865,0.0,0.0
ANTM.JK,2025-11-04,-1,0.3011719938652848,0.00940943564832159,0.0,-0.0
ANTM.JK,2025-11-05,-1,0.2971749895394269,0.014340890499091371,0.0,0.0
ANTM.JK,2025-11-06,-1,0.2998846193844636,0.008538298983711943,0.0,-0.0
ANTM.JK,2025-11-07,-1,0.29548882624172895,0.07978937790825713,0.0,-0.0
ANTM.JK,2025-11-10,-1,0.29285770274331985,0.0893472776208968,0.0,0.0
ANTM.JK,2025-11-11,-1,0.29285770274331985,0.07637910220676271,0.0,-0.0
ANTM.JK,2025-11-12,-1,0.29548882624172895,0.046018722753341845,0.0,0.0
ANTM.JK,2025-11-13,-1,0.29548882624172895,0.04972818438969168,0.0,0.0
ANTM.JK,2025-11-14,-1,0.2908140648306057,0.011476481044890564,0.0,0.0
ANTM.JK,2025-11-17,-1,0.29807688359928075,0.059922739381440215,0.0,0.0
ANTM.JK,2025-11-18,-1,0.29691433152505986,0.04504230407791528,0.0,-0.0
ANTM.JK,2025-11-19,-1,0.29757343335316605,0.06804263012478229,0.0,-0.0
ANTM.JK,2025-11-20,-1,0.29757343335316605,0.046932432830556585,0.0,-0.0
ANTM.JK,2025-11-21,-1,0.30017010411640005,0.023857044948413807,0.0,-0.0
ANTM.JK,2025-11-24,-1,0.3041899572782401,0.1196007552221356,0.0,0.0
ANTM.JK,2025-11-25,-1,0.33670057465454273,0.22031848678821214,0.0,0.0
ANTM.JK,2025-11-26,-1,0.33670057465454273,0.3312351701171631,0.0,0.0
ANTM.JK,2025-11-27,-1,0.33670057465454273,0.463217782512915,0.0,-0.0
ANTM.JK,2025-11-28,-1,0.33596974707092214,0.4786375212960406,0.0,-0.0
ANTM.JK,2025-12-01,-1,0.33670057465454273,0.41009445137924927,0.0,0.0
ANTM.JK,2025-12-02,-1,0.33395848905869,0.5073274859864677,0.0,-0.0
ANTM.JK,2025-12-03,-1,0.32815277294327033,0.41710829095363156,0.0,-0.0
ANTM.JK,2025-12-04,-1,0.32542659741149765,0.24237999738189528,0.0,-0.0
ANTM.JK,2025-12-05,-1,0.32547382305758743,0.22505851715168904,0.0,0.0
ANTM.JK,2025-12-08,-1,0.322759676093473,0.2312366579210156,0.0,0.0
ANTM.JK,2025-12-09,-1,0.32815277294327033,0.314144301620497,0.0,-0.0
ANTM.JK,2025-12-10,-1,0.34365181698394376,0.39319496272953774,0.0,0.0
ANTM.JK,2025-12-11,-1,0.33307359466530606,0.4247120867207239,0.0,-0.0
ANTM.JK,2025-12-12,-1,0.32591950345313797,0.49624195050343284,0.0,0.0
ANTM.JK,2025-12-15,-1,0.32591950345313797,0.6132702942541257,0.0,-0.0
ANTM.JK,2025-12-16,-1,0.32591950345313797,0.36805411133822274,0.0,-0.0
ANTM.JK,2025-12-17,-1,0.33684647870672696,0.40503788467181756,0.0,0.0
ANTM.JK,2025-12-18,-1,0.32135419246106417,0.05922473220944499,0.0,0.0
ANTM.JK,2025-12-19,-1,0.32426281643973315,0.056348748703195554,0.0,-0.0
ANTM.JK,2025-12-22,-1,0.3285104523009662,0.0043712654112055965,0.0,0.0
ANTM.JK,2025-12-23,-1,0.31870355408110373,0.02667348356741215,0.0,0.0
ANTM.JK,2025-12-24,-1,0.3076947969876513,0.018197362441214403,0.0,0.0
ANTM.JK,2025-12-29,-1,0.3045395862789199,0.0032821268575889888,0.0,0.0
PTBA.JK,2025-01-02,-1,0.2332400247367705,0.55601045828265,0.0,0.0
PTBA.JK,2025-01-03,-1,0.23236091851310914,0.32596907786725726,0.0,0.0
PTBA.JK,2025-01-06,-1,0.2308766125306571,0.5442691284089151,0.0,-0.0
PTBA.JK,2025-01-07,-1,0.23484408253658665,0.7451722015065373,0.0,-0.0
PTBA.JK,2025-01-08,-1,0.23827588832710123,0.48818313617216924,0.0,0.0
PTBA.JK,2025-01-09,-1,0.23827588832710123,0.3450830402246274,0.0,-0.0
PTBA.JK,2025-01-10,-1,0.22815021083878775,0.18599905392464333,0.0,0.0
PTBA.JK,2025-01-13,-1,0.23216956952174259,0.5497666434682296,0.0,-0.0
PTBA.JK,2025-01-14,-1,0.23534733468427887,0.4047027431267054,0.0,0.0
PTBA.JK,2025-01-15,-1,0.2297067391537312,0.12876705953429998,0.0,0.0
PTBA.JK,2025-01-16,-1,0.22550721540888977,0.11362068749533656,0.0,0.0
PTBA.JK,2025-01-17,-1,0.23858318960032904,0.106776121111331,0.0,-0.0
PTBA.JK,2025-01-20,-1,0.2491676829186198,0.44308908784514045,0.0,-0.0
PTBA.JK,2025-01-21,-1,0.23357046357767114,0.07578207441208144,0.0,0.0
PTBA.JK,2025-01-22,-1,0.23357046357767114,0.19445125335683305,0.0,0.0
PTBA.JK,2025-01-23,-1,0.23357046357767114,0.13352279865678002,0.0,-0.0
PTBA.JK,2025-01-24,-1,0.23357046357767114,0.14786992587093856,0.0,0.0
PTBA.JK,2025-01-30,-1,0.24577357835763267,0.2524040337883507,0.0,-0.0
PTBA.JK,2025-01-31,-1,0.23357046357767114,0.19718100103735797,0.0,0.0
PTBA.JK,2025-02-03,-1,0.24024361679318587,0.3828744860189978,0.0,-0.0
PTBA.JK,2025-02-04,-1,0.2633569868746266,0.2719977276318804,0.0,0.0
PTBA.JK,2025-02-05,-1,0.2588369148239979,0.17520583415262647,0.0,0.0
PTBA.JK,2025-02-06,-1,0.24637827981104665,0.8518110075770815,0.0,-0.0
PTBA.JK,2025-02-07,-1,0.24347005215734893,0.16265523307945315,0.0,0.0
PTBA.JK,2025-02-10,-1,0.24389056790614014,0.8938078336482099,0.0,-0.0
PTBA.JK,2025-02-11,-1,0.24389056790614014,0.7657217667599114,0.0,0.0
PTBA.JK,2025-02-12,-1,0.27429800117215947,0.6292050127399306,0.0,0.0
PTBA.JK,2025-02-13,-1,0.2633569868746266,0.31222817873370284,0.0,0.0
PTBA.JK,2025-02-14,-1,0.2633569868746266,0.2747133035667211,0.0,0.0
PTBA.JK,2025-02-17,-1,0.2633569868746266,0.13052025255195618,0.0,0.0
PTBA.JK,2025-02-18,-1,0.27457650090968416,0.2757474386656039,0.0,-0.0
PTBA.JK,2025-02-19,-1,0.28044694601893,0.5302223689460572,0.0,-0.0
PTBA.JK,2025-02-20,-1,0.28044694601893,0.3673570136825346,0.0,0.0
PTBA.JK,2025-02-21,-1,0.28044694601893,0.5208189503433662,0.0,-0.0
PTBA.JK,2025-02-24,-1,0.28044694601893,0.7730720782312822,0.0,-0.0
PTBA.JK,2025-02-25,-1,0.27928991862200353,0.9014119922965386,0.0,-0.0
PTBA.JK,2025-02-26,-1,0.27928991862200353,0.9224461892059888,0.0,-0.0
PTBA.JK,2025-02-27,-1,0.28076197962902144,0.8704179571420079,0.0,0.0
PTBA.JK,2025-02-28,-1,0.2769651085187332,0.6965459005848372,0.0,-0.0
PTBA.JK,2025-03-03,-1,0.2769651085187332,0.7950015836660653,0.0,-0.0
PTBA.JK,2025-03-04,-1,0.27113142867482476,0.49374041353749926,0.0,-0.0
PTBA.JK,2025-03-05,-1,0.22985691055143787,0.1443114916233701,0.0,0.0
PTBA.JK,2025-03-06,-1,0.2735389840843542,0.050885185620543893,0.0,0.0
PTBA.JK,2025-03-07,-1,0.26980315079671907,0.12743646031693945,0.0,-0.0
PTBA.JK,2025-03-10,-1,0.2605799334491206,0.3510067183604361,0.0,-0.0
PTBA.JK,2025-03-11,-1,0.2558661445079402,0.1657866644830156,0.0,-0.0
PTBA.JK,2025-03-12,-1,0.2600810581114479,0.2368962193934717,0.0,-0.0
PTBA.JK,2025-03-13,-1,0.2538627769620849,0.4526424317536187,0.0,-0.0
PTBA.JK,2025-03-14,-1,0.2538627769620849,0.25685985742149653,0.0,0.0
PTBA.JK,2025-03-17,-1,0.2538627769620849,0.10163613933531557,0.0,0.0
PTBA.JK,2025-03-18,-1,0.2538627769620849,0.20269106272064644,0.0,-0.0
PTBA.JK,2025-03-19,-1,0.25234903175023865,0.04560166481347426,0.0,0.0
PTBA.JK,2025-03-20,-1,0.25234903175023865,0.07856977723488008,0.0,-0.0
PTBA.JK,2025-03-21,-1,0.2471246340650265,0.3822700260915921,0.0,-0.0
PTBA.JK,2025-03-24,-1,0.2454011515358062,0.5018988415844091,0.0,-0.0
PTBA.JK,2025-03-25,-1,0.2323851976963935,0.3678635452049199,0.0,0.0
PTBA.JK,2025-03-26,-1,0.22554156807675055,0.45106896939403884,0.0,0.0
PTBA.JK,2025-03-27,-1,0.22216384749011955,0.3280784522942105,0.0,0.0
PTBA.JK,2025-04-08,-1,0.22815869557021673,0.3988464285048685,0.0,-0.0
PTBA.JK,2025-04-09,-1,0.2237081930284617,0.4258373471183694,0.0,0.0
PTBA.JK,2025-04-10,-1,0.23024629651478976,0.5620821183541774,0.0,0.0
PTBA.JK,2025-04-11,-1,0.23708227051797362,0.46907157912384534,0.0,0.0
PTBA.JK,2025-04-14,-1,0.23708227051797362,0.20510707671732575,0.0,0.0
PTBA.JK,2025-04-15,-1,0.23833661239054435,0.216122352993581,0.0,0.0
PTBA.JK,2025-04-16,-1,0.23652951693193555,0.06300124900508586,0.0,-0.0
PTBA.JK,2025-04-17,-1,0.23652951693193555,0.011199326892906054,0.0,0.0
PTBA.JK,2025-04-21,-1,0.23652951693193555,0.012028137943576203,0.0,0.0
PTBA.JK,2025-04-22,-1,0.23946793400602023,0.026774618636523327,0.0,0.0
PTBA.JK,2025-04-23,-1,0.24069393836403077,0.04125334555159714,0.0,0.0
PTBA.JK,2025-04-24,-1,0.23021055214710223,0.027655694850262133,0.0,0.0
PTBA.JK,2025-04-25,-1,0.23021055214710223,0.005900071834453051,0.0,0.0
PTBA.JK,2025-04-28,-1,0.2272798038832989,0.008824822502549918,0.0,-0.0
PTBA.JK,2025-04-29,-1,0.2272798038832989,0.005761560828333352,0.0,0.0
PTBA.JK,2025-04-30,-1,0.2249555194696379,0.010439676334824342,0.0,-0.0
PTBA.JK,2025-05-02,-1,0.22564853327111273,0.006202047156794128,0.0,-0.0
PTBA.JK,2025-05-05,-1,0.2302066092805582,0.01897442528998033,0.0,-0.0
PTBA.JK,2025-05-06,-1,0.23749990303296933,0.01348447444256576,0.0,-0.0
PTBA.JK,2025-05-07,-1,0.22266709345450061,0.002916826380475889,0.0,0.0
PTBA.JK,2025-05-08,-1,0.2411833453838768,0.017334148495094837,0.0,-0.0
PTBA.JK,2025-05-09,-1,0.25420189204549865,0.12081466061840139,0.0,-0.0
PTBA.JK,2025-05-14,-1,0.2637623450336575,0.026088033491582497,0.0,0.0
PTBA.JK,2025-05-15,-1,0.263451103707982,0.03562892421406066,0.0,-0.0
PTBA.JK,2025-05-16,-1,0.23482191247832068,0.09572767076829752,0.0,0.0
PTBA.JK,2025-05-19,-1,0.23963691170030454,0.011908144184122787,0.0,0.0
PTBA.JK,2025-05-20,-1,0.2413190239798639,0.19477496355115742,0.0,-0.0
PTBA.JK,2025-05-21,-1,0.23921874402318774,0.13173937921648135,0.0,-0.0
PTBA.JK,2025-05-22,-1,0.23191367977268534,0.07474581487393035,0.0,0.0
PTBA.JK,2025-05-23,-1,0.22535395001057631,0.013261183646010177,0.0,0.0
PTBA.JK,2025-05-26,-1,0.22379075880118693,0.008569663664655655,0.0,-0.0
PTBA.JK,2025-05-27,-1,0.2227622349478382,0.011533469061782249,0.0,0.0
PTBA.JK,2025-05-28,-1,0.22600400777853802,0.007113577489395659,0.0,0.0
PTBA.JK,2025-06-02,-1,0.22243273227394478,0.00792088005173713,0.0,-0.0
PTBA.JK,2025-06-03,-1,0.22416084177397363,0.004196691019579794,0.0,0.0
PTBA.JK,2025-06-04,-1,0.22977069138023812,0.004968899717473614,0.0,-0.0
PTBA.JK,2025-06-05,-1,0.22809025315688267,0.007289743014370477,0.0,0.0
PTBA.JK,2025-06-10,-1,0.22600400777853802,0.010475108084280692,0.0,0.0
PTBA.JK,2025-06-11,-1,0.2370975563712636,0.01060118415361753,0.0,0.0
PTBA.JK,2025-06-12,-1,0.23167150743426237,0.00825154190781063,0.0,-0.0
PTBA.JK,2025-06-13,-1,0.22794571778224226,0.0039320581616167005,0.0,-0.0
PTBA.JK,2025-06-16,-1,0.2291616231014989,0.004471495668993063,0.0,0.0
PTBA.JK,2025-06-17,-1,0.2291616231014989,0.006979022487137972,0.0,0.0
PTBA.JK,2025-06-18,-1,0.23327493592584145,0.008444555465966444,0.0,-0.0
PTBA.JK,2025-06-19,-1,0.209498409059587,0.011213533584230058,0.0,-0.0
PTBA.JK,2025-06-20,-1,0.21154654602938497,0.01348717367224651,0.0,-0.0
PTBA.JK,2025-06-23,-1,0.23464488630643449,0.23836020533037253,0.0,-0.0
PTBA.JK,2025-06-24,-1,0.2294780305301273,0.16142781940809492,0.0,-0.0
PTBA.JK,2025-06-25,-1,0.22875470457281885,0.11054237740761073,0.0,-0.0
PTBA.JK,2025-06-26,-1,0.22875470457281885,0.11837770848641975,0.0,-0.0
PTBA.JK,2025-06-30,-1,0.2300685206491645,0.2980864958758696,0.0,0.0
PTBA.JK,2025-07-01,-1,0.23150522597709586,0.02091054455418729,0.0,0.0
PTBA.JK,2025-07-02,-1,0.22875470457281885,0.017626778672594882,0.0,-0.0
PTBA.JK,2025-07-03,-1,0.23038448826200647,0.023307300019759312,0.0,-0.0
PTBA.JK,2025-07-04,-1,0.23038448826200647,0.037279362522803124,0.0,0.0
PTBA.JK,2025-07-07,-1,0.23038448826200647,0.0331864178302548,0.0,0.0
PTBA.JK,2025-07-08,-1,0.23038448826200647,0.030639061992133263,0.0,-0.0
PTBA.JK,2025-07-09,-1,0.24151236207590723,0.08870443032858089,0.0,-0.0
PTBA.JK,2025-07-10,-1,0.2330616270283412,0.05249725154648468,0.0,0.0
PTBA.JK,2025-07-11,-1,0.22991616514119145,0.02901122949729243,0.0,0.0
PTBA.JK,2025-07-14,-1,0.22542116210405064,0.02379062300074086,0.0,0.0
PTBA.JK,2025-07-15,-1,0.2270769826118175,0.02056620993239663,0.0,-0.0
PTBA.JK,2025-07-16,-1,0.2270769826118175,0.029204957450721925,0.0,-0.0
PTBA.JK,2025-07-17,-1,0.23163893204196462,0.05293064321654956,0.0,-0.0
PTBA.JK,2025-07-18,-1,0.23130959898582515,0.03927400906692244,0.0,0.0
PTBA.JK,2025-07-21,-1,0.2504938801570822,0.5944775459047004,0.0,-0.0
PTBA.JK,2025-07-22,-1,0.27928991862200353,0.8598470229309381,0.0,0.0
PTBA.JK,2025-07-23,-1,0.28044694601893,0.23543973631676562,0.0,0.0
PTBA.JK,2025-07-24,-1,0.2633569868746266,0.1898989390488411,0.0,0.0
PTBA.JK,2025-07-25,-1,0.27457650090968416,0.12685655098752927,0.0,-0.0
PTBA.JK,2025-07-28,-1,0.2633569868746266,0.13028200085434577,0.0,0.0
PTBA.JK,2025-07-29,-1,0.2633569868746266,0.13939492375244258,0.0,0.0
PTBA.JK,2025-07-30,-1,0.28044694601893,0.5527189933153571,0.0,-0.0
PTBA.JK,2025-07-31,-1,0.2831512424846337,0.9251044169464432,0.0,-0.0
PTBA.JK,2025-08-01,-1,0.2831512424846337,0.90101610134852,0.0,0.0
PTBA.JK,2025-08-04,-1,0.2937673358868735,0.9295992392725221,0.0,-0.0
PTBA.JK,2025-08-05,-1,0.2937673358868735,0.935792537686721,0.0,0.0
PTBA.JK,2025-08-06,-1,0.28044694601893,0.9032410448265847,0.0,0.0
PTBA.JK,2025-08-07,-1,0.28076197962902144,0.8305109236971687,0.0,-0.0
PTBA.JK,2025-08-08,-1,0.27928991862200353,0.8988655109026186,0.0,0.0
PTBA.JK,2025-08-11,-1,0.27665853332578544,0.883794934848036,0.0,0.0
PTBA.JK,2025-08-12,-1,0.28044694601893,0.3935960368512254,0.0,0.0
PTBA.JK,2025-08-13,-1,0.2633569868746266,0.41600833563938805,0.0,0.0
PTBA.JK,2025-08-14,-1,0.28044694601893,0.7517259627813819,0.0,-0.0
PTBA.JK,2025-08-15,-1,0.28044694601893,0.672782126790056,0.0,0.0
PTBA.JK,2025-08-19,-1,0.28044694601893,0.9373490261584713,0.0,-0.0
PTBA.JK,2025-08-20,-1,0.28044694601893,0.40808988040145633,0.0,0.0
PTBA.JK,2025-08-21,-1,0.28044694601893,0.38280410065232007,0.0,0.0
PTBA.JK,2025-08-22,-1,0.28044694601893,0.5888811303437644,0.0,-0.0
PTBA.JK,2025-08-25,-1,0.28044694601893,0.5705301401299039,0.0,0.0
PTBA.JK,2025-08-26,-1,0.2568551778986644,0.4793644717171121,0.0,0.0
PTBA.JK,2025-08-27,-1,0.2633569868746266,0.3329947028483589,0.0,-0.0
PTBA.JK,2025-08-28,-1,0.28044694601893,0.5750754718506155,0.0,-0.0
PTBA.JK,2025-08-29,-1,0.28044694601893,0.9245955400726622,0.0,-0.0
PTBA.JK,2025-09-01,-1,0.28044694601893,0.5759224230856973,0.0,0.0
PTBA.JK,2025-09-02,-1,0.27457650090968416,0.2312583999325783,0.0,0.0
PTBA.JK,2025-09-03,-1,0.27457650090968416,0.14444586080337865,0.0,0.0
PTBA.JK,2025-09-04,-1,0.2831512424846337,0.2959254614083149,0.0,-0.0
PTBA.JK,2025-09-08,-1,0.2831512424846337,0.3116082343089997,0.0,0.0
PTBA.JK,2025-09-09,-1,0.28782855057741885,0.42784086310257097,0.0,-0.0
PTBA.JK,2025-09-10,-1,0.29328039095988595,0.6477401891193207,0.0,-0.0
PTBA.JK,2025-09-11,-1,0.2933740382156848,0.8959118088873366,0.0,-0.0
PTBA.JK,2025-09-12,-1,0.29575470722303226,0.6727589713479379,0.0,0.0
PTBA.JK,2025-09-15,-1,0.29575470722303226,0.7275970975425786,0.0,-0.0
PTBA.JK,2025-09-16,-1,0.29575470722303226,0.6870958144322864,0.0,0.0
PTBA.JK,2025-09-17,-1,0.29575470722303226,0.5574993553086968,0.0,0.0
PTBA.JK,2025-09-18,-1,0.29994893376139203,0.7666271572114914,0.0,-0.0
PTBA.JK,2025-09-19,-1,0.30645335314531463,0.33505746244304924,0.0,0.0
PTBA.JK,2025-09-22,-1,0.30645335314531463,0.7975210370903765,0.0,-0.0
PTBA.JK,2025-09-23,-1,0.30645335314531463,0.7941112290460379,0.0,0.0
PTBA.JK,2025-09-24,-1,0.30187360877904396,0.6994800224219476,0.0,0.0
PTBA.JK,2025-09-25,-1,0.29720316221956733,0.9318785777616262,0.0,-0.0
PTBA.JK,2025-09-26,-1,0.30187360877904396,0.9334382341796678,0.0,0.0
PTBA.JK,2025-09-29,-1,0.30183059314421196,0.9492222912975176,0.0,-0.0
PTBA.JK,2025-09-30,-1,0.31023059277924614,0.6976228396475076,0.0,0.0
PTBA.JK,2025-10-01,-1,0.30183059314421196,0.8325213139878029,0.0,-0.0
PTBA.JK,2025-10-02,1,0.37697545508243224,0.9369610051391349,0.0,-0.0
PTBA.JK,2025-10-03,1,0.37897459735574834,0.9134726027746339,1.0,0.0028290043290042934
PTBA.JK,2025-10-06,1,0.37392154270040123,0.9334500745787774,1.0,-0.004310344827586188
PTBA.JK,2025-10-07,1,0.38280032362143984,0.9430641826105166,1.0,-0.017316017316017285
PTBA.JK,2025-10-08,1,0.38280032362143984,0.9255920413355634,1.0,0.0
PTBA.JK,2025-10-09,1,0.3779658973373954,0.33642565391726226,1.0,0.03083700440528636
PTBA.JK,2025-10-10,-1,0.3473965853000705,0.4049520096867688,0.0,-0.0025
PTBA.JK,2025-10-13,-1,0.36885857209853296,0.21195880357938457,0.0,-0.0
PTBA.JK,2025-10-14,1,0.375100544797033,0.5980288217044235,0.0,-0.0
PTBA.JK,2025-10-15,0,0.32023884466704045,0.8180647304790518,0.0,-0.0
PTBA.JK,2025-10-16,0,0.2987968532780296,0.8840382792715524,0.0,0.0
PTBA.JK,2025-10-17,0,0.29383085296554623,0.8921641084515886,0.0,0.0
PTBA.JK,2025-10-20,0,0.29446067401762355,0.2644174876854987,0.0,0.0
PTBA.JK,2025-10-21,-1,0.2647930224045701,0.5221799709408327,0.0,0.0
PTBA.JK,2025-10-22,-1,0.29185158025705443,0.24907207228611966,0.0,-0.0
PTBA.JK,2025-10-23,-1,0.2632634392374959,0.16174848962744437,0.0,0.0
PTBA.JK,2025-10-24,-1,0.2639434962922951,0.23472457587217085,0.0,0.0
PTBA.JK,2025-10-27,-1,0.2730988418336561,0.3438500170750052,0.0,-0.0
PTBA.JK,2025-10-28,-1,0.2908386026111469,0.10657036309059556,0.0,0.0
PTBA.JK,2025-10-29,-1,0.2767530310762362,0.020085056708721866,0.0,0.0
PTBA.JK,2025-10-30,-1,0.290834632192805,0.06003354313000238,0.0,0.0
PTBA.JK,2025-10-31,-1,0.2841330185063366,0.015587704370615994,0.0,-0.0
PTBA.JK,2025-11-03,-1,0.27847328795048776,0.006520447028090389,0.0,0.0
PTBA.JK,2025-11-04,-1,0.2810432712533317,0.008115794905876978,0.0,0.0
PTBA.JK,2025-11-05,-1,0.2810432712533317,0.010113396688545308,0.0,-0.0
PTBA.JK,2025-11-06,-1,0.2911610149593615,0.006659349135541047,0.0,0.0
PTBA.JK,2025-11-07,-1,0.25484232109684096,0.005020708013983638,0.0,-0.0
PTBA.JK,2025-11-10,-1,0.25484232109684096,0.003733755991903692,0.0,0.0
PTBA.JK,2025-11-11,-1,0.25888969387391714,0.002834551246480511,0.0,0.0
PTBA.JK,2025-11-12,-1,0.2607063624406042,0.0026644514749592394,0.0,-0.0
PTBA.JK,2025-11-13,-1,0.29468151106036417,0.01036342796695853,0.0,-0.0
PTBA.JK,2025-11-14,-1,0.32687977673431856,0.40111968628341615,0.0,-0.0
PTBA.JK,2025-11-17,1,0.39774338630746886,0.7520641577197792,0.0,0.0
PTBA.JK,2025-11-18,1,0.3943452360575855,0.9247517114953967,1.0,-0.018521276595744707
PTBA.JK,2025-11-19,1,0.38885491714180753,0.8683539799766572,1.0,0.0043290043290042934
PTBA.JK,2025-11-20,1,0.39156818761462997,0.7919726157180227,1.0,0.004310344827586299
PTBA.JK,2025-11-21,1,0.39156818761462997,0.8277390497993825,1.0,-0.0042918454935622075
PTBA.JK,2025-11-24,1,0.3877189711942819,0.85616299421048,1.0,0.004310344827586299
PTBA.JK,2025-11-25,1,0.38818013518687783,0.8754151883764809,1.0,-0.008583690987124415
PTBA.JK,2025-11-26,1,0.3871417863267785,0.8424988764094941,1.0,0.0043290043290042934
PTBA.JK,2025-11-27,1,0.3869761882779161,0.865026414863953,1.0,-0.008620689655172376
PTBA.JK,2025-11-28,1,0.386544760841108,0.8859205354236142,1.0,0.004347826086956497
PTBA.JK,2025-12-01,1,0.3798421368145976,0.933554775627963,1.0,-0.008658008658008698
PTBA.JK,2025-12-02,1,0.37942646126201707,0.789557429456958,1.0,0.008733624454148492
PTBA.JK,2025-12-03,1,0.386544760841108,0.6635268157907032,1.0,0.0
PTBA.JK,2025-12-04,1,0.37942646126201707,0.7800033320763718,1.0,-0.0043290043290042934
PTBA.JK,2025-12-05,1,0.37942646126201707,0.8125624291070194,1.0,0.0
PTBA.JK,2025-12-08,1,0.37856081736281655,0.8260879503055863,1.0,0.0
PTBA.JK,2025-12-09,1,0.3885606469084459,0.9205948452585362,1.0,-0.004347826086956497
PTBA.JK,2025-12-10,1,0.3898502498693442,0.8850260332418477,1.0,0.0
PTBA.JK,2025-12-11,1,0.3933632278563034,0.9441290811872559,1.0,-0.013100436681222738
PTBA.JK,2025-12-12,1,0.3933632278563034,0.9420129153699611,1.0,0.0
PTBA.JK,2025-12-15,1,0.3933632278563034,0.9433634847593836,1.0,0.0
PTBA.JK,2025-12-16,1,0.3927905057019759,0.4532489300090598,1.0,0.008849557522123908
PTBA.JK,2025-12-17,1,0.39761136987897644,0.8391341397407709,0.0,-0.0025
PTBA.JK,2025-12-18,1,0.3834715923298865,0.9171326178127954,1.0,-0.005905286343612369
PTBA.JK,2025-12-19,1,0.3882676094257287,0.8103022516823138,1.0,0.004424778761061843
PTBA.JK,2025-12-22,1,0.39794171063155087,0.3218660569866473,1.0,0.004405286343612369
PTBA.JK,2025-12-23,1,0.39794171063155087,0.24536354239107713,0.0,-0.0025
PTBA.JK,2025-12-24,-1,0.369315583481956,0.25959161647176954,0.0,0.0
PTBA.JK,2025-12-29,-1,0.3452487114588534,0.4047881725893662,0.0,0.0
GGRM.JK,2025-01-02,-1,0.3775434063471828,0.2156772706223979,0.0,0.0
GGRM.JK,2025-01-03,1,0.3890658742470096,0.036634141332937416,0.0,-0.0
GGRM.JK,2025-01-06,1,0.4359026044333262,0.07839663678817876,0.0,0.0
GGRM.JK,2025-01-07,1,0.5183612966995125,0.1147523960732908,0.0,-0.0
GGRM.JK,2025-01-08,1,0.5158570045692472,0.11656337246332515,0.0,-0.0
GGRM.JK,2025-01-09,1,0.4218144018065332,0.024921383468900275,0.0,-0.0
GGRM.JK,2025-01-10,1,0.4464506523961008,0.08900049389656388,0.0,-0.0
GGRM.JK,2025-01-13,1,0.5423757187343791,0.07610115278862446,0.0,-0.0
GGRM.JK,2025-01-14,1,0.5460073231776162,0.042386260167613335,0.0,-0.0
GGRM.JK,2025-01-15,1,0.5279309067203123,0.01202764224616598,0.0,0.0
GGRM.JK,2025-01-16,1,0.5481754215647262,0.0214834898461785,0.0,-0.0
GGRM.JK,2025-01-17,1,0.5470747798745709,0.008744847457441921,0.0,-0.0
GGRM.JK,2025-01-20,1,0.5573396804020075,0.03175420151539578,0.0,-0.0
GGRM.JK,2025-01-21,1,0.552924099096233,0.021347909948948023,0.0,-0.0
GGRM.JK,2025-01-22,1,0.5332865750435117,0.02510780955569273,0.0,-0.0
GGRM.JK,2025-01-23,1,0.5235186007337039,0.05887135458046041,0.0,-0.0
GGRM.JK,2025-01-24,1,0.5328122306975375,0.03876496501762963,0.0,-0.0
GGRM.JK,2025-01-30,1,0.5167478979072739,0.06812957442968447,0.0,-0.0
GGRM.JK,2025-01-31,1,0.5033134213588039,0.07937924571842217,0.0,-0.0
GGRM.JK,2025-02-03,1,0.4899198589777353,0.07218594556949635,0.0,-0.0
GGRM.JK,2025-02-04,1,0.45988986930828796,0.03185126903167629,0.0,0.0
GGRM.JK,2025-02-05,0,0.3637885802274862,0.08565247621408428,0.0,-0.0
GGRM.JK,2025-02-06,-1,0.28610628515337555,0.09690274065802867,0.0,-0.0
GGRM.JK,2025-02-07,-1,0.2882855177071369,0.07878154755729429,0.0,0.0
GGRM.JK,2025-02-10,1,0.38598803835892953,0.11872484838444736,0.0,-0.0
GGRM.JK,2025-02-11,1,0.45255388291948917,0.12192995170762437,0.0,-0.0
GGRM.JK,2025-02-12,1,0.377762645586163,0.05289564630295293,0.0,0.0
GGRM.JK,2025-02-13,-1,0.2993205141406219,0.06753669476807507,0.0,0.0
GGRM.JK,2025-02-14,-1,0.33152883764962754,0.2777686056704239,0.0,0.0
GGRM.JK,2025-02-17,-1,0.37513648839812896,0.5963518060849826,0.0,0.0
GGRM.JK,2025-02-18,-1,0.41824918706940034,0.5194957776264106,0.0,0.0
GGRM.JK,2025-02-19,1,0.42834374706872447,0.4533809047137377,0.0,-0.0
GGRM.JK,2025-02-20,1,0.4088293095566896,0.47038586120507947,0.0,-0.0
GGRM.JK,2025-02-21,-1,0.3659270812627414,0.6510597853070538,0.0,-0.0
GGRM.JK,2025-02-24,-1,0.3748593110300771,0.5953435491463134,0.0,-0.0
GGRM.JK,2025-02-25,-1,0.30519389370282046,0.3715353075339292,0.0,-0.0
GGRM.JK,2025-02-26,-1,0.30393825486884823,0.36276328571510374,0.0,-0.0
GGRM.JK,2025-02-27,1,0.5530209558856376,0.05328850556291369,0.0,-0.0
GGRM.JK,2025-02-28,1,0.41007594418101073,0.028756875545913788,0.0,0.0
GGRM.JK,2025-03-03,0,0.3619283287429692,0.032977834424139166,0.0,0.0
GGRM.JK,2025-03-04,0,0.3562297584765017,0.09414650355986248,0.0,-0.0
GGRM.JK,2025-03-05,-1,0.22105591131575442,0.050134402115997,0.0,-0.0
GGRM.JK,2025-03-06,-1,0.2592783173162779,0.06244954599655632,0.0,0.0
GGRM.JK,2025-03-07,1,0.516824094227434,0.10202230957181897,0.0,-0.0
GGRM.JK,2025-03-10,1,0.5138927268494201,0.1057765697039186,0.0,-0.0
GGRM.JK,2025-03-11,1,0.5191362299954395,0.10295258931789779,0.0,-0.0
GGRM.JK,2025-03-12,1,0.5170039448667347,0.06399335284347493,0.0,0.0
GGRM.JK,2025-03-13,1,0.616825809691992,0.08028604796688392,0.0,0.0
GGRM.JK,2025-03-14,1,0.6336319071371053,0.09199862985042831,0.0,0.0
GGRM.JK,2025-03-17,1,0.4237222425061013,0.11782526524306255,0.0,0.0
GGRM.JK,2025-03-18,1,0.5666546893115102,0.16733940491767985,0.0,-0.0
GGRM.JK,2025-03-19,1,0.5331597180889722,0.10075118476445818,0.0,-0.0
GGRM.JK,2025-03-20,1,0.3948287080290277,0.14369233489015984,0.0,-0.0
GGRM.JK,2025-03-21,1,0.5491430501295402,0.042439052680870705,0.0,-0.0
GGRM.JK,2025-03-24,1,0.5492831996910713,0.031777539028951425,0.0,-0.0
GGRM.JK,2025-03-25,1,0.5479905962117755,0.15595574812140092,0.0,0.0
GGRM.JK,2025-03-26,1,0.5412416672079594,0.09679398109564527,0.0,0.0
GGRM.JK,2025-03-27,1,0.5763523012442503,0.26480782116099766,0.0,-0.0
GGRM.JK,2025-04-08,1,0.5072468918536387,0.05774974018264872,0.0,-0.0
GGRM.JK,2025-04-09,1,0.5026394746115606,0.03902038272657461,0.0,0.0
GGRM.JK,2025-04-10,1,0.5127527849961506,0.037046293793990465,0.0,0.0
GGRM.JK,2025-04-11,1,0.5183237612549084,0.1445828361331543,0.0,-0.0
GGRM.JK,2025-04-14,1,0.5172096330606312,0.17201527597550348,0.0,0.0
GGRM.JK,2025-04-15,1,0.5861855610522252,0.29982282503858987,0.0,0.0
GGRM.JK,2025-04-16,1,0.5710637866862349,0.05195245103872058,0.0,-0.0
GGRM.JK,2025-04-17,1,0.5826653400313746,0.04724964152542759,0.0,0.0
GGRM.JK,2025-04-21,1,0.5690466883405141,0.1300488977931951,0.0,0.0
GGRM.JK,2025-04-22,1,0.45332749417668194,0.3565878038355798,0.0,0.0
GGRM.JK,2025-04-23,1,0.44894223397699673,0.40279443444642576,0.0,-0.0
GGRM.JK,2025-04-24,1,0.50135378197985,0.3032434837586493,0.0,0.0
GGRM.JK,2025-04-25,1,0.4090320352840196,0.18171130603159263,0.0,0.0
GGRM.JK,2025-04-28,1,0.4056043476929543,0.34382487926597544,0.0,-0.0
GGRM.JK,2025-04-29,-1,0.3584526364812872,0.5438962054594922,0.0,0.0
GGRM.JK,2025-04-30,-1,0.3561101818981959,0.4323142607228836,0.0,-0.0
GGRM.JK,2025-05-02,1,0.3958907497309568,0.1237818676850888,0.0,-0.0
GGRM.JK,2025-05-05,-1,0.31610892574654315,0.17637357827461206,0.0,0.0
GGRM.JK,2025-05-06,-1,0.32073273028631505,0.26337801397860394,0.0,-0.0
GGRM.JK,2025-05-07,-1,0.30117640305075893,0.6405845587905269,0.0,0.0
GGRM.JK,2025-05-08,-1,0.30229399466538737,0.6964945100859901,0.0,-0.0
GGRM.JK,2025-05-09,-1,0.2941010995406658,0.8165850565654075,0.0,-0.0
GGRM.JK,2025-05-14,-1,0.3257689642868927,0.6272877734648975,0.0,0.0
GGRM.JK,2025-05-15,-1,0.3764942875718305,0.3007035293766096,0.0,0.0
GGRM.JK,2025-05-16,-1,0.3804889437973748,0.7277511848432753,0.0,0.0
GGRM.JK,2025-05-19,-1,0.3600307370241296,0.5681683007663223,0.0,0.0
GGRM.JK,2025-05-20,-1,0.3597681975837341,0.3423051078645464,0.0,-0.0
GGRM.JK,2025-05-21,-1,0.3642242032908309,0.46711711684277907,0.0,0.0
GGRM.JK,2025-05-22,-1,0.37655580373129416,0.48941524775207135,0.0,0.0
GGRM.JK,2025-05-23,1,0.39380174578621024,0.4618578649857898,0.0,-0.0
GGRM.JK,2025-05-26,-1,0.3241026069858628,0.4439109528676068,0.0,-0.0
GGRM.JK,2025-05-27,-1,0.34022229430467416,0.39375338800589504,0.0,0.0
GGRM.JK,2025-05-28,-1,0.2924461629875475,0.3925654263372851,0.0,-0.0
GGRM.JK,2025-06-02,-1,0.2942588087200541,0.30757686418885066,0.0,-0.0
GGRM.JK,2025-06-03,-1,0.29331788099721967,0.1874833775279964,0.0,-0.0
GGRM.JK,2025-06-04,-1,0.29610607789105436,0.14728699063291562,0.0,0.0
GGRM.JK,2025-06-05,-1,0.31010121329085133,0.581322447805438,0.0,-0.0
GGRM.JK,2025-06-10,-1,0.3200030902999674,0.5675384351117877,0.0,0.0
GGRM.JK,2025-06-11,-1,0.3469544465132423,0.2015404527712967,0.0,0.0
GGRM.JK,2025-06-12,-1,0.3653676868179047,0.6140089568875566,0.0,0.0
GGRM.JK,2025-06-13,-1,0.377667231486584,0.5304931344788109,0.0,-0.0
GGRM.JK,2025-06-16,-1,0.3838155378700833,0.42973180319267196,0.0,-0.0
GGRM.JK,2025-06-17,-1,0.326360305760589,0.2825130252411312,0.0,-0.0
GGRM.JK,2025-06-18,-1,0.3370937321055623,0.32582146865790673,0.0,0.0
GGRM.JK,2025-06-19,-1,0.2985379086206755,0.311730506388106,0.0,-0.0
GGRM.JK,2025-06-20,-1,0.28006307410619263,0.34847053848198317,0.0,-0.0
GGRM.JK,2025-06-23,-1,0.26085194001561846,0.2091767801428719,0.0,-0.0
GGRM.JK,2025-06-24,-1,0.26607633756333093,0.06771619183966524,0.0,0.0
GGRM.JK,2025-06-25,-1,0.2845229951535603,0.0877745318278602,0.0,0.0
GGRM.JK,2025-06-26,-1,0.30627656622227917,0.09750834643495265,0.0,0.0
GGRM.JK,2025-06-30,-1,0.30957627851015157,0.09056779414195405,0.0,0.0
GGRM.JK,2025-07-01,1,0.44125097284381826,0.23285685092849748,0.0,-0.0
GGRM.JK,2025-07-02,-1,0.3396133929937481,0.5340155834196778,0.0,0.0
GGRM.JK,2025-07-03,-1,0.320971743409309,0.4508362423354577,0.0,0.0
GGRM.JK,2025-07-04,-1,0.33549531814338135,0.468139531839048,0.0,0.0
GGRM.JK,2025-07-07,-1,0.34817770115161073,0.546847279051495,0.0,0.0
GGRM.JK,2025-07-08,-1,0.3822714996583301,0.7839441892313699,0.0,0.0
GGRM.JK,2025-07-09,-1,0.30723309420650863,0.5475361032853412,0.0,-0.0
GGRM.JK,2025-07-10,-1,0.31941502173798564,0.7263604229711654,0.0,0.0
GGRM.JK,2025-07-11,-1,0.35146915435297177,0.4047342984152042,0.0,0.0
GGRM.JK,2025-07-14,-1,0.3142567329729119,0.43851057170058383,0.0,0.0
GGRM.JK,2025-07-15,-1,0.31904159107552427,0.5322096071254185,0.0,-0.0
GGRM.JK,2025-07-16,-1,0.34833131481716834,0.5727750499207562,0.0,0.0
GGRM.JK,2025-07-17,-1,0.3640856287166189,0.542044951643656,0.0,0.0
GGRM.JK,2025-07-18,-1,0.33148602715831016,0.7477407474285169,0.0,-0.0
GGRM.JK,2025-07-21,-1,0.32129282435583323,0.786332567658219,0.0,0.0
GGRM.JK,2025-07-22,-1,0.3692492358579947,0.8131328177004873,0.0,0.0
GGRM.JK,2025-07-23,-1,0.3590944407613703,0.5393407100195187,0.0,-0.0
GGRM.JK,2025-07-24,-1,0.35002751442310526,0.620167055304211,0.0,-0.0
GGRM.JK,2025-07-25,-1,0.33480639634706066,0.6789698950331746,0.0,-0.0
GGRM.JK,2025-07-28,-1,0.34020959908887805,0.6478299546671353,0.0,0.0
GGRM.JK,2025-07-29,-1,0.305848793409814,0.8287100912184476,0.0,0.0
GGRM.JK,2025-07-30,-1,0.3170199907605676,0.5781277045040244,0.0,0.0
GGRM.JK,2025-07-31,-1,0.25170214927922574,0.24467316115139562,0.0,-0.0
GGRM.JK,2025-08-01,-1,0.2984821146600259,0.17595219319147606,0.0,0.0
GGRM.JK,2025-08-04,-1,0.2765701806497105,0.31483010909670034,0.0,-0.0
GGRM.JK,2025-08-05,-1,0.26822804870793193,0.7959844321947669,0.0,0.0
GGRM.JK,2025-08-06,-1,0.24282471645344567,0.6105261072391913,0.0,-0.0
GGRM.JK,2025-08-07,-1,0.2699106560894618,0.805051592322886,0.0,0.0
GGRM.JK,2025-08-08,-1,0.24271469417588523,0.45275889344800163,0.0,-0.0
GGRM.JK,2025-08-11,-1,0.2507159527448173,0.3414992672411056,0.0,0.0
GGRM.JK,2025-08-12,-1,0.26483912233117535,0.6286994318443404,0.0,0.0
GGRM.JK,2025-08-13,-1,0.2677936153949597,0.742362958548121,0.0,-0.0
GGRM.JK,2025-08-14,-1,0.3173160525467717,0.4910283289723632,0.0,0.0
GGRM.JK,2025-08-15,-1,0.32963369952955135,0.8532872473279993,0.0,-0.0
GGRM.JK,2025-08-19,-1,0.31592310603958934,0.3769215653654508,0.0,0.0
GGRM.JK,2025-08-20,-1,0.3494305134787115,0.46501408527890037,0.0,-0.0
GGRM.JK,2025-08-21,-1,0.34079837058863816,0.6334927237677016,0.0,0.0
GGRM.JK,2025-08-22,-1,0.37869218727314863,0.7536995117313294,0.0,-0.0
GGRM.JK,2025-08-25,-1,0.37117031452974314,0.4780713880336756,0.0,-0.0
GGRM.JK,2025-08-26,-1,0.32438122204565867,0.47629731584222845,0.0,-0.0
GGRM.JK,2025-08-27,-1,0.3027990190674971,0.554155795163113,0.0,-0.0
GGRM.JK,2025-08-28,-1,0.30392324761123785,0.5487122092113342,0.0,-0.0
GGRM.JK,2025-08-29,-1,0.2708320064210613,0.509815696872877,0.0,-0.0
GGRM.JK,2025-09-01,-1,0.2383063924719543,0.7487323169812502,0.0,-0.0
GGRM.JK,2025-09-02,-1,0.26436091985840104,0.5984214741330468,0.0,0.0
GGRM.JK,2025-09-03,-1,0.33365924057712015,0.6163324472273675,0.0,0.0
GGRM.JK,2025-09-04,-1,0.32809241546867257,0.2989085860025127,0.0,0.0
GGRM.JK,2025-09-08,-1,0.3795528258555158,0.8408344262481056,0.0,0.0
GGRM.JK,2025-09-09,1,0.3576989442415023,0.3902752970854117,0.0,-0.0
GGRM.JK,2025-09-10,-1,0.34497889662316994,0.698233380879077,0.0,-0.0
GGRM.JK,2025-09-11,-1,0.3058408202736486,0.6231950618909542,0.0,-0.0
GGRM.JK,2025-09-12,-1,0.3091267269570562,0.6970415654905088,0.0,0.0
GGRM.JK,2025-09-15,-1,0.2784915784820611,0.7495970930314614,0.0,0.0
GGRM.JK,2025-09-16,-1,0.3814527876826479,0.7384774121089525,0.0,0.0
GGRM.JK,2025-09-17,-1,0.299158340273336,0.7555009546223801,0.0,0.0
GGRM.JK,2025-09-18,-1,0.30258950440237037,0.8380850219740963,0.0,-0.0
GGRM.JK,2025-09-19,-1,0.275036061659496,0.8330623147298778,0.0,0.0
GGRM.JK,2025-09-22,-1,0.24491041333205324,0.6400042515824448,0.0,0.0
GGRM.JK,2025-09-23,-1,0.23648620573358603,0.6395699646894684,0.0,0.0
GGRM.JK,2025-09-24,-1,0.23767974094507457,0.681475441525701,0.0,-0.0
GGRM.JK,2025-09-25,-1,0.23483391747608762,0.6720421954987023,0.0,0.0
GGRM.JK,2025-09-26,-1,0.23483391747608762,0.8423624918790058,0.0,0.0
GGRM.JK,2025-09-29,-1,0.2370320339363549,0.9420616678745143,0.0,-0.0
GGRM.JK,2025-09-30,-1,0.19295560198090944,0.9344999091301389,0.0,0.0
GGRM.JK,2025-10-01,-1,0.18809722777494312,0.8213608427309265,0.0,-0.0
GGRM.JK,2025-10-02,-1,0.18494879188775526,0.8246265350677077,0.0,-0.0
GGRM.JK,2025-10-03,-1,0.18809722777494312,0.8389023534694533,0.0,0.0
GGRM.JK,2025-10-06,-1,0.17571749381339435,0.6105365001118312,0.0,-0.0
GGRM.JK,2025-10-07,-1,0.15332414005859707,0.5727848491168525,0.0,-0.0
GGRM.JK,2025-10-08,-1,0.15297049874353444,0.3410408427933109,0.0,-0.0
GGRM.JK,2025-10-09,-1,0.15505867646224938,0.27367130996327615,0.0,0.0
GGRM.JK,2025-10-10,-1,0.14987760406335499,0.3698261622801567,0.0,0.0
GGRM.JK,2025-10-13,-1,0.14834207008181263,0.5578443362156212,0.0,0.0
GGRM.JK,2025-10-14,-1,0.14945610470129966,0.3733611818599091,0.0,0.0
GGRM.JK,2025-10-15,-1,0.1768065029217506,0.7295962670222295,0.0,0.0
GGRM.JK,2025-10-16,-1,0.16517349791144936,0.9021015568784884,0.0,-0.0
GGRM.JK,2025-10-17,-1,0.14561842726501995,0.6248088763630751,0.0,-0.0
GGRM.JK,2025-10-20,-1,0.14076925704288948,0.6561432899422643,0.0,0.0
GGRM.JK,2025-10-21,-1,0.13932263321648616,0.7697146220775853,0.0,0.0
GGRM.JK,2025-10-22,-1,0.13947070717796273,0.900491400178699,0.0,-0.0
GGRM.JK,2025-10-23,-1,0.1921995453810322,0.601440769828301,0.0,0.0
GGRM.JK,2025-10-24,-1,0.19622836481257566,0.7163374389710343,0.0,-0.0
GGRM.JK,2025-10-27,-1,0.2470193776095541,0.5337486739373299,0.0,0.0
GGRM.JK,2025-10-28,-1,0.2417025102400988,0.7044513947300604,0.0,0.0
GGRM.JK,2025-10-29,-1,0.24645311960220678,0.7154534581003961,0.0,0.0
GGRM.JK,2025-10-30,-1,0.23634247928888333,0.7855067070668322,0.0,0.0
GGRM.JK,2025-10-31,-1,0.23634247928888333,0.8800363536127417,0.0,0.0
GGRM.JK,2025-11-03,-1,0.23767974094507457,0.8872194239728003,0.0,-0.0
GGRM.JK,2025-11-04,-1,0.23648620573358603,0.8013547234442586,0.0,0.0
GGRM.JK,2025-11-05,-1,0.23767974094507457,0.931080943197209,0.0,-0.0
GGRM.JK,2025-11-06,-1,0.23767974094507457,0.8453927803976019,0.0,0.0
GGRM.JK,2025-11-07,-1,0.19149999176849009,0.8801702633306095,0.0,-0.0
GGRM.JK,2025-11-10,-1,0.19188012311668526,0.8981023035876813,0.0,-0.0
GGRM.JK,2025-11-11,-1,0.18727198315573756,0.9577163916223145,0.0,-0.0
GGRM.JK,2025-11-12,-1,0.1835070783157393,0.8717272935029713,0.0,0.0
GGRM.JK,2025-11-13,-1,0.17772001311962146,0.9687775907259639,0.0,-0.0
GGRM.JK,2025-11-14,-1,0.15803975904360987,0.9715365452298353,0.0,-0.0
GGRM.JK,2025-11-17,-1,0.1608328946711247,0.9652233827262322,0.0,0.0
GGRM.JK,2025-11-18,-1,0.1492075991752794,0.9394071408648825,0.0,-0.0
GGRM.JK,2025-11-19,-1,0.1418478470635934,0.9452055766870836,0.0,0.0
GGRM.JK,2025-11-20,-1,0.13547186195487196,0.954309226181476,0.0,-0.0
GGRM.JK,2025-11-21,-1,0.14565309546056285,0.8304031635283913,0.0,0.0
GGRM.JK,2025-11-24,-1,0.13683195505579013,0.8835384402611677,0.0,-0.0
GGRM.JK,2025-11-25,-1,0.1347957223041778,0.8193808578769789,0.0,0.0
GGRM.JK,2025-11-26,-1,0.13705047720606972,0.7849078537520123,0.0,-0.0
GGRM.JK,2025-11-27,-1,0.12523129244664807,0.9233024084216042,0.0,-0.0
GGRM.JK,2025-11-28,-1,0.16783767213648912,0.7823666439266216,0.0,-0.0
GGRM.JK,2025-12-01,-1,0.22233589148261926,0.7790297435621074,0.0,-0.0
GGRM.JK,2025-12-02,-1,0.24498816535447446,0.7721827933700363,0.0,0.0
GGRM.JK,2025-12-03,-1,0.26339598914530005,0.6055016647830533,0.0,0.0
GGRM.JK,2025-12-04,-1,0.27652537885584616,0.5716008175010618,0.0,-0.0
GGRM.JK,2025-12-05,-1,0.2803006355745184,0.788801869215494,0.0,-0.0
GGRM.JK,2025-12-08,-1,0.2727715506925736,0.0813229753889053,0.0,-0.0
GGRM.JK,2025-12-09,-1,0.27807119897406046,0.35449948572928514,0.0,-0.0
GGRM.JK,2025-12-10,-1,0.28210664862442264,0.3241947826228292,0.0,-0.0
GGRM.JK,2025-12-11,-1,0.2745051360186148,0.38777317476042594,0.0,-0.0
GGRM.JK,2025-12-12,-1,0.2658781669209254,0.1384485847636762,0.0,0.0
GGRM.JK,2025-12-15,-1,0.25740634814658864,0.08486572505697842,0.0,-0.0
GGRM.JK,2025-12-16,-1,0.24788774192911606,0.2810214694740508,0.0,-0.0
GGRM.JK,2025-12-17,-1,0.2643557683463289,0.09694567230499099,0.0,0.0
GGRM.JK,2025-12-18,-1,0.2596909214345121,0.32689935355353367,0.0,-0.0
GGRM.JK,2025-12-19,-1,0.26002047024849145,0.1720548472773961,0.0,-0.0
GGRM.JK,2025-12-22,-1,0.24642590136280826,0.3270134001226361,0.0,-0.0
GGRM.JK,2025-12-23,-1,0.24559680700331513,0.3559315456881211,0.0,-0.0
GGRM.JK,2025-12-24,-1,0.24793281291977887,0.11442924482662381,0.0,0.0
GGRM.JK,2025-12-29,-1,0.2542715717932927,0.07763939783865108,0.0,0.0
HMSP.JK,2025-01-02,1,0.3580420760900189,0.22734964163248336,0.0,0.0
HMSP.JK,2025-01-03,1,0.35747477588389437,0.35684728101786833,0.0,0.0
HMSP.JK,2025-01-06,1,0.3580420760900189,0.010768008894459105,0.0,-0.0
HMSP.JK,2025-01-07,1,0.3581239160665891,0.05522857803788186,0.0,-0.0
HMSP.JK,2025-01-08,1,0.3581239160665891,0.31721969974632175,0.0,-0.0
HMSP.JK,2025-01-09,1,0.3580420760900189,0.3424190737106032,0.0,-0.0
HMSP.JK,2025-01-10,1,0.3580420760900189,0.04985618455720045,0.0,0.0
HMSP.JK,2025-01-13,1,0.3580420760900189,0.06361833017939658,0.0,-0.0
HMSP.JK,2025-01-14,1,0.3580420760900189,0.41121854620226955,0.0,-0.0
HMSP.JK,2025-01-15,1,0.3580420760900189,0.08418237633311586,0.0,0.0
HMSP.JK,2025-01-16,1,0.3580420760900189,0.03343053921836095,0.0,-0.0
HMSP.JK,2025-01-17,1,0.3580420760900189,0.19647564876902854,0.0,-0.0
HMSP.JK,2025-01-20,1,0.3580420760900189,0.16476102471701207,0.0,0.0
HMSP.JK,2025-01-21,1,0.35755635669347435,0.061648986135625965,0.0,0.0
HMSP.JK,2025-01-22,1,0.3581239160665891,0.018930668910855073,0.0,-0.0
HMSP.JK,2025-01-23,1,0.358786029018215,0.02752881631733004,0.0,0.0
HMSP.JK,2025-01-24,1,0.358786029018215,0.025438029377456504,0.0,0.0
HMSP.JK,2025-01-30,1,0.3581239160665891,0.0176835684380528,0.0,-0.0
HMSP.JK,2025-01-31,1,0.358786029018215,0.018318656799428755,0.0,0.0
HMSP.JK,2025-02-03,1,0.3587038861789579,0.02833320590850346,0.0,0.0
HMSP.JK,2025-02-04,1,0.358786029018215,0.048876942212406536,0.0,0.0
HMSP.JK,2025-02-05,1,0.358786029018215,0.05945910596444996,0.0,0.0
HMSP.JK,2025-02-06,1,0.3580420760900189,0.16740255179541444,0.0,-0.0
HMSP.JK,2025-02-07,1,0.3580420760900189,0.22322099777501805,0.0,0.0
HMSP.JK,2025-02-10,1,0.3580420760900189,0.18832983032714518,0.0,-0.0
HMSP.JK,2025-02-11,1,0.3580420760900189,0.24074483611066014,0.0,-0.0
HMSP.JK,2025-02-12,1,0.3580420760900189,0.14016628403431153,0.0,0.0
HMSP.JK,2025-02-13,1,0.35747477588389437,0.10788525543790667,0.0,0.0
HMSP.JK,2025-02-14,1,0.3587038861789579,0.0734580470134719,0.0,0.0
HMSP.JK,2025-02-17,1,0.3587038861789579,0.06349050762821745,0.0,0.0
HMSP.JK,2025-02-18,1,0.35755635669347435,0.05058255500283997,0.0,0.0
HMSP.JK,2025-02-19,1,0.3587038861789579,0.03427706505617216,0.0,-0.0
HMSP.JK,2025-02-20,1,0.358786029018215,0.008181125042526178,0.0,-0.0
HMSP.JK,2025-02-21,1,0.358786029018215,0.00871002819572298,0.0,-0.0
HMSP.JK,2025-02-24,1,0.3581239160665891,0.03365696611423191,0.0,-0.0
HMSP.JK,2025-02-25,1,0.3580420760900189,0.15800518715677983,0.0,-0.0
HMSP.JK,2025-02-26,1,0.3580420760900189,0.3418188779115962,0.0,0.0
HMSP.JK,2025-02-27,1,0.3580420760900189,0.36316752236610295,0.0,-0.0
HMSP.JK,2025-02-28,1,0.3580420760900189,0.401059280433081,0.0,-0.0
HMSP.JK,2025-03-03,1,0.3580420760900189,0.5367887668163148,0.0,0.0
HMSP.JK,2025-03-04,1,0.3580420760900189,0.5958445417182919,0.0,0.0
HMSP.JK,2025-03-05,1,0.3580420760900189,0.6571925199304859,0.0,0.0
HMSP.JK,2025-03-06,1,0.3580420760900189,0.3521407237168326,1.0,0.026537446239755236
HMSP.JK,2025-03-07,1,0.3580420760900189,0.5096226248477922,0.0,-0.0025
HMSP.JK,2025-03-10,1,0.3580420760900189,0.12769321778608322,0.0,-0.0
HMSP.JK,2025-03-11,1,0.3580420760900189,0.12565732193062307,0.0,-0.0
HMSP.JK,2025-03-12,1,0.3580420760900189,0.1675230129044497,0.0,0.0
HMSP.JK,2025-03-13,1,0.3580420760900189,0.1624059288913938,0.0,-0.0
HMSP.JK,2025-03-14,1,0.3581239160665891,0.07709730115062095,0.0,0.0
HMSP.JK,2025-03-17,1,0.35755635669347435,0.1789335517061862,0.0,0.0
HMSP.JK,2025-03-18,1,0.358786029018215,0.16019049218838413,0.0,-0.0
HMSP.JK,2025-03-19,1,0.35755635669347435,0.15833432662901764,0.0,0.0
HMSP.JK,2025-03-20,1,0.358786029018215,0.11570691465112039,0.0,0.0
HMSP.JK,2025-03-21,1,0.358786029018215,0.015153055918302183,0.0,-0.0
HMSP.JK,2025-03-24,1,0.3581239160665891,0.010320976422226737,0.0,-0.0
HMSP.JK,2025-03-25,1,0.35755635669347435,0.01470243203596906,0.0,0.0
HMSP.JK,2025-03-26,1,0.35755635669347435,0.1820014164906094,0.0,0.0
HMSP.JK,2025-03-27,1,0.358786029018215,0.10731606796033615,0.0,-0.0
HMSP.JK,2025-04-08,1,0.3580420760900189,0.1159708989717143,0.0,-0.0
HMSP.JK,2025-04-09,1,0.35747477588389437,0.030200789762306963,0.0,0.0
HMSP.JK,2025-04-10,1,0.35755635669347435,0.19069218293495568,0.0,0.0
HMSP.JK,2025-04-11,1,0.358786029018215,0.11508510562737037,0.0,-0.0
HMSP.JK,2025-04-14,1,0.35755635669347435,0.274386560465217,0.0,0.0
HMSP.JK,2025-04-15,1,0.358786029018215,0.18288853201061844,0.0,0.0
HMSP.JK,2025-04-16,1,0.358786029018215,0.03844864076762781,0.0,-0.0
HMSP.JK,2025-04-17,1,0.35755635669347435,0.1779252160601775,0.0,0.0
HMSP.JK,2025-04-21,1,0.35755635669347435,0.19713876388315135,0.0,0.0
HMSP.JK,2025-04-22,1,0.35755635669347435,0.13357676992507952,0.0,0.0
HMSP.JK,2025-04-23,1,0.358786029018215,0.0781963183721756,0.0,-0.0
HMSP.JK,2025-04-24,1,0.35755635669347435,0.2591398501140321,0.0,0.0
HMSP.JK,2025-04-25,1,0.35755635669347435,0.2675483574939115,0.0,0.0
HMSP.JK,2025-04-28,1,0.358786029018215,0.2901200314276287,0.0,-0.0
HMSP.JK,2025-04-29,1,0.35755635669347435,0.17092962541434994,0.0,0.0
HMSP.JK,2025-04-30,1,0.358786029018215,0.06590782738987175,0.0,-0.0
HMSP.JK,2025-05-02,1,0.358786029018215,0.07192148983613761,0.0,0.0
HMSP.JK,2025-05-05,1,0.358786029018215,0.07310001778889173,0.0,0.0
HMSP.JK,2025-05-06,1,0.35755635669347435,0.17811349027706463,0.0,0.0
HMSP.JK,2025-05-07,1,0.358786029018215,0.11343768436424302,0.0,0.0
HMSP.JK,2025-05-08,1,0.358786029018215,0.1032075609951808,0.0,0.0
HMSP.JK,2025-05-09,1,0.358786029018215,0.08381820230732778,0.0,0.0
HMSP.JK,2025-05-14,1,0.35755635669347435,0.20697252602384605,0.0,0.0
HMSP.JK,2025-05-15,1,0.358786029018215,0.19159644929064756,0.0,0.0
HMSP.JK,2025-05-16,1,0.358786029018215,0.09349856652556617,0.0,0.0
HMSP.JK,2025-05-19,1,0.35755635669347435,0.26029214020150154,0.0,0.0
HMSP.JK,2025-05-20,1,0.358786029018215,0.21783335421561664,0.0,-0.0
HMSP.JK,2025-05-21,1,0.35755635669347435,0.2960402340778553,0.0,0.0
HMSP.JK,2025-05-22,1,0.35755635669347435,0.2537778854052485,0.0,0.0
HMSP.JK,2025-05-23,1,0.358786029018215,0.13090371100348933,0.0,-0.0
HMSP.JK,2025-05-26,1,0.358786029018215,0.20136563366177448,0.0,-0.0
HMSP.JK,2025-05-27,1,0.35755635669347435,0.27146504295705415,0.0,0.0
HMSP.JK,2025-05-28,1,0.358786029018215,0.2273495811097819,0.0,0.0
HMSP.JK,2025-06-02,1,0.358786029018215,0.08556884016874097,0.0,-0.0
HMSP.JK,2025-06-03,1,0.35755635669347435,0.057477442537792314,0.0,0.0
HMSP.JK,2025-06-04,1,0.35755635669347435,0.19876799533980857,0.0,0.0
HMSP.JK,2025-06-05,1,0.35755635669347435,0.21134298221791595,0.0,0.0
HMSP.JK,2025-06-10,1,0.35755635669347435,0.29110761876749347,0.0,0.0
HMSP.JK,2025-06-11,1,0.35755635669347435,0.2889405125798473,0.0,0.0
HMSP.JK,2025-06-12,1,0.358786029018215,0.2137695746037082,0.0,-0.0
HMSP.JK,2025-06-13,1,0.358786029018215,0.29910460318178955,0.0,0.0
HMSP.JK,2025-06-16,1,0.358786029018215,0.18865483593058407,0.0,0.0
HMSP.JK,2025-06-17,1,0.358786029018215,0.20695550577449043,0.0,0.0
HMSP.JK,2025-06-18,1,0.35755635669347435,0.6319842024153475,0.0,0.0
HMSP.JK,2025-06-19,1,0.358786029018215,0.5989076917392115,1.0,-0.0015
HMSP.JK,2025-06-20,1,0.358786029018215,0.5686533082983488,0.0,-0.0025
HMSP.JK,2025-06-23,1,0.34944778589757797,0.06234023766149534,0.0,-0.0
HMSP.JK,2025-06-24,1,0.35755635669347435,0.09003537836502369,0.0,0.0
HMSP.JK,2025-06-25,1,0.3587038861789579,0.04052130345917913,0.0,-0.0
HMSP.JK,2025-06-26,1,0.35747477588389437,0.06623664383490263,0.0,0.0
HMSP.JK,2025-06-30,1,0.3587038861789579,0.12014847610209417,0.0,0.0
HMSP.JK,2025-07-01,1,0.34944778589757797,0.05092817169516463,0.0,-0.0
HMSP.JK,2025-07-02,1,0.35755635669347435,0.2843443836505612,0.0,0.0
HMSP.JK,2025-07-03,1,0.35755635669347435,0.3468213908902049,0.0,0.0
HMSP.JK,2025-07-04,1,0.358786029018215,0.2759339475464996,0.0,0.0
HMSP.JK,2025-07-07,1,0.358786029018215,0.24655295341375558,0.0,-0.0
HMSP.JK,2025-07-08,1,0.358786029018215,0.10313269844191884,0.0,0.0
HMSP.JK,2025-07-09,1,0.358786029018215,0.02425710207652775,0.0,-0.0
HMSP.JK,2025-07-10,1,0.35755635669347435,0.2585610174142314,0.0,0.0
HMSP.JK,2025-07-11,1,0.358786029018215,0.27040776356225815,0.0,0.0
HMSP.JK,2025-07-14,1,0.358786029018215,0.1745368464040839,0.0,-0.0
HMSP.JK,2025-07-15,1,0.358786029018215,0.15568594305280395,0.0,0.0
HMSP.JK,2025-07-16,1,0.358786029018215,0.055144078617089115,0.0,-0.0
HMSP.JK,2025-07-17,1,0.35755635669347435,0.1067558907907476,0.0,0.0
HMSP.JK,2025-07-18,1,0.3587038861789579,0.03284762946898855,0.0,-0.0
HMSP.JK,2025-07-21,1,0.35755635669347435,0.11798259022427984,0.0,0.0
HMSP.JK,2025-07-22,1,0.35755635669347435,0.08775952404269154,0.0,0.0
HMSP.JK,2025-07-23,1,0.35755635669347435,0.18081518527779278,0.0,0.0
HMSP.JK,2025-07-24,1,0.3587038861789579,0.04582065973538493,0.0,-0.0
HMSP.JK,2025-07-25,1,0.3587038861789579,0.10652555136593965,0.0,-0.0
HMSP.JK,2025-07-28,1,0.3587038861789579,0.04031598260145735,0.0,0.0
HMSP.JK,2025-07-29,1,0.35755635669347435,0.09849814793337008,0.0,0.0
HMSP.JK,2025-07-30,1,0.35755635669347435,0.2265370623894269,0.0,0.0
HMSP.JK,2025-07-31,1,0.34944778589757797,0.22960593759056988,0.0,-0.0
HMSP.JK,2025-08-01,1,0.34944778589757797,0.27951812085358946,0.0,0.0
HMSP.JK,2025-08-04,1,0.3474580141359976,0.37231866758821563,0.0,-0.0
HMSP.JK,2025-08-05,1,0.3474580141359976,0.22664996641729646,0.0,0.0
HMSP.JK,2025-08-06,1,0.3474580141359976,0.4189474931681473,0.0,-0.0
HMSP.JK,2025-08-07,1,0.3474580141359976,0.3430819833085244,0.0,-0.0
HMSP.JK,2025-08-08,1,0.3474580141359976,0.3327315539230396,0.0,0.0
HMSP.JK,2025-08-11,1,0.34944778589757797,0.3001716474791778,0.0,0.0
HMSP.JK,2025-08-12,1,0.35747477588389437,0.21741476069393786,0.0,0.0
HMSP.JK,2025-08-13,1,0.3587038861789579,0.3060457213310844,0.0,-0.0
HMSP.JK,2025-08-14,1,0.358786029018215,0.05364639474256698,0.0,-0.0
HMSP.JK,2025-08-15,1,0.34952574369609773,0.038570579322711296,0.0,-0.0
HMSP.JK,2025-08-19,1,0.35755635669347435,0.1375695904565839,0.0,0.0
HMSP.JK,2025-08-20,1,0.358786029018215,0.027039449930308622,0.0,-0.0
HMSP.JK,2025-08-21,1,0.35755635669347435,0.04911655973691833,0.0,0.0
HMSP.JK,2025-08-22,1,0.358786029018215,0.029935433336833604,0.0,-0.0
HMSP.JK,2025-08-25,1,0.358786029018215,0.05417110453844599,0.0,0.0
HMSP.JK,2025-08-26,1,0.358786029018215,0.019103991531427708,0.0,0.0
HMSP.JK,2025-08-27,1,0.3580420760900189,0.07174281151241546,0.0,-0.0
HMSP.JK,2025-08-28,1,0.35747477588389437,0.056599374424503184,0.0,0.0
HMSP.JK,2025-08-29,1,0.3587038861789579,0.05315291508482582,0.0,-0.0
HMSP.JK,2025-09-01,1,0.358786029018215,0.023091584650930634,0.0,0.0
HMSP.JK,2025-09-02,1,0.3587038861789579,0.06686537974637133,0.0,0.0
HMSP.JK,2025-09-03,1,0.35755635669347435,0.321269941863612,0.0,0.0
HMSP.JK,2025-09-04,1,0.358786029018215,0.179342885832065,0.0,0.0
HMSP.JK,2025-09-08,1,0.35755635669347435,0.36641575000668675,0.0,0.0
HMSP.JK,2025-09-09,1,0.358786029018215,0.23399493501403124,0.0,-0.0
HMSP.JK,2025-09-10,1,0.358786029018215,0.04503141536785648,0.0,-0.0
HMSP.JK,2025-09-11,1,0.3581239160665891,0.032905508559438516,0.0,-0.0
HMSP.JK,2025-09-12,1,0.3581239160665891,0.0507852844285259,0.0,-0.0
HMSP.JK,2025-09-15,1,0.35755635669347435,0.14483005831433005,0.0,0.0
HMSP.JK,2025-09-16,1,0.35755635669347435,0.40776689975115904,0.0,0.0
HMSP.JK,2025-09-17,1,0.358786029018215,0.3369285254669541,0.0,-0.0
HMSP.JK,2025-09-18,1,0.358786029018215,0.5916204813262755,0.0,-0.0
HMSP.JK,2025-09-19,1,0.35755635669347435,0.37568789079328213,0.0,0.0
HMSP.JK,2025-09-22,1,0.3543290590495286,0.8709532105039843,0.0,0.0
HMSP.JK,2025-09-23,1,0.3543290590495286,0.7612530296244467,1.0,0.035999981409884196
HMSP.JK,2025-09-24,1,0.3511025191995917,0.7884817019158193,1.0,-0.04819274805695206
HMSP.JK,2025-09-25,1,0.3511025191995917,0.7447650199734963,1.0,0.05063288597409832
HMSP.JK,2025-09-26,1,0.33872027401979193,0.7612530296244467,1.0,0.05421692120044508
HMSP.JK,2025-09-29,1,0.33872027401979193,0.8425905888886696,1.0,-0.0399999788485802
HMSP.JK,2025-09-30,1,0.33872027401979193,0.40179138946305604,1.0,-0.02976196705682166
HMSP.JK,2025-10-01,1,0.33872027401979193,0.21561234859658784,0.0,-0.0025
HMSP.JK,2025-10-02,1,0.33872027401979193,0.327288304278376,0.0,0.0
HMSP.JK,2025-10-03,1,0.33872027401979193,0.7352256459185549,0.0,0.0
HMSP.JK,2025-10-06,1,0.34062662249949316,0.37003971986916717,1.0,-0.08076825434519025
HMSP.JK,2025-10-07,1,0.34062662249949316,0.08137375269360063,0.0,-0.0025
HMSP.JK,2025-10-08,1,0.34062662249949316,0.18477819247106853,0.0,-0.0
HMSP.JK,2025-10-09,1,0.34062662249949316,0.12524536018791196,0.0,0.0
HMSP.JK,2025-10-10,1,0.34062662249949316,0.11630749356692875,0.0,0.0
HMSP.JK,2025-10-13,1,0.34062662249949316,0.06685101599077567,0.0,-0.0
HMSP.JK,2025-10-14,0,0.3351379166327119,0.14481465124085346,0.0,-0.0
HMSP.JK,2025-10-15,0,0.3351379166327119,0.12935933843410785,0.0,-0.0
HMSP.JK,2025-10-16,0,0.3351379166327119,0.110930474146544,0.0,0.0
HMSP.JK,2025-10-17,0,0.3351379166327119,0.0638017749153592,0.0,-0.0
HMSP.JK,2025-10-20,1,0.34062662249949316,0.29724835558475204,0.0,0.0
HMSP.JK,2025-10-21,1,0.33760970911008664,0.06924855650324885,0.0,0.0
HMSP.JK,2025-10-22,1,0.33760970911008664,0.13167924425733218,0.0,-0.0
HMSP.JK,2025-10-23,1,0.33872027401979193,0.5328317995568564,0.0,0.0
HMSP.JK,2025-10-24,1,0.33872027401979193,0.6152624918161459,0.0,0.0
HMSP.JK,2025-10-27,1,0.33872027401979193,0.8010083655983267,1.0,0.06219431953851512
HMSP.JK,2025-10-28,1,0.33872027401979193,0.7364489651885653,1.0,-0.02994018232966733
HMSP.JK,2025-10-29,1,0.33872027401979193,0.7727857124012796,1.0,0.012345672967700949
HMSP.JK,2025-10-30,1,0.33872027401979193,0.8075472196648813,1.0,0.060975660873079596
HMSP.JK,2025-10-31,1,0.33872027401979193,0.6562622160996487,1.0,0.005747123380319019
HMSP.JK,2025-11-03,1,0.33872027401979193,0.8524669673643812,1.0,-0.005714282692654282
HMSP.JK,2025-11-04,1,0.33872027401979193,0.7828764159456599,1.0,0.04597698704255215
HMSP.JK,2025-11-05,1,0.33872027401979193,0.3568367657339545,1.0,-0.03846151890586147
HMSP.JK,2025-11-06,1,0.33872027401979193,0.23946677522624207,0.0,-0.0025
HMSP.JK,2025-11-07,1,0.33872027401979193,0.2153548424893551,0.0,-0.0
HMSP.JK,2025-11-10,1,0.33872027401979193,0.1900541246551319,0.0,0.0
HMSP.JK,2025-11-11,0,0.3316927857540571,0.22477170835522628,0.0,-0.0
HMSP.JK,2025-11-12,-1,0.33100589667141167,0.3788659623179327,0.0,0.0
HMSP.JK,2025-11-13,0,0.3346985526293924,0.1619073292227595,0.0,-0.0
HMSP.JK,2025-11-14,0,0.3346985526293924,0.07415381898432988,0.0,-0.0
HMSP.JK,2025-11-17,0,0.33185993019223325,0.18127590315008021,0.0,0.0
HMSP.JK,2025-11-18,0,0.3291461828036882,0.03273817571678582,0.0,-0.0
HMSP.JK,2025-11-19,0,0.32976617057125657,0.12573611263511067,0.0,-0.0
HMSP.JK,2025-11-20,0,0.3291461828036882,0.11266836924896148,0.0,-0.0
HMSP.JK,2025-11-21,0,0.3291461828036882,0.5321953471829183,0.0,0.0
HMSP.JK,2025-11-24,-1,0.32434209490831684,0.519880037412669,0.0,0.0
HMSP.JK,2025-11-25,-1,0.32434209490831684,0.3970998269864768,0.0,-0.0
HMSP.JK,2025-11-26,-1,0.32434209490831684,0.6968786851597549,0.0,0.0
HMSP.JK,2025-11-27,-1,0.3213802274893978,0.46788522933388077,0.0,-0.0
HMSP.JK,2025-11-28,0,0.32674652680716704,0.22611634742690861,0.0,-0.0
HMSP.JK,2025-12-01,0,0.32976617057125657,0.3664470972570719,0.0,-0.0
HMSP.JK,2025-12-02,0,0.3291461828036882,0.4798121700086251,0.0,0.0
HMSP.JK,2025-12-03,-1,0.32434209490831684,0.3898979854919285,0.0,0.0
HMSP.JK,2025-12-04,-1,0.32434209490831684,0.18976583955587834,0.0,0.0
HMSP.JK,2025-12-05,-1,0.32577504890826886,0.1973466370452981,0.0,0.0
HMSP.JK,2025-12-08,-1,0.32577504890826886,0.6313480694653597,0.0,-0.0
HMSP.JK,2025-12-09,1,0.34169200108565057,0.36992039130748494,0.0,-0.0
HMSP.JK,2025-12-10,0,0.32438150420688716,0.6256799477289452,0.0,-0.0
HMSP.JK,2025-12-11,0,0.32438150420688716,0.458155011637107,0.0,-0.0
HMSP.JK,2025-12-12,0,0.32438150420688716,0.5728355337616179,0.0,-0.0
HMSP.JK,2025-12-15,0,0.33422090034585644,0.6398850323327361,0.0,0.0
HMSP.JK,2025-12-16,1,0.34223167189530757,0.5844109330909089,0.0,-0.0
HMSP.JK,2025-12-17,0,0.33039682913787904,0.24124862323897894,0.0,0.0
HMSP.JK,2025-12-18,1,0.34223167189530757,0.09663847162554431,0.0,-0.0
HMSP.JK,2025-12-19,1,0.34223167189530757,0.17147425048654533,0.0,-0.0
HMSP.JK,2025-12-22,1,0.34223167189530757,0.42806973700059325,0.0,0.0
HMSP.JK,2025-12-23,0,0.33039682913787904,0.18319757285864907,0.0,-0.0
HMSP.JK,2025-12-24,0,0.33039682913787904,0.27059728601721966,0.0,-0.0
HMSP.JK,2025-12-29,-1,0.32434209490831684,0.25609931253244106,0.0,0.0
SMGR.JK,2025-01-02,1,0.34197362806357245,0.26926446024377987,0.0,0.0
SMGR.JK,2025-01-03,1,0.34197362806357245,0.12056176601652975,0.0,-0.0
SMGR.JK,2025-01-06,0,0.3373704800542314,0.18036911311433318,0.0,-0.0
SMGR.JK,2025-01-07,1,0.34197362806357245,0.2597632780704067,0.0,-0.0
SMGR.JK,2025-01-08,1,0.34197362806357245,0.47083538616601067,0.0,-0.0
SMGR.JK,2025-01-09,1,0.34197362806357245,0.4756424949742538,0.0,-0.0
SMGR.JK,2025-01-10,1,0.34197362806357245,0.22216914489663556,0.0,0.0
SMGR.JK,2025-01-13,1,0.3442695879550561,0.14702505633976648,0.0,-0.0
SMGR.JK,2025-01-14,1,0.34197362806357245,0.571480898902071,0.0,-0.0
SMGR.JK,2025-01-15,1,0.34197362806357245,0.740561727125812,0.0,0.0
SMGR.JK,2025-01-16,1,0.34197362806357245,0.8220888376020431,1.0,-0.011916692676220806
SMGR.JK,2025-01-17,1,0.34197362806357245,0.5482311982253146,1.0,0.0
SMGR.JK,2025-01-20,1,0.34197362806357245,0.6341194249415475,0.0,-0.0025
SMGR.JK,2025-01-21,1,0.34197362806357245,0.5883094424791955,1.0,0.022309496770852644
SMGR.JK,2025-01-22,1,0.34197362806357245,0.5509317328244528,0.0,-0.0025
SMGR.JK,2025-01-23,1,0.34197362806357245,0.5679462345488071,0.0,0.0
SMGR.JK,2025-01-24,1,0.34197362806357245,0.23194731026851478,0.0,-0.0
SMGR.JK,2025-01-30,1,0.34197362806357245,0.7238416570915184,0.0,-0.0
SMGR.JK,2025-01-31,1,0.34197362806357245,0.5812281475497592,1.0,-0.012063406073802461
SMGR.JK,2025-02-03,1,0.34197362806357245,0.2974916235803894,0.0,-0.0025
SMGR.JK,2025-02-04,1,0.34197362806357245,0.5428433905654226,0.0,0.0
SMGR.JK,2025-02-05,1,0.34197362806357245,0.3523684476930172,0.0,0.0
SMGR.JK,2025-02-06,1,0.34197362806357245,0.46607439676710716,0.0,-0.0
SMGR.JK,2025-02-07,1,0.34197362806357245,0.2892469927555759,0.0,-0.0
SMGR.JK,2025-02-10,1,0.34197362806357245,0.3940732287725377,0.0,-0.0
SMGR.JK,2025-02-11,1,0.34197362806357245,0.45050473359323634,0.0,-0.0
SMGR.JK,2025-02-12,1,0.34197362806357245,0.41607621375923726,0.0,-0.0
SMGR.JK,2025-02-13,1,0.34197362806357245,0.534656612890206,0.0,0.0
SMGR.JK,2025-02-14,0,0.33383477848970666,0.5730722684762171,0.0,0.0
SMGR.JK,2025-02-17,0,0.3373704800542314,0.5064258985502548,0.0,0.0
SMGR.JK,2025-02-18,0,0.3373704800542314,0.31282946638556236,0.0,0.0
SMGR.JK,2025-02-19,0,0.3373704800542314,0.5609503025396833,0.0,0.0
SMGR.JK,2025-02-20,1,0.34197362806357245,0.5412801127094644,0.0,-0.0
SMGR.JK,2025-02-21,1,0.34197362806357245,0.29962317885847006,0.0,0.0
SMGR.JK,2025-02-24,1,0.34197362806357245,0.3306664166949916,0.0,-0.0
SMGR.JK,2025-02-25,1,0.34197362806357245,0.4967797447814074,0.0,0.0
SMGR.JK,2025-02-26,1,0.34197362806357245,0.46543625364883534,0.0,-0.0
SMGR.JK,2025-02-27,1,0.34197362806357245,0.23468131781024726,0.0,-0.0
SMGR.JK,2025-02-28,1,0.34197362806357245,0.5828818349333051,0.0,-0.0
SMGR.JK,2025-03-03,1,0.34197362806357245,0.7423352193798676,0.0,0.0
SMGR.JK,2025-03-04,1,0.34197362806357245,0.7076895942455145,1.0,-0.05705558604294586
SMGR.JK,2025-03-05,1,0.34197362806357245,0.7926166509802326,1.0,0.027149390677921215
SMGR.JK,2025-03-06,1,0.34197362806357245,0.7023836534044252,1.0,0.026431670712709687
SMGR.JK,2025-03-07,1,0.34187390667031187,0.618250467809327,1.0,0.012875569122619224
SMGR.JK,2025-03-10,1,0.34187390667031187,0.7109805178895987,1.0,0.03389828110647075
SMGR.JK,2025-03-11,1,0.34187390667031187,0.2726801876842122,1.0,-0.045081975840693955
SMGR.JK,2025-03-12,1,0.34187390667031187,0.4427637087634197,0.0,-0.0025
SMGR.JK,2025-03-13,1,0.34187390667031187,0.3870423063911194,0.0,-0.0
SMGR.JK,2025-03-14,1,0.34197362806357245,0.5286574152234901,0.0,-0.0
SMGR.JK,2025-03-17,1,0.34197362806357245,0.5401303818963971,0.0,0.0
SMGR.JK,2025-03-18,1,0.34197362806357245,0.8036331111411098,0.0,-0.0
SMGR.JK,2025-03-19,1,0.34197362806357245,0.4338211452038269,1.0,0.007549796892640405
SMGR.JK,2025-03-20,1,0.34197362806357245,0.24034911287104935,0.0,-0.0025
SMGR.JK,2025-03-21,1,0.34197362806357245,0.6786813012482604,0.0,-0.0
SMGR.JK,2025-03-24,1,0.34197362806357245,0.21369030058198296,1.0,0.045669931322120993
SMGR.JK,2025-03-25,1,0.34197362806357245,0.4987113877294339,0.0,-0.0025
SMGR.JK,2025-03-26,1,0.3393115085979722,0.4652047360986715,0.0,0.0
SMGR.JK,2025-03-27,1,0.3393115085979722,0.24037212533588692,0.0,-0.0
SMGR.JK,2025-04-08,0,0.3373704800542314,0.23378614077242263,0.0,-0.0
SMGR.JK,2025-04-09,1,0.34197362806357245,0.6749964817876061,0.0,-0.0
SMGR.JK,2025-04-10,0,0.3373704800542314,0.5674901674980279,1.0,0.03199278239743292
SMGR.JK,2025-04-11,1,0.34197362806357245,0.5243784307924615,0.0,-0.0025
SMGR.JK,2025-04-14,1,0.3393115085979722,0.7366600072339913,0.0,0.0
SMGR.JK,2025-04-15,1,0.3393115085979722,0.6337766796536453,1.0,0.014760203343370528
SMGR.JK,2025-04-16,1,0.3393115085979722,0.298538389648871,1.0,-0.019999946580241734
SMGR.JK,2025-04-17,1,0.3393115085979722,0.46123224467709123,0.0,-0.0025
SMGR.JK,2025-04-21,0,0.33383477848970666,0.28121775551162015,0.0,-0.0
SMGR.JK,2025-04-22,1,0.3393115085979722,0.4314117936863597,0.0,0.0
SMGR.JK,2025-04-23,1,0.3393115085979722,0.5045591294500639,0.0,0.0
SMGR.JK,2025-04-24,0,0.33383477848970666,0.7947038813466583,0.0,-0.0
SMGR.JK,2025-04-25,1,0.3393115085979722,0.4046810740061188,0.0,0.0
SMGR.JK,2025-04-28,0,0.33383477848970666,0.5014517516685622,0.0,-0.0
SMGR.JK,2025-04-29,0,0.33383477848970666,0.6272198317255282,0.0,-0.0
SMGR.JK,2025-04-30,1,0.3393115085979722,0.4815357595294519,0.0,0.0
SMGR.JK,2025-05-02,0,0.33383477848970666,0.6904499246641442,0.0,-0.0
SMGR.JK,2025-05-05,0,0.33383477848970666,0.6139585005994345,0.0,0.0
SMGR.JK,2025-05-06,1,0.34197362806357245,0.2320067796792741,0.0,0.0
SMGR.JK,2025-05-07,1,0.3442695879550561,0.3420341393708579,0.0,-0.0
SMGR.JK,2025-05-08,0,0.33602240326869515,0.5758261048314242,0.0,-0.0
SMGR.JK,2025-05-09,0,0.33383477848970666,0.17786620137550416,0.0,-0.0
SMGR.JK,2025-05-14,0,0.33383477848970666,0.1966828696538438,0.0,0.0
SMGR.JK,2025-05-15,0,0.33383477848970666,0.3538531982559006,0.0,0.0
SMGR.JK,2025-05-16,0,0.33383477848970666,0.43551469605038573,0.0,0.0
SMGR.JK,2025-05-19,0,0.33383477848970666,0.5415651744243534,0.0,0.0
SMGR.JK,2025-05-20,0,0.33383477848970666,0.47127227106018715,0.0,-0.0
SMGR.JK,2025-05-21,0,0.33383477848970666,0.3771492046067895,0.0,0.0
SMGR.JK,2025-05-22,1,0.3393115085979722,0.2860524576651536,0.0,0.0
SMGR.JK,2025-05-23,1,0.3393115085979722,0.24465627316784153,0.0,0.0
SMGR.JK,2025-05-26,1,0.3393115085979722,0.4763414114038003,0.0,0.0
SMGR.JK,2025-05-27,1,0.3393115085979722,0.6455750686683577,0.0,-0.0
SMGR.JK,2025-05-28,1,0.3393115085979722,0.5299720759468852,1.0,-0.012063406073802461
SMGR.JK,2025-06-02,0,0.33383477848970666,0.18081278617891158,0.0,-0.0025
SMGR.JK,2025-06-03,0,0.33383477848970666,0.23821729989263543,0.0,0.0
SMGR.JK,2025-06-04,0,0.33383477848970666,0.19619107206582856,0.0,-0.0
SMGR.JK,2025-06-05,0,0.33383477848970666,0.1474357757538521,0.0,0.0
SMGR.JK,2025-06-10,1,0.3393115085979722,0.6380800031236099,0.0,0.0
SMGR.JK,2025-06-11,1,0.3393115085979722,0.4401555965934696,1.0,-0.015437237072998765
SMGR.JK,2025-06-12,1,0.3393115085979722,0.6700511019318149,0.0,-0.0025
SMGR.JK,2025-06-13,0,0.33383477848970666,0.8057339760521244,1.0,-0.00834929296580028
SMGR.JK,2025-06-16,0,0.33383477848970666,0.29714701565710766,0.0,-0.0025
SMGR.JK,2025-06-17,0,0.33383477848970666,0.14879518709274245,0.0,0.0
SMGR.JK,2025-06-18,0,0.33383477848970666,0.13753768047302078,0.0,-0.0
SMGR.JK,2025-06-19,0,0.33383477848970666,0.562179951143532,0.0,-0.0
SMGR.JK,2025-06-20,0,0.33383477848970666,0.20255370843306653,0.0,-0.0
SMGR.JK,2025-06-23,0,0.33383477848970666,0.33275805816699716,0.0,-0.0
SMGR.JK,2025-06-24,0,0.33383477848970666,0.37264638380387965,0.0,0.0
SMGR.JK,2025-06-25,0,0.33383477848970666,0.41485955122851875,0.0,0.0
SMGR.JK,2025-06-26,0,0.3373704800542314,0.3075557671870657,0.0,-0.0
SMGR.JK,2025-06-30,0,0.3373704800542314,0.30818042666282575,0.0,0.0
SMGR.JK,2025-07-01,0,0.3373704800542314,0.21305899748698096,0.0,-0.0
SMGR.JK,2025-07-02,0,0.3373704800542314,0.21976707078673957,0.0,-0.0
SMGR.JK,2025-07-03,0,0.33383477848970666,0.16528582837045827,0.0,0.0
SMGR.JK,2025-07-04,0,0.3373704800542314,0.2537605606645209,0.0,-0.0
SMGR.JK,2025-07-07,0,0.3373704800542314,0.22578478083949097,0.0,0.0
SMGR.JK,2025-07-08,0,0.3373704800542314,0.13697108703400718,0.0,0.0
SMGR.JK,2025-07-09,1,0.34197362806357245,0.16943783034161847,0.0,0.0
SMGR.JK,2025-07-10,0,0.3373704800542314,0.22676505689514573,0.0,0.0
SMGR.JK,2025-07-11,1,0.34197362806357245,0.187643266440952,0.0,0.0
SMGR.JK,2025-07-14,1,0.3442695879550561,0.15227860017135195,0.0,-0.0
SMGR.JK,2025-07-15,1,0.3442695879550561,0.22577381371442956,0.0,-0.0
SMGR.JK,2025-07-16,0,0.3396048443202736,0.17108726224542212,0.0,0.0
SMGR.JK,2025-07-17,1,0.34197362806357245,0.42284091932196255,0.0,-0.0
SMGR.JK,2025-07-18,1,0.34197362806357245,0.5950819312931552,0.0,-0.0
SMGR.JK,2025-07-21,1,0.34197362806357245,0.5454426573259764,0.0,-0.0
SMGR.JK,2025-07-22,1,0.34197362806357245,0.5246067833839821,0.0,-0.0
SMGR.JK,2025-07-23,1,0.34197362806357245,0.6094975066578332,0.0,0.0
SMGR.JK,2025-07-24,0,0.3373704800542314,0.5549872146347322,1.0,0.010645759555463043
SMGR.JK,2025-07-25,1,0.34197362806357245,0.42277723726371297,0.0,-0.0025
SMGR.JK,2025-07-28,1,0.34197362806357245,0.5146439298085461,0.0,0.0
SMGR.JK,2025-07-29,0,0.3373704800542314,0.2945385332770902,0.0,0.0
SMGR.JK,2025-07-30,1,0.34197362806357245,0.15887758519182896,0.0,-0.0
SMGR.JK,2025-07-31,1,0.34197362806357245,0.1890266192627376,0.0,-0.0
SMGR.JK,2025-08-01,1,0.34197362806357245,0.19667281252790197,0.0,0.0
SMGR.JK,2025-08-04,1,0.34197362806357245,0.18137868162699797,0.0,-0.0
SMGR.JK,2025-08-05,1,0.34197362806357245,0.391710309158472,0.0,0.0
SMGR.JK,2025-08-06,1,0.34197362806357245,0.26091516623427685,0.0,0.0
SMGR.JK,2025-08-07,1,0.34197362806357245,0.14854615806295657,0.0,-0.0
SMGR.JK,2025-08-08,1,0.34197362806357245,0.2080784119504637,0.0,-0.0
SMGR.JK,2025-08-11,0,0.3373704800542314,0.3921272934623629,0.0,0.0
SMGR.JK,2025-08-12,0,0.3373704800542314,0.2752578052416194,0.0,-0.0
SMGR.JK,2025-08-13,1,0.34197362806357245,0.27297728258612286,0.0,0.0
SMGR.JK,2025-08-14,0,0.3373704800542314,0.5517182956951242,0.0,0.0
SMGR.JK,2025-08-15,0,0.33383477848970666,0.14303501748506148,0.0,-0.0
SMGR.JK,2025-08-19,0,0.33383477848970666,0.4244117773069943,0.0,0.0
SMGR.JK,2025-08-20,1,0.3393115085979722,0.47641208039826616,0.0,0.0
SMGR.JK,2025-08-21,0,0.33383477848970666,0.4751609415984055,0.0,-0.0
SMGR.JK,2025-08-22,0,0.33383477848970666,0.3169816268625198,0.0,-0.0
SMGR.JK,2025-08-25,0,0.33383477848970666,0.28753523059744995,0.0,0.0
SMGR.JK,2025-08-26,0,0.33383477848970666,0.34104436113923325,0.0,-0.0
SMGR.JK,2025-08-27,0,0.33383477848970666,0.09347643315979676,0.0,-0.0
SMGR.JK,2025-08-28,0,0.33383477848970666,0.2526421015905601,0.0,0.0
SMGR.JK,2025-08-29,0,0.33383477848970666,0.4872928883741717,0.0,-0.0
SMGR.JK,2025-09-01,0,0.33383477848970666,0.5705157028549933,0.0,0.0
SMGR.JK,2025-09-02,0,0.33383477848970666,0.374396596804913,0.0,-0.0
SMGR.JK,2025-09-03,0,0.33383477848970666,0.6090607651997283,0.0,0.0
SMGR.JK,2025-09-04,0,0.33383477848970666,0.31213033490270997,0.0,-0.0
SMGR.JK,2025-09-08,0,0.33383477848970666,0.2080051538305597,0.0,0.0
SMGR.JK,2025-09-09,0,0.33383477848970666,0.09384278649157271,0.0,-0.0
SMGR.JK,2025-09-10,0,0.33383477848970666,0.09855347237859835,0.0,-0.0
SMGR.JK,2025-09-11,0,0.33383477848970666,0.3958199314900115,0.0,0.0
SMGR.JK,2025-09-12,0,0.33383477848970666,0.4983477953768839,0.0,0.0
SMGR.JK,2025-09-15,0,0.33383477848970666,0.5653875775650413,0.0,0.0
SMGR.JK,2025-09-16,0,0.33383477848970666,0.45354343368396627,0.0,0.0
SMGR.JK,2025-09-17,1,0.3393115085979722,0.41916510641255733,0.0,0.0
SMGR.JK,2025-09-18,0,0.33602240326869515,0.26382864371437054,0.0,-0.0
SMGR.JK,2025-09-19,0,0.33602240326869515,0.3912914974728571,0.0,-0.0
SMGR.JK,2025-09-22,1,0.3415717433483297,0.25468356578664586,0.0,0.0
SMGR.JK,2025-09-23,1,0.3415717433483297,0.2312671295284926,0.0,0.0
SMGR.JK,2025-09-24,0,0.33602240326869515,0.3794479740465351,0.0,-0.0
SMGR.JK,2025-09-25,0,0.33602240326869515,0.11832965209787812,0.0,-0.0
SMGR.JK,2025-09-26,0,0.33602240326869515,0.10588965574765166,0.0,-0.0
SMGR.JK,2025-09-29,0,0.33602240326869515,0.06137478036808827,0.0,0.0
SMGR.JK,2025-09-30,0,0.33602240326869515,0.2982695144757294,0.0,-0.0
SMGR.JK,2025-10-01,0,0.33602240326869515,0.03905771490508456,0.0,-0.0
SMGR.JK,2025-10-02,0,0.3396048443202736,0.14021435293986376,0.0,-0.0
SMGR.JK,2025-10-03,0,0.3396048443202736,0.12011784569234972,0.0,-0.0
SMGR.JK,2025-10-06,0,0.3396048443202736,0.10915640619003263,0.0,0.0
SMGR.JK,2025-10-07,1,0.3442695879550561,0.2646289861158905,0.0,-0.0
SMGR.JK,2025-10-08,1,0.3442695879550561,0.2671399810756998,0.0,-0.0
SMGR.JK,2025-10-09,1,0.3442695879550561,0.36289116254678705,0.0,0.0
SMGR.JK,2025-10-10,1,0.3442695879550561,0.16312598245370064,0.0,0.0
SMGR.JK,2025-10-13,1,0.3442695879550561,0.0639319748752323,0.0,-0.0
SMGR.JK,2025-10-14,1,0.3442695879550561,0.19429169597726934,0.0,-0.0
SMGR.JK,2025-10-15,1,0.34197362806357245,0.2150021400305591,0.0,0.0
SMGR.JK,2025-10-16,1,0.34197362806357245,0.6229676490475772,0.0,-0.0
SMGR.JK,2025-10-17,1,0.34197362806357245,0.5903865057543789,1.0,-0.01389670480025845
SMGR.JK,2025-10-20,1,0.34197362806357245,0.5497743877889887,0.0,-0.0025
SMGR.JK,2025-10-21,1,0.34197362806357245,0.4381205563118351,0.0,0.0
SMGR.JK,2025-10-22,1,0.34197362806357245,0.534585389462063,0.0,0.0
SMGR.JK,2025-10-23,1,0.34197362806357245,0.5677948840933859,0.0,0.0
SMGR.JK,2025-10-24,1,0.34197362806357245,0.3006709386458609,0.0,0.0
SMGR.JK,2025-10-27,1,0.34197362806357245,0.5315013413485483,0.0,0.0
SMGR.JK,2025-10-28,1,0.34197362806357245,0.19521085665562068,0.0,-0.0
SMGR.JK,2025-10-29,0,0.3373704800542314,0.12575819242287017,0.0,0.0
SMGR.JK,2025-10-30,0,0.3373704800542314,0.22260182647761062,0.0,0.0
SMGR.JK,2025-10-31,0,0.33383477848970666,0.11449961756337325,0.0,0.0
SMGR.JK,2025-11-03,0,0.33602240326869515,0.22795796446590283,0.0,0.0
SMGR.JK,2025-11-04,0,0.33602240326869515,0.4469120294481516,0.0,-0.0
SMGR.JK,2025-11-05,0,0.33602240326869515,0.2785007218952348,0.0,0.0
SMGR.JK,2025-11-06,1,0.3415717433483297,0.3200601330322985,0.0,0.0
SMGR.JK,2025-11-07,0,0.33602240326869515,0.42925909350691344,0.0,-0.0
SMGR.JK,2025-11-10,0,0.33383477848970666,0.55362399595523,0.0,-0.0
SMGR.JK,2025-11-11,0,0.33383477848970666,0.6730234997929698,0.0,-0.0
SMGR.JK,2025-11-12,0,0.33383477848970666,0.5532431035193541,0.0,0.0
SMGR.JK,2025-11-13,0,0.33383477848970666,0.5723252536576733,0.0,-0.0
SMGR.JK,2025-11-14,0,0.33383477848970666,0.34757564457275997,0.0,-0.0
SMGR.JK,2025-11-17,0,0.33383477848970666,0.25744931639959084,0.0,0.0
SMGR.JK,2025-11-18,0,0.3373704800542314,0.18467217127494442,0.0,-0.0
SMGR.JK,2025-11-19,0,0.33383477848970666,0.5182464680085642,0.0,0.0
SMGR.JK,2025-11-20,0,0.3373704800542314,0.1409158759318168,0.0,-0.0
SMGR.JK,2025-11-21,0,0.33383477848970666,0.2614625117944529,0.0,0.0
SMGR.JK,2025-11-24,1,0.34197362806357245,0.39201071045494074,0.0,-0.0
SMGR.JK,2025-11-25,1,0.34197362806357245,0.3712998579288896,0.0,-0.0
SMGR.JK,2025-11-26,1,0.3393115085979722,0.4701889393124504,0.0,0.0
SMGR.JK,2025-11-27,1,0.3393115085979722,0.4649709015151938,0.0,-0.0
SMGR.JK,2025-11-28,1,0.3393115085979722,0.7171448538253248,0.0,0.0
SMGR.JK,2025-12-01,1,0.3393115085979722,0.6354341923017063,1.0,-0.015245744584669483
SMGR.JK,2025-12-02,0,0.33383477848970666,0.42631520452985155,1.0,-0.020905855609498203
SMGR.JK,2025-12-03,0,0.33383477848970666,0.29831777925343056,0.0,-0.0025
SMGR.JK,2025-12-04,0,0.3373704800542314,0.13080311334520459,0.0,-0.0
SMGR.JK,2025-12-05,0,0.33383477848970666,0.5409909957008855,0.0,0.0
SMGR.JK,2025-12-08,0,0.33383477848970666,0.3487458173071954,0.0,-0.0
SMGR.JK,2025-12-09,1,0.3393115085979722,0.5052854926458994,0.0,0.0
SMGR.JK,2025-12-10,0,0.33383477848970666,0.22265072842831432,0.0,-0.0
SMGR.JK,2025-12-11,1,0.34187390667031187,0.3646591355594029,0.0,0.0
SMGR.JK,2025-12-12,0,0.33383477848970666,0.24410054696194988,0.0,-0.0
SMGR.JK,2025-12-15,0,0.33383477848970666,0.44712658847507475,0.0,-0.0
SMGR.JK,2025-12-16,0,0.33383477848970666,0.3701415976943848,0.0,0.0
SMGR.JK,2025-12-17,0,0.33383477848970666,0.1637424834702404,0.0,-0.0
SMGR.JK,2025-12-18,0,0.33383477848970666,0.17461760185609596,0.0,-0.0
SMGR.JK,2025-12-19,0,0.3396048443202736,0.1478181021107647,0.0,0.0
SMGR.JK,2025-12-22,0,0.33383477848970666,0.1164986868358877,0.0,0.0
SMGR.JK,2025-12-23,0,0.33383477848970666,0.11738403524737527,0.0,-0.0
SMGR.JK,2025-12-24,1,0.3442695879550561,0.174488473012752,0.0,0.0
SMGR.JK,2025-12-29,1,0.3442695879550561,0.09711596622939199,0.0,-0.0
JSMR.JK,2025-01-02,0,0.06243940934388886,0.46791222254262554,0.0,0.0
JSMR.JK,2025-01-03,0,0.09425545094861738,0.8178534661103829,0.0,0.0
JSMR.JK,2025-01-06,-1,0.10948886248037845,0.7085847583247732,0.0,0.0
JSMR.JK,2025-01-07,-1,0.07978859582728128,0.3689755375017891,0.0,-0.0
JSMR.JK,2025-01-08,-1,0.09397847730195656,0.4431333797269756,0.0,-0.0
JSMR.JK,2025-01-09,-1,0.08213507540956952,0.19470349361500913,0.0,0.0
JSMR.JK,2025-01-10,-1,0.06756560510957661,0.13296254224041462,0.0,0.0
JSMR.JK,2025-01-13,-1,0.16331172822006873,0.7175996116250405,0.0,-0.0
JSMR.JK,2025-01-14,0,0.21085369698045456,0.7712303828048301,0.0,-0.0
JSMR.JK,2025-01-15,0,0.14192527803079596,0.9581447608097274,0.0,0.0
JSMR.JK,2025-01-16,0,0.18358777112250962,0.9538538115983319,0.0,0.0
JSMR.JK,2025-01-17,0,0.17101555712887873,0.976089747195059,0.0,0.0
JSMR.JK,2025-01-20,0,0.1784129897090909,0.9172129600427085,0.0,-0.0
JSMR.JK,2025-01-21,0,0.09240690182278383,0.9327214428174742,0.0,0.0
JSMR.JK,2025-01-22,0,0.08828511876812456,0.9229499988580571,0.0,-0.0
JSMR.JK,2025-01-23,0,0.12776496231435205,0.3671427097411993,0.0,0.0
JSMR.JK,2025-01-24,0,0.09813094743208352,0.5067522520382158,0.0,-0.0
JSMR.JK,2025-01-30,0,0.11080469368796,0.8450364824938771,0.0,-0.0
JSMR.JK,2025-01-31,0,0.23880646003228934,0.9855813807254991,0.0,-0.0
JSMR.JK,2025-02-03,0,0.2953374231516207,0.7426695876498782,0.0,-0.0
JSMR.JK,2025-02-04,0,0.20455813702648962,0.8800454803174148,0.0,0.0
JSMR.JK,2025-02-05,0,0.13624348884167986,0.9339280049639181,0.0,0.0
JSMR.JK,2025-02-06,0,0.14722422378908223,0.9097551145489401,0.0,-0.0
JSMR.JK,2025-02-07,0,0.34634946500985647,0.4868988425108707,0.0,-0.0
JSMR.JK,2025-02-10,0,0.18880658857682212,0.6536863652914142,0.0,-0.0
JSMR.JK,2025-02-11,1,0.44326886400412846,0.4634405563171256,0.0,-0.0
JSMR.JK,2025-02-12,0,0.21991744886567124,0.3232856704915917,0.0,0.0
JSMR.JK,2025-02-13,0,0.17478860843583222,0.4622740762127746,0.0,-0.0
JSMR.JK,2025-02-14,0,0.058320671337158646,0.5204151832350252,0.0,0.0
JSMR.JK,2025-02-17,0,0.14950863904071304,0.9209029637369174,0.0,0.0
JSMR.JK,2025-02-18,0,0.07347209112090858,0.6662905203423446,0.0,0.0
JSMR.JK,2025-02-19,0,0.06270984275662744,0.9675892654698455,0.0,-0.0
JSMR.JK,2025-02-20,0,0.06420781891628066,0.8843321422272491,0.0,0.0
JSMR.JK,2025-02-21,-1,0.06696620223866297,0.899014413166434,0.0,0.0
JSMR.JK,2025-02-24,0,0.05390101229500291,0.9174884837812579,0.0,-0.0
JSMR.JK,2025-02-25,0,0.10643009824145178,0.8013077943773785,0.0,-0.0
JSMR.JK,2025-02-26,0,0.35801673391168964,0.6549717436601447,0.0,-0.0
JSMR.JK,2025-02-27,0,0.18051020861742978,0.5711128818794553,0.0,0.0
JSMR.JK,2025-02-28,1,0.4961039855271085,0.6038850915758401,0.0,-0.0
JSMR.JK,2025-03-03,0,0.21066495178908068,0.5813325032619736,1.0,0.040634855723100716
JSMR.JK,2025-03-04,0,0.2895821851592545,0.5519304681722751,0.0,-0.0025
JSMR.JK,2025-03-05,0,0.4058320400142725,0.7353308882865138,0.0,0.0
JSMR.JK,2025-03-06,0,0.11789846626212998,0.39181316439879554,0.0,0.0
JSMR.JK,2025-03-07,0,0.0537435283865579,0.5002680170308589,0.0,0.0
JSMR.JK,2025-03-10,0,0.035786924537761104,0.4466753224368491,0.0,-0.0
JSMR.JK,2025-03-11,0,0.04806607004812583,0.730976300422469,0.0,-0.0
JSMR.JK,2025-03-12,0,0.060141200363217615,0.5576446051891115,0.0,0.0
JSMR.JK,2025-03-13,0,0.056732755347176395,0.6232751442962284,0.0,-0.0
JSMR.JK,2025-03-14,0,0.05852439870079413,0.7513512162126348,0.0,0.0
JSMR.JK,2025-03-17,0,0.057951524080091334,0.3086478918720655,0.0,0.0
JSMR.JK,2025-03-18,0,0.08550696670734645,0.4278817022764005,0.0,-0.0
JSMR.JK,2025-03-19,0,0.07923638320044572,0.7067467366639955,0.0,0.0
JSMR.JK,2025-03-20,0,0.06672680051566661,0.26022003462054694,0.0,0.0
JSMR.JK,2025-03-21,0,0.13808645792366456,0.699007748536596,0.0,-0.0
JSMR.JK,2025-03-24,0,0.09095535393017264,0.3694528766728108,0.0,0.0
JSMR.JK,2025-03-25,0,0.056388081764883274,0.09542264303460136,0.0,0.0
JSMR.JK,2025-03-26,0,0.07333801367883942,0.17856930023284487,0.0,0.0
JSMR.JK,2025-03-27,0,0.039205476690047446,0.3722916944381396,0.0,-0.0
JSMR.JK,2025-04-08,0,0.0733165488201595,0.6763190546786676,0.0,-0.0
JSMR.JK,2025-04-09,0,0.06761974045840487,0.3666333474263547,0.0,0.0
JSMR.JK,2025-04-10,0,0.11665822059972501,0.6764686831675414,0.0,-0.0
JSMR.JK,2025-04-11,0,0.11187849004699252,0.6759261125714227,0.0,0.0
JSMR.JK,2025-04-14,0,0.05897451568197524,0.16376508646243695,0.0,0.0
JSMR.JK,2025-04-15,0,0.07667174829077615,0.23247242210930236,0.0,0.0
JSMR.JK,2025-04-16,0,0.06383681636410764,0.647277480418288,0.0,-0.0
JSMR.JK,2025-04-17,0,0.03219055525829762,0.19284460861251623,0.0,0.0
JSMR.JK,2025-04-21,0,0.03767126131509192,0.23879655595261784,0.0,0.0
JSMR.JK,2025-04-22,0,0.018878689761230173,0.25212928581251415,0.0,0.0
JSMR.JK,2025-04-23,0,0.03218339933685206,0.27733043845833694,0.0,-0.0
JSMR.JK,2025-04-24,0,0.03845955870227374,0.24183683538644243,0.0,0.0
JSMR.JK,2025-04-25,0,0.03468200517205948,0.37412049036309203,0.0,0.0
JSMR.JK,2025-04-28,0,0.01792689355608573,0.3461941843730955,0.0,0.0
JSMR.JK,2025-04-29,0,0.03607984957843971,0.3983770524195072,0.0,-0.0
JSMR.JK,2025-04-30,0,0.06198833602816959,0.4532828388613743,0.0,-0.0
JSMR.JK,2025-05-02,0,0.16284439572673798,0.7305840498346569,0.0,-0.0
JSMR.JK,2025-05-05,0,0.13027336869966716,0.9698369241360361,0.0,0.0
JSMR.JK,2025-05-06,0,0.3207079510230036,0.9795357893740974,0.0,-0.0
JSMR.JK,2025-05-07,0,0.3322119561540091,0.9823628543214503,0.0,-0.0
JSMR.JK,2025-05-08,1,0.49486154771686125,0.2948390342150555,0.0,-0.0
JSMR.JK,2025-05-09,1,0.5305058656546279,0.7557502477896977,0.0,0.0
JSMR.JK,2025-05-14,1,0.5342690254759312,0.8611767929019135,1.0,0.010845641519003303
JSMR.JK,2025-05-15,1,0.5540448875721249,0.9164492070604937,1.0,-0.007317077306364994
JSMR.JK,2025-05-16,0,0.3387421299855981,0.9019650610247293,1.0,0.0024569819571238494
JSMR.JK,2025-05-19,0,0.205965322631124,0.9463006129475608,0.0,-0.0025
JSMR.JK,2025-05-20,0,0.292785929398741,0.9652381203552263,0.0,-0.0
JSMR.JK,2025-05-21,-1,0.23534477402769122,0.9688982440578903,0.0,0.0
JSMR.JK,2025-05-22,-1,0.20476207110245762,0.9810181013043916,0.0,-0.0
JSMR.JK,2025-05-23,-1,0.16967579922390721,0.9842698363380665,0.0,-0.0
JSMR.JK,2025-05-26,1,0.6248411587748479,0.3016609531312608,0.0,-0.0
JSMR.JK,2025-05-27,1,0.5959244238547542,0.3091255790403037,0.0,-0.0
JSMR.JK,2025-05-28,1,0.374196394567517,0.22004935529288217,0.0,0.0
JSMR.JK,2025-06-02,-1,0.2693791945312244,0.7202244282218916,0.0,0.0
JSMR.JK,2025-06-03,0,0.2336491406981781,0.43310279378812333,0.0,-0.0
JSMR.JK,2025-06-04,-1,0.1792033004300543,0.3563585270158553,0.0,-0.0
JSMR.JK,2025-06-05,-1,0.25962404756048013,0.3046275843842445,0.0,-0.0
JSMR.JK,2025-06-10,-1,0.17969268058368815,0.6656485028281223,0.0,0.0
JSMR.JK,2025-06-11,0,0.1212601584526192,0.8327224336457606,0.0,0.0
JSMR.JK,2025-06-12,0,0.1230888167702924,0.8692887588837863,0.0,-0.0
JSMR.JK,2025-06-13,-1,0.16887858277567597,0.9579088480279865,0.0,-0.0
JSMR.JK,2025-06-16,-1,0.22280094614188178,0.938666153591629,0.0,-0.0
JSMR.JK,2025-06-17,-1,0.11070418938476621,0.982641016221289,0.0,0.0
JSMR.JK,2025-06-18,-1,0.17310599520571193,0.9915029715425715,0.0,-0.0
JSMR.JK,2025-06-19,0,0.15594689007416448,0.9373447137955524,0.0,-0.0
JSMR.JK,2025-06-20,0,0.20417942286655835,0.7135993476181,0.0,-0.0
JSMR.JK,2025-06-23,0,0.2925368664324365,0.188181047019352,0.0,-0.0
JSMR.JK,2025-06-24,0,0.15193965922571787,0.14767420672147422,0.0,0.0
JSMR.JK,2025-06-25,0,0.20210926447933808,0.06485266358023783,0.0,-0.0
JSMR.JK,2025-06-26,0,0.183189969366652,0.09289418927679022,0.0,-0.0
JSMR.JK,2025-06-30,0,0.09829193200090043,0.08482420207755188,0.0,0.0
JSMR.JK,2025-07-01,0,0.11694244836544607,0.09330913223327517,0.0,-0.0
JSMR.JK,2025-07-02,0,0.20740234984766281,0.19735663900997896,0.0,-0.0
JSMR.JK,2025-07-03,0,0.10036390459249993,0.10008643201484309,0.0,0.0
JSMR.JK,2025-07-04,0,0.08905740352345126,0.5246210920227261,0.0,0.0
JSMR.JK,2025-07-07,0,0.12002378878679183,0.9613311830078631,0.0,0.0
JSMR.JK,2025-07-08,-1,0.08562910958337996,0.9612119580751702,0.0,0.0
JSMR.JK,2025-07-09,-1,0.08003249603311169,0.7824695352674725,0.0,0.0
JSMR.JK,2025-07-10,-1,0.05042674403721802,0.7313836805828456,0.0,0.0
JSMR.JK,2025-07-11,-1,0.07950038853771951,0.86513646853743,0.0,-0.0
JSMR.JK,2025-07-14,-1,0.13557144265518076,0.7610213960494361,0.0,-0.0
JSMR.JK,2025-07-15,-1,0.12333457722874192,0.7284493239181807,0.0,-0.0
JSMR.JK,2025-07-16,-1,0.08828906501460289,0.836329209950837,0.0,0.0
JSMR.JK,2025-07-17,-1,0.057696580550133617,0.8166350226389611,0.0,0.0
JSMR.JK,2025-07-18,-1,0.05239717265658621,0.7814317351224418,0.0,0.0
JSMR.JK,2025-07-21,-1,0.10231360017799054,0.9025829988698452,0.0,-0.0
JSMR.JK,2025-07-22,-1,0.08347795713570524,0.6482839031342427,0.0,0.0
JSMR.JK,2025-07-23,-1,0.05842815845428728,0.5868927029870201,0.0,0.0
JSMR.JK,2025-07-24,-1,0.06610013326720278,0.7024065133764587,0.0,0.0
JSMR.JK,2025-07-25,-1,0.0909304574187139,0.8125417258426513,0.0,-0.0
JSMR.JK,2025-07-28,-1,0.06011477291616527,0.8230313553456324,0.0,0.0
JSMR.JK,2025-07-29,-1,0.06402785370921006,0.7655826771866008,0.0,-0.0
JSMR.JK,2025-07-30,-1,0.0639663369996583,0.7924542411426155,0.0,-0.0
JSMR.JK,2025-07-31,-1,0.06703863424414355,0.7092621421862841,0.0,-0.0
JSMR.JK,2025-08-01,-1,0.04720347894231245,0.6267156236377535,0.0,0.0
JSMR.JK,2025-08-04,-1,0.08056513043294117,0.8763448810861051,0.0,-0.0
JSMR.JK,2025-08-05,-1,0.0833147073869328,0.9482332528028684,0.0,0.0
JSMR.JK,2025-08-06,-1,0.05543732185510428,0.9207118987945111,0.0,0.0
JSMR.JK,2025-08-07,-1,0.06012657474960419,0.933570653387779,0.0,-0.0
JSMR.JK,2025-08-08,-1,0.057565611560224,0.9510023714272332,0.0,-0.0
JSMR.JK,2025-08-11,-1,0.05056038473535978,0.784738370350082,0.0,0.0
JSMR.JK,2025-08-12,-1,0.09521517854712093,0.17515131214600904,0.0,0.0
JSMR.JK,2025-08-13,-1,0.11102660833717416,0.5188429871127509,0.0,-0.0
JSMR.JK,2025-08-14,-1,0.10928340823965099,0.19465872561863298,0.0,-0.0
JSMR.JK,2025-08-15,-1,0.09136380594659728,0.2500377882121755,0.0,-0.0
JSMR.JK,2025-08-19,-1,0.1525572501493786,0.2550744231413208,0.0,-0.0
JSMR.JK,2025-08-20,-1,0.19597186161414953,0.7303980003426737,0.0,-0.0
JSMR.JK,2025-08-21,1,0.3393348342952067,0.5128252224556868,0.0,-0.0
JSMR.JK,2025-08-22,1,0.4410146415279166,0.6514923940662805,0.0,-0.0
JSMR.JK,2025-08-25,0,0.3424909440658653,0.4327694882312952,1.0,0.03475375952170473
JSMR.JK,2025-08-26,0,0.2892012816669847,0.19638724591641366,0.0,-0.0025
JSMR.JK,2025-08-27,0,0.28472251676140947,0.08706186631271487,0.0,-0.0
JSMR.JK,2025-08-28,0,0.2792087344995953,0.1745007113180235,0.0,-0.0
JSMR.JK,2025-08-29,0,0.22792260167044545,0.16375873326410081,0.0,-0.0
JSMR.JK,2025-09-01,1,0.40947883986321115,0.8432952251528832,0.0,-0.0
JSMR.JK,2025-09-02,0,0.26342213527611713,0.8819267574745944,1.0,0.010621206449211775
JSMR.JK,2025-09-03,0,0.23957423018784874,0.24939066573526414,0.0,-0.0025
JSMR.JK,2025-09-04,0,0.24395248368701303,0.48303880381533015,0.0,0.0
JSMR.JK,2025-09-08,0,0.21527406855061115,0.3533585502916069,0.0,-0.0
JSMR.JK,2025-09-09,0,0.2514569747729141,0.8446612419051128,0.0,-0.0
JSMR.JK,2025-09-10,0,0.18939054151054305,0.43160176494054475,0.0,0.0
JSMR.JK,2025-09-11,-1,0.22890874030744326,0.20097476683538432,0.0,0.0
JSMR.JK,2025-09-12,-1,0.06672915656281043,0.1670151119742402,0.0,0.0
JSMR.JK,2025-09-15,-1,0.039137337586585934,0.03572693753253937,0.0,0.0
JSMR.JK,2025-09-16,-1,0.03283399365652366,0.06586575083037072,0.0,0.0
JSMR.JK,2025-09-17,-1,0.029867721406996235,0.06001431837869779,0.0,0.0
JSMR.JK,2025-09-18,-1,0.03148280717087619,0.11398067131887667,0.0,0.0
JSMR.JK,2025-09-19,-1,0.0771193714117666,0.15423968772143393,0.0,-0.0
JSMR.JK,2025-09-22,-1,0.052612938623008414,0.11435319987116602,0.0,0.0
JSMR.JK,2025-09-23,-1,0.023526069678175464,0.03143533064022054,0.0,0.0
JSMR.JK,2025-09-24,-1,0.034837180123114056,0.13591426874872783,0.0,0.0
JSMR.JK,2025-09-25,-1,0.03962934075652661,0.14697892648512098,0.0,-0.0
JSMR.JK,2025-09-26,-1,0.04030054903203552,0.15260979643202918,0.0,0.0
JSMR.JK,2025-09-29,-1,0.02488323701278019,0.153663873789516,0.0,0.0
JSMR.JK,2025-09-30,-1,0.24357102045897902,0.2064389862520344,0.0,-0.0
JSMR.JK,2025-10-01,-1,0.2662182662063336,0.6528399857496138,0.0,-0.0
JSMR.JK,2025-10-02,-1,0.25575931098142257,0.43876254614808446,0.0,0.0
JSMR.JK,2025-10-03,-1,0.2573836370772055,0.080941345493314,0.0,0.0
JSMR.JK,2025-10-06,-1,0.24058421635758795,0.1577500616796942,0.0,-0.0
JSMR.JK,2025-10-07,0,0.22683125636743945,0.20343375014974838,0.0,-0.0
JSMR.JK,2025-10-08,0,0.15274868980718637,0.10289044931114896,0.0,-0.0
JSMR.JK,2025-10-09,0,0.08680840702721479,0.07135569007322655,0.0,0.0
JSMR.JK,2025-10-10,0,0.1918571895883459,0.7333929087681738,0.0,-0.0
JSMR.JK,2025-10-13,0,0.08365977992898845,0.525870755138058,0.0,0.0
JSMR.JK,2025-10-14,0,0.11044650060455499,0.5962338549904044,0.0,-0.0
JSMR.JK,2025-10-15,0,0.07529473068179478,0.22592664323290865,0.0,0.0
JSMR.JK,2025-10-16,0,0.07138221023355026,0.3015295816929708,0.0,-0.0
JSMR.JK,2025-10-17,0,0.05431972513268713,0.3827153782213818,0.0,-0.0
JSMR.JK,2025-10-20,0,0.041422465197168405,0.6366398279025252,0.0,0.0
JSMR.JK,2025-10-21,0,0.030690551515403026,0.11170768428957499,0.0,0.0
JSMR.JK,2025-10-22,0,0.035876058707989406,0.10418083929483606,0.0,0.0
JSMR.JK,2025-10-23,0,0.023082638849922087,0.1478487760809992,0.0,-0.0
JSMR.JK,2025-10-24,0,0.10471669468369552,0.2827219843108677,0.0,-0.0
JSMR.JK,2025-10-27,0,0.06263789334284028,0.6314144586853936,0.0,0.0
JSMR.JK,2025-10-28,0,0.12441334919431984,0.815751563271321,0.0,-0.0
JSMR.JK,2025-10-29,0,0.18326223926434526,0.8046588956291316,0.0,-0.0
JSMR.JK,2025-10-30,1,0.5320841402357042,0.2025038831860514,0.0,-0.0
JSMR.JK,2025-10-31,1,0.47914394146487277,0.07382611836308166,0.0,-0.0
JSMR.JK,2025-11-03,0,0.36934284343435725,0.05492659919177976,0.0,0.0
JSMR.JK,2025-11-04,1,0.46874073449314074,0.08632399322611584,0.0,-0.0
JSMR.JK,2025-11-05,0,0.34782527127946,0.06795488498118682,0.0,0.0
JSMR.JK,2025-11-06,0,0.24779770659495462,0.17613910160773766,0.0,0.0
JSMR.JK,2025-11-07,0,0.26336232785588376,0.5664558714013267,0.0,0.0
JSMR.JK,2025-11-10,0,0.26070462305652986,0.24386053555139334,0.0,-0.0
JSMR.JK,2025-11-11,-1,0.1712078790758628,0.40854375627787753,0.0,-0.0
JSMR.JK,2025-11-12,-1,0.2089938215439888,0.30823055329850674,0.0,0.0
JSMR.JK,2025-11-13,-1,0.20191624272668368,0.5540025636550525,0.0,0.0
JSMR.JK,2025-11-14,-1,0.39057893277307965,0.7289683247452715,0.0,-0.0
JSMR.JK,2025-11-17,-1,0.3944403727281733,0.6455098997654645,0.0,0.0
JSMR.JK,2025-11-18,-1,0.3283468024672551,0.7365093903212242,0.0,0.0
JSMR.JK,2025-11-19,-1,0.2695535947524274,0.8661357737434461,0.0,0.0
JSMR.JK,2025-11-20,-1,0.30266407693436104,0.8022151185695859,0.0,0.0
JSMR.JK,2025-11-21,-1,0.3393511136610369,0.8596341025408165,0.0,-0.0
JSMR.JK,2025-11-24,-1,0.3538688246909356,0.837360707433743,0.0,0.0
JSMR.JK,2025-11-25,-1,0.2804903615302208,0.826283767221444,0.0,0.0
JSMR.JK,2025-11-26,-1,0.3208760783944552,0.8109674317347045,0.0,-0.0
JSMR.JK,2025-11-27,-1,0.40756497984720397,0.9296003135110784,0.0,-0.0
JSMR.JK,2025-11-28,-1,0.43961993547729417,0.8284947513887975,0.0,-0.0
JSMR.JK,2025-12-01,1,0.46237287814905537,0.8725456529273381,0.0,-0.0
JSMR.JK,2025-12-02,1,0.450988905291675,0.8317985382841367,1.0,-0.0015
JSMR.JK,2025-12-03,-1,0.4095645663209906,0.6519461212725646,1.0,0.0058139508785117755
JSMR.JK,2025-12-04,-1,0.3717516917059009,0.7060000471028436,0.0,-0.0025
JSMR.JK,2025-12-05,-1,0.4176986936637564,0.6730487336400732,0.0,0.0
JSMR.JK,2025-12-08,-1,0.3005391551854918,0.74827437852913,0.0,0.0
JSMR.JK,2025-12-09,-1,0.4070557151273492,0.7691651434780953,0.0,-0.0
JSMR.JK,2025-12-10,1,0.41478738367929757,0.6966602493139654,0.0,0.0
JSMR.JK,2025-12-11,-1,0.3593813039544523,0.7707480951452871,1.0,-0.010323525404319854
JSMR.JK,2025-12-12,-1,0.3218825550357396,0.7906826088897123,0.0,-0.0025
JSMR.JK,2025-12-15,-1,0.38078247475352434,0.7226736976656183,0.0,-0.0
JSMR.JK,2025-12-16,-1,0.27102154011238544,0.7683935327339664,0.0,0.0
JSMR.JK,2025-12-17,-1,0.3463988946868475,0.81961733150759,0.0,0.0
JSMR.JK,2025-12-18,-1,0.24082591254991648,0.6723414745784912,0.0,0.0
JSMR.JK,2025-12-19,-1,0.2423177797044438,0.2505464629469691,0.0,0.0
JSMR.JK,2025-12-22,-1,0.22002933955729706,0.18031044605375143,0.0,-0.0
JSMR.JK,2025-12-23,-1,0.2537683422303841,0.18212122601076758,0.0,-0.0
JSMR.JK,2025-12-24,0,0.1885014812904727,0.05638779557015083,0.0,-0.0
JSMR.JK,2025-12-29,-1,0.1163051538047589,0.14290093025962838,0.0,0.0
